canonical_smiles,molecule_chembl_id,standard_value,target_chembl_id,value
CC(C)CN(Sc1ccc2c(c1)CCO2)[C@H](CO)CCCCNC(=O)[C@@H](Cc1cccc2ccccc12)NC(=O)N1CCOCC1,CHEMBL3670888,0.995,CHEMBL3638323,0.995
CC(C)CN(Sc1ccc2c(c1)OCCO2)[C@H](CO)CCCCNC(=O)[C@@H](Cc1cccc2ccccc12)NC(=O)N1CCOCC1,CHEMBL3670889,2.024,CHEMBL3638323,2.024
CC(C)CN([C@H](CO)CCCCNC(=O)[C@H](Cc1ccccc1Br)NC(=O)N1CCOCC1)S(=O)(=O)c1ccc2c(c1)CCO2,CHEMBL3670890,0.599,CHEMBL3638323,0.599
Cc1c(O)cccc1C(=O)N[C@@H](Cc1ccccc1Br)C(=O)NCCCC[C@@H](CO)N(CC(C)C)S(=O)(=O)c1ccc(N)cc1,CHEMBL3670886,0.6,CHEMBL3638323,0.6
CC(C)CN([C@H](CO)CCCCNC(=O)[C@H](Cc1ccccc1Br)NC(=O)c1cccc(=O)[nH]1)S(=O)(=O)c1ccc(N)cc1,CHEMBL3670887,0.29,CHEMBL3638323,0.29
Cc1ccccc1C[C@H](NC(=O)c1cccnc1)C(=O)NCCCC[C@@H](CO)N(CC(C)C)S(=O)(=O)c1ccc(N)cc1,CHEMBL3670897,1.417,CHEMBL3638323,1.417
O=C(O)CNC(=O)c1c(=O)oc(O)c2cc(Br)ccc12,CHEMBL3670829,1.286,CHEMBL3638323,1.286
C[C@H](NC(=O)c1c(=O)oc(O)c2cccc(-c3cccc(C(F)(F)F)c3)c12)C(=O)O,CHEMBL3670898,1.353,CHEMBL3638323,1.353
Cc1ccccc1C[C@H](NC(=O)c1cccc(C)c1O)C(=O)NCCCC[C@@H](CO)N(CC(C)C)S(=O)(=O)c1ccc(N)cc1,CHEMBL3670899,4.122,CHEMBL3638323,4.122
COC(=O)N[C@@H](CC1CCCCC1)C(=O)NCCCC[C@@H](CO)N(CC(C)C)S(=O)(=O)c1ccc(N)cc1,CHEMBL3670901,5.212,CHEMBL3638323,5.212
CC(C)CN([C@H](CO)CCCCNC(=O)[C@H](CC1CCCCC1)NC(=O)c1cccnc1)S(=O)(=O)c1ccc(N)cc1,CHEMBL3670902,2.876,CHEMBL3638323,2.876
Cc1ccc(C(=O)N[C@@H](CC2CCCCC2)C(=O)NCCCC[C@@H](CO)N(CC(C)C)S(=O)(=O)c2ccc(N)cc2)cn1,CHEMBL3670903,3.314,CHEMBL3638323,3.314
COC(=O)N[C@H](C(=O)NCCCC[C@H](CO)N(CC(C)C)S(=O)(=O)c1cccc2cccnc12)C(c1ccccc1)c1ccccc1,CHEMBL3639697,2.55,CHEMBL3638323,2.55
CC(C)CN([C@H](CO)CCCCNC(=O)[C@H](Cc1ccccc1Cl)NC(=O)c1ccncc1)S(=O)(=O)c1ccc(N)cc1,CHEMBL3670895,3.81,CHEMBL3638323,3.81
Cc1ncccc1C(=O)N[C@@H](Cc1ccccc1Cl)C(=O)NCCCC[C@@H](CO)N(CC(C)C)S(=O)(=O)c1ccc(N)cc1,CHEMBL3670896,2.15,CHEMBL3638323,2.15
CC(C)CN([C@H](CO)CCCCNC(=O)[C@H](CC1=C(Br)CCC=C1)NC(=O)N1CCOCC1)S(=O)(=O)c1ccc2c(c1)OCCO2,CHEMBL3670891,3.659,CHEMBL3638323,3.659
COC(=O)N[C@H](C(=O)NCCCC[C@@H](CO)N(CC(C)C)S(=O)(=O)c1ccc2c(c1)CCO2)C(C1=CC=CCC1)c1ccccc1,CHEMBL3670892,0.899,CHEMBL3638323,0.899
CC(C)CN([C@H](CO)CCCCNC(=O)[C@@H](NC(=O)N1CCOCC1)C(c1ccccc1)c1ccccc1)S(=O)(=O)c1ccc2c(c1)CCO2,CHEMBL3670893,0.963,CHEMBL3638323,0.963
COC(=O)N[C@H](C(=O)NCCCC[C@H](CO)N(CC(C)C)S(=O)(=O)c1ccc2c(c1)N(C)CCO2)C(c1ccccc1)c1ccccc1,CHEMBL3670894,3.011,CHEMBL3638323,3.011
Cc1cccnc1C(=O)N[C@@H](Cc1ccccc1Br)C(=O)NCCCC[C@@H](CO)N(CC(C)C)S(=O)(=O)c1ccc(N)cc1,CHEMBL3670883,0.503,CHEMBL3638323,0.503
Cc1ccc(C(=O)N[C@@H](Cc2ccccc2Br)C(=O)NCCCC[C@@H](CO)N(CC(C)C)S(=O)(=O)c2ccc(N)cc2)cc1O,CHEMBL3670884,0.683,CHEMBL3638323,0.683
CC(C)CN([C@H](CO)CCCCNC(=O)[C@H](Cc1ccccc1Br)NC(=O)OCc1ccncc1)S(=O)(=O)c1ccc(N)cc1,CHEMBL3670885,0.92,CHEMBL3638323,0.92
CC(C)CN([C@H](CO)CCCCNC(=O)[C@H](Cc1ccc2ccccc2c1)NS(=O)(=O)c1ccc2c(c1)OCCC2C)S(=O)(=O)c1ccc(N)cc1,CHEMBL3670863,4.95,CHEMBL3638323,4.95
CCC(=O)NC(=O)N(C)CC(=O)N[C@@H](Cc1ccc2ccccc2c1)C(=O)NCCCC[C@@H](CO)N(CC(C)C)S(=O)(=O)c1ccc(N)cc1,CHEMBL3670864,0.878,CHEMBL3638323,0.878
CC(C)CN([C@H](CO)CCCCNC(=O)[C@H](Cc1ccc2ccccc2c1)NCc1ccccn1)S(=O)(=O)c1ccc(N)cc1,CHEMBL3670865,5.898,CHEMBL3638323,5.898
CC(C)CN([C@H](CO)CCCCNC(=O)[C@@H](NS(=O)(=O)c1cccs1)C(c1ccccc1)c1ccccc1)S(=O)(=O)c1ccc(N)cc1,CHEMBL3670866,0.601,CHEMBL3638323,0.601
CN[C@H](C(=O)NCCCC[C@@H](CO)N(CC(C)C)S(=O)(=O)c1ccc(N)cc1)C(c1ccccc1)C1C=CC=CC1,CHEMBL3670867,0.436,CHEMBL3638323,0.436
CC(C)CN([C@H](CO)CCCCNC(=O)[C@@H](NC(=O)NCC1=CCCN=C1)C(c1ccccc1)c1ccccc1)S(=O)(=O)c1ccc(N)cc1,CHEMBL3670868,0.465,CHEMBL3638323,0.465
CC(C)CN([C@H](CO)CCCCNC(=O)[C@@H](NC(=O)NCc1ccncc1)C(c1ccccc1)c1ccccc1)S(=O)(=O)c1ccc(N)cc1,CHEMBL3670869,0.51,CHEMBL3638323,0.51
Cc1ccc(C(=O)N[C@@H](Cc2ccccc2C)C(=O)NCCCC[C@@H](CO)N(CC(C)C)S(=O)(=O)c2ccc(N)cc2)cc1O,CHEMBL3670900,0.938,CHEMBL3638323,0.938
COC(=O)N[C@H](C(=O)NCCCCC(C(N)=O)N(CC(C)C)S(=O)(=O)c1ccc(N)cc1)C(c1ccccc1)c1ccccc1,CHEMBL3670874,1.08,CHEMBL3638323,1.08
COC(=O)N[C@H](C(=O)NCCCC[C@@H](CO)N(Cc1cccnc1)S(=O)(=O)c1ccc(N)cc1)C(c1ccccc1)c1ccccc1,CHEMBL3670871,1.007,CHEMBL3638323,1.007
Cc1ncccc1C(=O)N[C@@H](Cc1ccccc1Br)C(=O)NCCCC[C@@H](CO)N(CC(C)C)S(=O)(=O)c1ccc(N)cc1,CHEMBL3670880,0.58,CHEMBL3638323,0.58
Cc1ccc(C(=O)N[C@@H](Cc2ccccc2Br)C(=O)NCCCC[C@@H](CO)N(CC(C)C)S(=O)(=O)c2ccc(N)cc2)cn1,CHEMBL3670881,0.567,CHEMBL3638323,0.567
CC(C)CN([C@H](CO)CCCCNC(=O)[C@@H](Cc1ccccc1Br)NC(=O)c1ccc2c(c1)OCO2)S(=O)(=O)c1ccc(N)cc1,CHEMBL3670878,0.336,CHEMBL3638323,0.336
CC(C)CN([C@H](CO)CCCCNC(=O)C(Cc1ccccc1Br)NC(=O)c1ccncc1)S(=O)(=O)c1ccc(N)cc1,CHEMBL3670879,0.618,CHEMBL3638323,0.618
CC(C)CN([C@H](CO)CCCCNC(=O)[C@H](Cc1ccccc1Br)NC(=O)C1=NCC(C)N=C1)S(=O)(=O)c1ccc(N)cc1,CHEMBL3670882,0.836,CHEMBL3638323,0.836
CC(C)CN([C@H](CO)CCCCNC(=O)[C@H](Cc1ccccc1Br)NC(=O)c1cnccn1)S(=O)(=O)c1ccc(N)cc1,CHEMBL3670875,0.471,CHEMBL3638323,0.471
CC(C)CN([C@H](CO)CCCCNC(=O)[C@@H](Cc1ccccc1Br)NC(=O)c1ccccn1)S(=O)(=O)c1ccc(N)cc1,CHEMBL3670876,0.615,CHEMBL3638323,0.615
CC(C)CN([C@H](CO)CCCCNC(=O)[C@@H](Cc1ccccc1Br)NC(=O)c1cccnc1)S(=O)(=O)c1ccc(N)cc1,CHEMBL3670877,0.372,CHEMBL3638323,0.372
COC(=O)N[C@H](C(=O)NCCCC[C@H](C(N)=O)N(CC(C)C)S(=O)(=O)c1ccc(N)cc1)C(c1ccccc1)c1ccccc1,CHEMBL3670870,0.652,CHEMBL3638323,0.652
COC(=O)N[C@H](C(=O)NCCCC[C@H](C(N)=O)N(CC(C)C)S(=O)(=O)c1ccc(N)cc1)C(c1ccccc1)c1ccccc1,CHEMBL3670870,0.507,CHEMBL3638323,0.507
CC(=O)N[C@H](C(=O)NCCCCC(C(N)=O)N(CC(C)C)S(=O)(=O)c1ccc(N)cc1)C(c1ccccc1)c1ccccc1,CHEMBL3670872,1.073,CHEMBL3638323,1.073
CC(C)CN(C(CCCCNC(=O)[C@H](CC1=C2C=CC=CC2CC=C1)NC(=O)N1CCOCC1)C(N)=O)S(=O)(=O)c1ccc(N)cc1,CHEMBL3670873,0.58,CHEMBL3638323,0.58
Cc1cn([C@@H]2C[C@H](CO)[C@@H](O)C2)c(=O)[nH]c1=O,CHEMBL27473,50.0,CHEMBL612775,0.05
C=CCN(C(=O)OCc1ccc([N+](=O)[O-])cc1)C1CCN(CCC(Cn2nnnc2-c2ccccc2)c2ccccc2)CC1,CHEMBL105460,335.0,CHEMBL274,335.0
C=CCN(C(=O)OCc1ccc([N+](=O)[O-])cc1)C1CCN(CCC(Cn2cncn2)c2ccccc2)CC1,CHEMBL105606,28.0,CHEMBL274,28.0
C=CCN(C(=O)OCc1ccc([N+](=O)[O-])cc1)C1CCN(CCC(C)(Cn2cnc3ccccc32)c2ccccc2)CC1,CHEMBL105570,10.0,CHEMBL274,10.0
CN(C[C@@H](CCN1CCC2(CC1)C[S+]([O-])c1ccccc12)c1cccc(Cl)c1)S(=O)(=O)c1ccccc1,CHEMBL83338,35.0,CHEMBL274,35.0
C=CCN(C(=O)OCc1ccc([N+](=O)[O-])cc1)C1CCN(CCC(Cn2ncc3ccccc32)c2ccccc2)CC1,CHEMBL325357,15.0,CHEMBL274,15.0
C=CCN(C(=O)OCc1ccc([N+](=O)[O-])cc1)C1CCN(CCC(Cn2cnc(Cl)c2Cl)c2ccccc2)CC1,CHEMBL105572,16.0,CHEMBL274,16.0
C=CCN(C(=O)OCc1ccc([N+](=O)[O-])cc1)C1CCN(CCC(Cn2cnc(CC#N)c2)c2ccccc2)CC1,CHEMBL107750,15.0,CHEMBL274,15.0
C=CCN(C(=O)OCc1ccccc1)C1CCN(CCC(C)(Cn2cnc3ccccc32)c2ccccc2)CC1,CHEMBL105659,112.0,CHEMBL274,112.0
C=CCN(C(=O)OCc1ccc([N+](=O)[O-])cc1)C1CCN(CCC(C)(c2ccccc2)C2c3ccccc3C(=O)N2CC)CC1,CHEMBL107380,10.0,CHEMBL274,10.0
C=CCN(C(=O)OCc1ccccc1)C1CCN(CCC(CN2C(=O)N[C@H](Cc3c[nH]c4ccccc34)C2=O)c2ccccc2)CC1,CHEMBL104793,7.0,CHEMBL274,7.0
C=CCN(C(=O)OCc1ccc([N+](=O)[O-])cc1)C1CCN(CCC(Cn2cc3ccccc3n2)c2ccccc2)CC1,CHEMBL106231,27.0,CHEMBL274,27.0
C=CCN(C(=O)OCc1ccccc1)C1CCN(CCC(Cn2c(CC)nc3ccccc32)c2ccccc2)CC1,CHEMBL321539,246.0,CHEMBL274,246.0
C=CCN(C(=O)OCc1ccc([N+](=O)[O-])cc1)C1CCN(CCC(Cn2cnc([N+](=O)[O-])c2)c2ccccc2)CC1,CHEMBL322439,15.0,CHEMBL274,15.0
C=CCN(C(=O)OCc1ccccc1)C1CCN(CCC(Cn2cnc3ccccc32)c2ccccc2)CC1,CHEMBL104474,25.0,CHEMBL274,25.0
C=CCN(C(=O)OCc1ccc([N+](=O)[O-])cc1)C1CCN(CCC(Cn2c(CC)nc3ccccc32)c2ccccc2)CC1,CHEMBL319622,48.0,CHEMBL274,48.0
C=CCN(C(=O)OCc1ccccc1)C1CCN(CCC(C)(c2ccccc2)C2Nc3ccccc3S(=O)(=O)N2)CC1,CHEMBL104867,55.0,CHEMBL274,55.0
C=CCN(C(=O)OCc1ccccc1)C1CCN(CCC(C)(c2ccccc2)C2Nc3ccccc3S(=O)(=O)N2)CC1,CHEMBL104867,18.0,CHEMBL274,18.0
C=CCN(C(=O)OCc1ccc([N+](=O)[O-])cc1)C1CCN(CCC(Cn2nnc(-c3ccccc3)n2)c2ccccc2)CC1,CHEMBL104464,111.0,CHEMBL274,111.0
C=CCN(C(=O)OCc1ccc([N+](=O)[O-])cc1)C1CCN(CCC(Cn2cnc3ccccc32)c2ccccc2)CC1,CHEMBL106803,4.0,CHEMBL274,4.0
C=CCN(C(=O)OCc1ccc([N+](=O)[O-])cc1)C1CCN(CCC(C)(c2ccccc2)C2c3ccccc3C(=O)N2CC)CC1,CHEMBL107380,18.0,CHEMBL274,18.0
C=CCN(C(=O)OCc1ccc([N+](=O)[O-])cc1)C1CCN(CCC(Cn2cnc(-c3ccccc3)c2)c2ccccc2)CC1,CHEMBL320365,23.0,CHEMBL274,23.0
Cc1cc[n+]([O-])c(C)c1C(=O)N1CCC(C)(N2CCC(N(Cc3ccccc3)c3ccccc3)CC2)CC1,CHEMBL61536,2.0,CHEMBL274,2.0
Cc1cc[n+]([O-])c(C)c1C(=O)N1CCC(C)(N2CCC(N(Cc3ccccc3)c3ccccc3)CC2)CC1,CHEMBL61536,5.1,CHEMBL274,5.1
Cc1cc[n+]([O-])c(C)c1C(=O)N1CCC(C)(N2CCC(N(Cc3ccccc3)c3ccccc3)CC2)CC1,CHEMBL61536,14.9,CHEMBL274,14.9
Cc1cc[n+]([O-])c(C)c1C(=O)N1CCC(C)(N2CCC(N(Cc3ccccc3)c3ccccc3)CC2)CC1,CHEMBL61536,14.9,CHEMBL274,14.9
Cc1nc(-c2ccccc2)nc(C)c1C(=O)N1CCC(C)(N2CCC(N(c3ccccc3)c3ccccc3)CC2)CC1,CHEMBL61374,8.5,CHEMBL274,8.5
Cc1nc(-c2ccccc2)nc(C)c1C(=O)N1CCC(C)(N2CCC(N(c3ccccc3)c3ccccc3)CC2)CC1,CHEMBL61374,23.0,CHEMBL274,23.0
Cc1nc(-c2ccccc2)nc(C)c1C(=O)N1CCC(C)(N2CCC(N(c3ccccc3)c3ccccc3)CC2)CC1,CHEMBL61374,31.0,CHEMBL274,31.0
Cc1nc(-c2ccccc2)nc(C)c1C(=O)N1CCC(C)(N2CCC(N(c3ccccc3)c3ccccc3)CC2)CC1,CHEMBL61374,16.5,CHEMBL274,16.5
Cc1cccc(C)c1C(=O)N1CCC(C)(N2CCC(Nc3ccc(Br)cc3)CC2)CC1,CHEMBL292625,2.2,CHEMBL274,2.2
Cc1cccc(C)c1C(=O)N1CCC(C)(N2CCC(Nc3ccc(Br)cc3)CC2)CC1,CHEMBL292625,0.5,CHEMBL274,0.5
Cc1cccc(C)c1C(=O)N1CCC(C)(N2CCC(Nc3ccc(Br)cc3)CC2)CC1,CHEMBL292625,28.3,CHEMBL274,28.3
Cc1cc[n+]([O-])c(C)c1C(=O)N1CCC(C)(N2CCC(N(Cc3cccc(C#N)c3)c3ccccc3)CC2)CC1,CHEMBL59511,0.6,CHEMBL274,0.6
Cc1cc[n+]([O-])c(C)c1C(=O)N1CCC(C)(N2CCC(N(Cc3cccc(C#N)c3)c3ccccc3)CC2)CC1,CHEMBL59511,2.8,CHEMBL274,2.8
Cc1cc[n+]([O-])c(C)c1C(=O)N1CCC(C)(N2CCC(N(Cc3cccc(C#N)c3)c3ccccc3)CC2)CC1,CHEMBL59511,10.8,CHEMBL274,10.8
CC1(N2CCC(N(c3ccccc3)c3ccccc3)CC2)CCN(C(=O)c2c[nH]c3ccccc23)CC1,CHEMBL60711,48.0,CHEMBL274,48.0
CC1(N2CCC(N(c3ccccc3)c3ccccc3)CC2)CCN(C(=O)c2c[nH]c3ccccc23)CC1,CHEMBL60711,283.0,CHEMBL274,283.0
Cc1cccc(C)c1C(=O)N1CCC(C)(N2CCC(NCc3ccccc3)CC2)CC1,CHEMBL59492,1000.0,CHEMBL274,1000.0
Cc1cccc(C)c1C(=O)N1CCC(C)(N2CCC(NCc3ccccc3)CC2)CC1,CHEMBL59492,1000.0,CHEMBL274,1000.0
Cc1cccc(C)c1C(=O)N1CCC(C)(N2CCC(Nc3ccccc3)CC2)CC1,CHEMBL61465,100.0,CHEMBL274,100.0
Cc1cc[n+]([O-])c(C)c1C(=O)N1CCC(C)(N2CCC(N(c3ccccc3)c3ccccc3)CC2)CC1,CHEMBL556314,3.3,CHEMBL274,3.3
Cc1cc[n+]([O-])c(C)c1C(=O)N1CCC(C)(N2CCC(N(c3ccccc3)c3ccccc3)CC2)CC1,CHEMBL556314,3.4,CHEMBL274,3.4
Cc1cc[n+]([O-])c(C)c1C(=O)N1CCC(C)(N2CCC(N(c3ccccc3)c3ccccc3)CC2)CC1,CHEMBL556314,16.0,CHEMBL274,16.0
Cc1ncnc(C)c1C(=O)N1CCC(N2CCC(N(c3ccccc3)c3ccccc3)CC2)CC1,CHEMBL59602,8.2,CHEMBL274,8.2
Cc1ncnc(C)c1C(=O)N1CCC(N2CCC(N(c3ccccc3)c3ccccc3)CC2)CC1,CHEMBL59602,62.0,CHEMBL274,62.0
Cc1ncnc(C)c1C(=O)N1CCC(N2CCC(N(c3ccccc3)c3ccccc3)CC2)CC1,CHEMBL59602,48.0,CHEMBL274,48.0
Cc1cc[n+]([O-])c(C)c1C(=O)N1CCC(C)(N2CCC(N(Cc3ccccc3C#N)c3ccccc3)CC2)CC1,CHEMBL418120,80.0,CHEMBL274,80.0
Cc1cc[n+]([O-])c(C)c1C(=O)N1CCC(C)(N2CCC(N(Cc3ccccc3C#N)c3ccccc3)CC2)CC1,CHEMBL418120,3000.0,CHEMBL274,3000.0
COc1cccc(OC)c1C(=O)N1CCC(C)(N2CCC(N(c3ccccc3)c3ccccc3)CC2)CC1,CHEMBL58176,42.0,CHEMBL274,42.0
CC1(N2CCC(N(c3ccccc3)c3ccccc3)CC2)CCN(C(=O)c2ccccc2)CC1,CHEMBL292894,200.0,CHEMBL274,200.0
CC1(N2CCC(N(c3ccccc3)c3ccccc3)CC2)CCN(C(=O)c2ccccc2)CC1,CHEMBL292894,453.0,CHEMBL274,453.0
CC1(N2CCC(N(c3ccccc3)c3ccccc3)CC2)CCN(C(=O)c2ccccc2)CC1,CHEMBL292894,511.0,CHEMBL274,511.0
Cc1cccc(C)c1C(=O)N1CCC(N2CCC(N(c3ccccc3)c3ccccc3)CC2)CC1,CHEMBL58101,11.1,CHEMBL274,11.1
Cc1cccc(C)c1C(=O)N1CCC(N2CCC(N(c3ccccc3)c3ccccc3)CC2)CC1,CHEMBL58101,26.0,CHEMBL274,26.0
Cc1cccc(C)c1C(=O)N1CCC(N2CCC(N(c3ccccc3)c3ccccc3)CC2)CC1,CHEMBL58101,61.0,CHEMBL274,61.0
Cc1ccnc(C)c1C(=O)N1CCC(N2CCC(N(c3ccccc3)c3ccccc3)CC2)CC1,CHEMBL61828,3.0,CHEMBL274,3.0
Cc1ccnc(C)c1C(=O)N1CCC(N2CCC(N(c3ccccc3)c3ccccc3)CC2)CC1,CHEMBL61828,7.4,CHEMBL274,7.4
Cc1ccnc(C)c1C(=O)N1CCC(N2CCC(N(c3ccccc3)c3ccccc3)CC2)CC1,CHEMBL61828,15.5,CHEMBL274,15.5
CC1(N2CCC(N(c3ccccc3)c3ccccc3)CC2)CCN(C(=O)c2c(Cl)cccc2Cl)CC1,CHEMBL58441,2.4,CHEMBL274,2.4
CC1(N2CCC(N(c3ccccc3)c3ccccc3)CC2)CCN(C(=O)c2c(Cl)cccc2Cl)CC1,CHEMBL58441,3.5,CHEMBL274,3.5
CC1(N2CCC(N(c3ccccc3)c3ccccc3)CC2)CCN(C(=O)c2c(Cl)cccc2Cl)CC1,CHEMBL58441,7.9,CHEMBL274,7.9
CC1(N2CCC(N(c3ccccc3)c3ccccc3)CC2)CCN(C(=O)c2cccc3ccccc23)CC1,CHEMBL59328,3.7,CHEMBL274,3.7
CC1(N2CCC(N(c3ccccc3)c3ccccc3)CC2)CCN(C(=O)c2cccc3ccccc23)CC1,CHEMBL59328,8.9,CHEMBL274,8.9
Cc1nc[n+]([O-])c(C)c1C(=O)N1CCC(C)(N2CCC(N(c3ccccc3)c3ccccc3)CC2)CC1,CHEMBL58004,2.9,CHEMBL274,2.9
Cc1nc[n+]([O-])c(C)c1C(=O)N1CCC(C)(N2CCC(N(c3ccccc3)c3ccccc3)CC2)CC1,CHEMBL58004,12.0,CHEMBL274,12.0
Cc1nc[n+]([O-])c(C)c1C(=O)N1CCC(C)(N2CCC(N(c3ccccc3)c3ccccc3)CC2)CC1,CHEMBL58004,24.0,CHEMBL274,24.0
Cc1nc[n+]([O-])c(C)c1C(=O)N1CCC(C)(N2CCC(N(c3ccccc3)c3ccccc3)CC2)CC1,CHEMBL58004,13.3,CHEMBL274,13.3
CN(C)C(=O)c1ccccc1C(=O)N1CCC(C)(N2CCC(N(c3ccccc3)c3ccccc3)CC2)CC1,CHEMBL304931,100.0,CHEMBL274,100.0
Cc1cccc(C)c1C(=O)N1CCC(C)(N2CCC(Nc3ccc(C(F)(F)F)cc3)CC2)CC1,CHEMBL58897,0.8,CHEMBL274,0.8
Cc1cccc(C)c1C(=O)N1CCC(C)(N2CCC(Nc3ccc(C(F)(F)F)cc3)CC2)CC1,CHEMBL58897,1.1,CHEMBL274,1.1
Cc1cccc(C)c1C(=O)N1CCC(C)(N2CCC(Nc3ccc(C(F)(F)F)cc3)CC2)CC1,CHEMBL58897,27.3,CHEMBL274,27.3
Cc1cccc(C)c1C(=O)N1CCC(C)(N2CCC(N(Cc3ccccc3)c3ccccc3)CC2)CC1,CHEMBL301454,1.4,CHEMBL274,1.4
Cc1cccc(C)c1C(=O)N1CCC(C)(N2CCC(N(Cc3ccccc3)c3ccccc3)CC2)CC1,CHEMBL301454,3.0,CHEMBL274,3.0
Cc1cccc(C)c1C(=O)N1CCC(C)(N2CCC(N(Cc3ccccc3)c3ccccc3)CC2)CC1,CHEMBL301454,12.2,CHEMBL274,12.2
Cc1cccc(C)c1C(=O)N1CCC(C)(N2CCC(N(Cc3ccccc3)c3ccccc3)CC2)CC1,CHEMBL301454,14.4,CHEMBL274,14.4
Cc1cccc(C)c1C(=O)N1CCC(C)(N2CCC(N(Cc3ccccc3)Cc3ccccc3)CC2)CC1,CHEMBL416512,75.0,CHEMBL274,75.0
Cc1cccc(C)c1C(=O)N1CCC(C)(N2CCC(Nc3ccc4ccn(C)c4c3)CC2)CC1,CHEMBL60279,91.0,CHEMBL274,91.0
Cc1cccc(C)c1C(=O)N1CCC(C)(N2CCC(Nc3ccc4ccn(C)c4c3)CC2)CC1,CHEMBL60279,43.0,CHEMBL274,43.0
Cc1cccc(C)c1C(=O)N1CCC(C)(N2CCC(Nc3ccc4ccn(C)c4c3)CC2)CC1,CHEMBL60279,1680.0,CHEMBL274,1680.0
Cc1cccc(C)c1C(=O)N1CCC(C)(N2CCC(N(c3ccccc3)c3ccccc3)CC2)CC1,CHEMBL62152,2.6,CHEMBL274,2.6
Cc1cccc(C)c1C(=O)N1CCC(C)(N2CCC(N(c3ccccc3)c3ccccc3)CC2)CC1,CHEMBL62152,0.7,CHEMBL274,0.7
Cc1cccc(C)c1C(=O)N1CCC(C)(N2CCC(N(c3ccccc3)c3ccccc3)CC2)CC1,CHEMBL62152,15.3,CHEMBL274,15.3
Cc1cccc(C)c1C(=O)N1CCC(C)(N2CCC(N(c3ccccc3)c3ccccc3)CC2)CC1,CHEMBL62152,14.4,CHEMBL274,14.4
Cc1ncnc(C)c1C(=O)N1CCC(C)(N2CCC(N(c3ccccc3)c3ccccc3)CC2)CC1,CHEMBL61424,1.0,CHEMBL274,1.0
Cc1ncnc(C)c1C(=O)N1CCC(C)(N2CCC(N(c3ccccc3)c3ccccc3)CC2)CC1,CHEMBL61424,2.2,CHEMBL274,2.2
Cc1ncnc(C)c1C(=O)N1CCC(C)(N2CCC(N(c3ccccc3)c3ccccc3)CC2)CC1,CHEMBL61424,7.9,CHEMBL274,7.9
COc1cc(CN(c2ccccc2)C2CCN(C3(C)CCN(C(=O)c4c(C)cc[n+]([O-])c4C)CC3)CC2)cc(OC)c1OC,CHEMBL59358,1000.0,CHEMBL274,1000.0
Cc1cccc(C)c1C(=O)N1CCC(C)(N2CCC(Nc3ccc(Cl)cc3)CC2)CC1,CHEMBL61466,2.4,CHEMBL274,2.4
Cc1cccc(C)c1C(=O)N1CCC(C)(N2CCC(Nc3ccc(Cl)cc3)CC2)CC1,CHEMBL61466,2.0,CHEMBL274,2.0
Cc1cccc(C)c1C(=O)N1CCC(C)(N2CCC(Nc3ccc(Cl)cc3)CC2)CC1,CHEMBL61466,25.7,CHEMBL274,25.7
Cc1cccc(C)c1C(=O)N1CCC(C)(N2CCC(Nc3ccc(-c4ccccc4)cc3)CC2)CC1,CHEMBL59285,460.0,CHEMBL274,460.0
Cc1cccc(C)c1C(=O)N1CCC(C)(N2CCC(Nc3cccc4ccn(C)c34)CC2)CC1,CHEMBL294271,102.0,CHEMBL274,102.0
Cc1cccc(C)c1C(=O)N1CCC(C)(N2CCC(Nc3cccc4ccn(C)c34)CC2)CC1,CHEMBL294271,147.0,CHEMBL274,147.0
Cc1cccc(C)c1C(=O)N1CCC(C)(N2CCC(Nc3cccc4ccn(C)c34)CC2)CC1,CHEMBL294271,2165.0,CHEMBL274,2165.0
Cc1nc(-c2ccncc2)nc(C)c1C(=O)N1CCC(C)(N2CCC(N(c3ccccc3)c3ccccc3)CC2)CC1,CHEMBL61373,2.8,CHEMBL274,2.8
Cc1nc(-c2ccncc2)nc(C)c1C(=O)N1CCC(C)(N2CCC(N(c3ccccc3)c3ccccc3)CC2)CC1,CHEMBL61373,7.9,CHEMBL274,7.9
Cc1nc(-c2ccncc2)nc(C)c1C(=O)N1CCC(C)(N2CCC(N(c3ccccc3)c3ccccc3)CC2)CC1,CHEMBL61373,30.0,CHEMBL274,30.0
Cc1nc(-c2ccncc2)nc(C)c1C(=O)N1CCC(C)(N2CCC(N(c3ccccc3)c3ccccc3)CC2)CC1,CHEMBL61373,24.6,CHEMBL274,24.6
Cc1nc(-c2ccncc2)nc(C)c1C(=O)N1CCC(C)(N2CCC(N(c3ccccc3)c3ccccc3)CC2)CC1,CHEMBL61373,7.9,CHEMBL274,7.9
Cc1cc[n+]([O-])c(C)c1C(=O)N1CCC(N2CCC(N(c3ccccc3)c3ccccc3)CC2)CC1,CHEMBL58109,9.0,CHEMBL274,9.0
Cc1cc[n+]([O-])c(C)c1C(=O)N1CCC(N2CCC(N(c3ccccc3)c3ccccc3)CC2)CC1,CHEMBL58109,117.0,CHEMBL274,117.0
Cc1cc[n+]([O-])c(C)c1C(=O)N1CCC(N2CCC(N(c3ccccc3)c3ccccc3)CC2)CC1,CHEMBL58109,127.0,CHEMBL274,127.0
CC1(N2CCC(N(c3ccccc3)c3ccccc3)CC2)CCN(C(=O)c2cccc3[nH]ccc23)CC1,CHEMBL293900,9.9,CHEMBL274,9.9
CC1(N2CCC(N(c3ccccc3)c3ccccc3)CC2)CCN(C(=O)c2cccc3[nH]ccc23)CC1,CHEMBL293900,31.0,CHEMBL274,31.0
CC1(N2CCC(N(c3ccccc3)c3ccccc3)CC2)CCN(C(=O)c2cccc3[nH]ccc23)CC1,CHEMBL293900,102.0,CHEMBL274,102.0
Cc1cc(C)c(S(=O)(=O)N2CCC(C)(N3CCC(N(c4ccccc4)c4ccccc4)CC3)CC2)c(C)c1,CHEMBL60589,41.0,CHEMBL274,41.0
Cc1cccc(C)c1C(=O)N1CCC(C)(N2CCC(N(Cc3ccccc3)c3ccc(Br)cc3)CC2)CC1,CHEMBL60225,2.3,CHEMBL274,2.3
Cc1cccc(C)c1C(=O)N1CCC(C)(N2CCC(N(Cc3ccccc3)c3ccc(Br)cc3)CC2)CC1,CHEMBL60225,6.2,CHEMBL274,6.2
Cc1cccc(C)c1C(=O)N1CCC(C)(N2CCC(N(Cc3ccccc3)c3ccc(Br)cc3)CC2)CC1,CHEMBL60225,15.6,CHEMBL274,15.6
Cc1ccccc1C(=O)N1CCC(C)(N2CCC(N(c3ccccc3)c3ccccc3)CC2)CC1,CHEMBL59101,7.8,CHEMBL274,7.8
Cc1ccccc1C(=O)N1CCC(C)(N2CCC(N(c3ccccc3)c3ccccc3)CC2)CC1,CHEMBL59101,28.6,CHEMBL274,28.6
Cc1ccccc1C(=O)N1CCC(C)(N2CCC(N(c3ccccc3)c3ccccc3)CC2)CC1,CHEMBL59101,67.0,CHEMBL274,67.0
CC1(N2CCC(N(c3ccccc3)c3ccccc3)CC2)CCN(C(=O)C2CCCCC2)CC1,CHEMBL433635,408.0,CHEMBL274,408.0
CC1(N2CCC(N(c3ccccc3)c3ccccc3)CC2)CCN(C(=O)C2CCCCC2)CC1,CHEMBL433635,580.0,CHEMBL274,580.0
Cc1cc[n+]([O-])c(C)c1C(=O)N1CCC(C)(N2CCC(N(Cc3ccc(C#N)cc3)c3ccccc3)CC2)CC1,CHEMBL58248,3.8,CHEMBL274,3.8
Cc1cc[n+]([O-])c(C)c1C(=O)N1CCC(C)(N2CCC(N(Cc3ccc(C#N)cc3)c3ccccc3)CC2)CC1,CHEMBL58248,350.0,CHEMBL274,350.0
Cc1cc[n+]([O-])c(C)c1C(=O)N1CCC(C)(N2CCC(N(Cc3ccc(C#N)cc3)c3ccccc3)CC2)CC1,CHEMBL58248,140.0,CHEMBL274,140.0
Cc1ccnc(C)c1C(=O)N1CCC(C)(N2CCC(N(c3ccccc3)c3ccccc3)CC2)CC1,CHEMBL58387,2.3,CHEMBL274,2.3
Cc1ccnc(C)c1C(=O)N1CCC(C)(N2CCC(N(c3ccccc3)c3ccccc3)CC2)CC1,CHEMBL58387,1.1,CHEMBL274,1.1
Cc1ccnc(C)c1C(=O)N1CCC(C)(N2CCC(N(c3ccccc3)c3ccccc3)CC2)CC1,CHEMBL58387,11.0,CHEMBL274,11.0
Cc1ncnc(C)c1C(=O)N1CCC(C)(N2CCN([C@@H](C)c3ccc(C(F)(F)F)cc3)[C@@H](C)C2)CC1,CHEMBL311795,0.01,CHEMBL274,0.01
CCn1nc(Cc2ccccc2)cc1C1CCN(C[C@H]2CN([C@@H](C(=O)O)C3CCC3)C[C@@H]2c2ccccc2)CC1,CHEMBL352514,1.6,CHEMBL274,1.6
CCN(C(=O)OCc1ccccc1)C1CCN(CC[C@H](CN(C)S(=O)(=O)c2ccccc2)c2cccc(Cl)c2)CC1,CHEMBL81252,2.0,CHEMBL274,2.0
CCN(C(=O)NC)C1CCN(CCC(CN(C)S(=O)(=O)c2ccccc2)c2ccccc2)CC1,CHEMBL84268,120.0,CHEMBL274,120.0
CCCN(C(=O)CCc1ccccc1)C1CCN(CC[C@@H](CN(C)S(=O)(=O)c2ccccc2)c2ccccc2)CC1,CHEMBL82786,20.0,CHEMBL274,20.0
CCN(C(=O)Oc1ccccc1)C1CCN(CC[C@H](CN(C)S(=O)(=O)c2ccccc2)c2ccccc2)CC1,CHEMBL311532,10.0,CHEMBL274,10.0
CCCN(C(=O)OCc1ccccc1C)C1CCN(CC[C@H](CN(C)S(=O)(=O)c2ccccc2)c2ccccc2)CC1,CHEMBL81926,4.0,CHEMBL274,4.0
CN(C[C@@H](CCN1CCC2(CC1)C[S+]([O-])c1ccccc12)c1ccccc1)S(=O)(=O)c1ccccc1,CHEMBL81719,35.0,CHEMBL274,35.0
CCCN(C(=O)OCc1ccc([N+](=O)[O-])cc1)C1CCN(CCC(CN(C)S(=O)(=O)c2ccccc2)c2ccccc2)CC1,CHEMBL2114183,1.5,CHEMBL274,1.5
CCn1nc(Cc2ccccc2)cc1C1CCN(C[C@H]2CN([C@@H](C(=O)O)C3CCCCC3)C[C@@H]2c2cccc(F)c2)CC1,CHEMBL353330,1.6,CHEMBL274,1.6
CCOC(=O)N(CC1CCCCC1)C1CCN(CC[C@H](CN(C)S(=O)(=O)c2ccccc2)c2ccccc2)CC1,CHEMBL312945,35.0,CHEMBL274,35.0
CCn1nc(Cc2ccccc2)cc1C1CCN(C[C@H]2CN([C@](C)(C(=O)O)C(C)C)C[C@@H]2c2cccc(F)c2)CC1,CHEMBL368637,5.5,CHEMBL274,5.5
CCN(C(=O)OCC1CCCCC1)C1CCN(CC[C@H](CN(C)S(=O)(=O)c2ccccc2)c2ccccc2)CC1,CHEMBL309657,15.0,CHEMBL274,15.0
CCCN(C(=O)OCc1cccc(C)c1)C1CCN(CC[C@H](CN(C)S(=O)(=O)c2ccccc2)c2ccccc2)CC1,CHEMBL83823,3.0,CHEMBL274,3.0
C=CCN(C(=O)Cc1ccc([N+](=O)[O-])cc1)C1CCN(CC[C@@H](CN(C)S(=O)(=O)c2ccccc2)c2ccccc2)CC1,CHEMBL311248,2.0,CHEMBL274,2.0
CCn1nc(Cc2ccccc2)cc1C1CCN(C[C@H]2CN([C@@H](C(=O)O)C3CCCCC3)C[C@@H]2c2ccccc2)CC1,CHEMBL353331,1.2,CHEMBL274,1.2
CCn1nc(Cc2ccccc2)cc1C1CCN(C[C@H]2CN([C@@H](C(=O)O)C3CCCCC3)C[C@@H]2c2ccccc2)CC1,CHEMBL353331,2.0,CHEMBL274,2.0
CCCCCCN(C(=O)OC)C1CCN(CC[C@H](CN(C)S(=O)(=O)c2ccccc2)c2ccccc2)CC1,CHEMBL79667,10.0,CHEMBL274,10.0
CCn1nc(Cc2ccccc2)cc1C1CCN(C[C@H]2CN([C@@H](C(=O)O)C(C)C)C[C@@H]2c2cccc(F)c2)CC1,CHEMBL174304,1.5,CHEMBL274,1.5
C=CCN(C(=O)OCc1ccc([N+](=O)[O-])cc1)C1CCN(CC[C@H](CN(C)S(=O)(=O)c2ccccc2)c2cccc(Cl)c2)CC1,CHEMBL311549,2.0,CHEMBL274,2.0
CCCN(C(=O)c1ccccc1)C1CCN(CC[C@@H](CN(C)S(=O)(=O)c2ccccc2)c2ccccc2)CC1,CHEMBL82879,100.0,CHEMBL274,100.0
CN(C[C@@H](CCN1CCC(NC(=O)OC(C)(C)C)CC1)c1ccccc1)S(=O)(=O)c1ccccc1,CHEMBL421527,1000.0,CHEMBL274,1000.0
CCN(C(=O)OC(C)(C)C)C1CCN(CC[C@H](CN(C)S(=O)(=O)c2ccccc2)c2ccccc2)CC1,CHEMBL79930,30.0,CHEMBL274,30.0
CCn1nc(Cc2ccccc2)cc1C1CCN(C[C@H]2CN([C@@H](C(=O)O)C(C)C)C[C@@H]2c2ccccc2)CC1,CHEMBL172551,2.8,CHEMBL274,2.8
CCCN(C(=O)OCc1ccc(C(F)(F)F)cc1)C1CCN(CC[C@H](CN(C)S(=O)(=O)c2ccccc2)c2ccccc2)CC1,CHEMBL311052,6.0,CHEMBL274,6.0
CCCN(C(=O)Cc1ccccc1)C1CCN(CC[C@@H](CN(C)S(=O)(=O)c2ccccc2)c2ccccc2)CC1,CHEMBL83057,3.0,CHEMBL274,3.0
CCn1nc(Cc2ccccc2)cc1C1CCN(C[C@H]2CN([C@@](C)(C(=O)O)C(C)C)C[C@@H]2c2cccc(F)c2)CC1,CHEMBL172371,1.6,CHEMBL274,1.6
CCCN(C(=O)OCc1ccccc1)C1CCN(CC[C@H](CN(C)S(=O)(=O)c2ccccc2)c2ccccc2)CC1,CHEMBL82048,2.0,CHEMBL274,2.0
CCCN(C(=O)OCc1ccc(C(N)=O)cc1)C1CCN(CC[C@H](CN(C)S(=O)(=O)c2ccccc2)c2ccccc2)CC1,CHEMBL79622,2.0,CHEMBL274,2.0
CC[C@@H](C)[C@H](C(=O)O)N1C[C@H](CN2CCC(c3cc(Cc4ccccc4)nn3CC)CC2)[C@@H](c2cccc(F)c2)C1,CHEMBL435538,0.8,CHEMBL274,0.8
COC(=O)N(CC1CCCCC1)C1CCN(CC[C@H](CN(C)S(=O)(=O)c2ccccc2)c2ccccc2)CC1,CHEMBL80043,6.0,CHEMBL274,6.0
C=CCN(C(=O)NCc1ccc([N+](=O)[O-])cc1)C1CCN(CC[C@@H](CN(C)S(=O)(=O)c2ccccc2)c2ccccc2)CC1,CHEMBL432360,0.75,CHEMBL274,0.75
CN(C[C@@H](CCN1CCC2(CC1)CC(=O)c1ccccc12)c1cccc(Cl)c1)S(=O)(=O)c1ccccc1,CHEMBL82880,5.0,CHEMBL274,5.0
CCn1nc(Cc2ccccc2)cc1C1CCN(C[C@H]2CN([C@@H](C(=O)O)C(C)(C)C)C[C@@H]2c2cccc(F)c2)CC1,CHEMBL172854,0.8,CHEMBL274,0.8
CCOC(=O)N(CC)C1CCN(CC[C@H](CN(C)S(=O)(=O)c2ccccc2)c2ccccc2)CC1,CHEMBL84029,40.0,CHEMBL274,40.0
CCCN(C(=O)OCc1ccccc1)C1CCN(CC[C@H](CN(C)S(=O)(=O)c2ccccc2)c2cccc(Cl)c2)CC1,CHEMBL313216,4.0,CHEMBL274,4.0
CCCN(C(=O)OCc1ccc(C)cc1)C1CCN(CC[C@H](CN(C)S(=O)(=O)c2ccccc2)c2ccccc2)CC1,CHEMBL311261,3.0,CHEMBL274,3.0
CCN(C(=O)OCc1ccccc1)C1CCN(CC[C@H](CN(C)S(=O)(=O)c2ccccc2)c2ccccc2)CC1,CHEMBL85086,2.0,CHEMBL274,2.0
CCCN(C(=O)OCc1ccc([N+](=O)[O-])cc1)C1CCN(CC[C@H](CN(C)S(=O)(=O)c2ccccc2)c2ccccc2)CC1,CHEMBL421342,1.5,CHEMBL274,1.5
CCCN(C(=O)OCc1ccc(C(N)=O)cc1)C1CCN(CC[C@H](CN(C)S(=O)(=O)c2ccccc2)c2cccc(Cl)c2)CC1,CHEMBL81245,3.0,CHEMBL274,3.0
COC(=O)N(C)C1CCN(CC[C@H](CN(C)S(=O)(=O)c2ccccc2)c2ccccc2)CC1,CHEMBL440137,150.0,CHEMBL274,150.0
CCC(CC)[C@H](C(=O)O)N1C[C@H](CN2CCC(c3cc(Cc4ccccc4)nn3CC)CC2)[C@@H](c2cccc(F)c2)C1,CHEMBL435727,0.9,CHEMBL274,0.9
C=CCN(C(=O)OCc1ccc([N+](=O)[O-])cc1)C1CCN(CC[C@H](CN(C)S(=O)(=O)c2ccccc2)c2ccccc2)CC1,CHEMBL83335,2.0,CHEMBL274,2.0
CCN(C(C)=O)C1CCN(CC[C@@H](CN(C)S(=O)(=O)c2ccccc2)c2ccccc2)CC1,CHEMBL430818,120.0,CHEMBL274,120.0
CN(C[C@@H](CCN1CCC2(CC1)C[S+]([O-])c1ccccc12)c1ccc(Cl)c(Cl)c1)S(=O)(=O)c1ccccc1,CHEMBL79504,35.0,CHEMBL274,35.0
CN(C[C@@H](CCN1CCC2(CC1)C[S+]([O-])c1ccccc12)c1cccc(Cl)c1)S(=O)(=O)c1ccccc1,CHEMBL83338,10.0,CHEMBL274,10.0
CN(C[C@@H](CCN1CCC(N2CCOC2=O)CC1)c1ccccc1)S(=O)(=O)c1ccccc1,CHEMBL2114185,1000.0,CHEMBL274,1000.0
CCCN(C(=O)N[C@H](C)c1ccccc1)C1CCN(CCC(CN(C)S(=O)(=O)c2ccccc2)c2ccccc2)CC1,CHEMBL79770,6.0,CHEMBL274,6.0
CCCN(C(=O)COc1ccccc1)C1CCN(CC[C@@H](CN(C)S(=O)(=O)c2ccccc2)c2ccccc2)CC1,CHEMBL84309,4.0,CHEMBL274,4.0
CC[C@H](C)[C@H](C(=O)O)N1C[C@H](CN2CCC(c3cc(Cc4ccccc4)nn3CC)CC2)[C@@H](c2cccc(F)c2)C1,CHEMBL174457,0.9,CHEMBL274,0.9
CN(C[C@@H](CCN1CCC(N(CC2CCCCC2)C(=O)OCc2ccccc2)CC1)c1ccccc1)S(=O)(=O)c1ccccc1,CHEMBL84351,800.0,CHEMBL274,800.0
CCN(C(=O)OC(C)(C)C)C1CCN(CC[C@H](CN(C)S(=O)(=O)c2ccccc2)c2ccccc2)CC1,CHEMBL79930,25.0,CHEMBL274,25.0
CNC(=O)NC1CCN(CCC(CN(C)S(=O)(=O)c2ccccc2)c2ccccc2)CC1,CHEMBL83773,1000.0,CHEMBL274,1000.0
CCn1nc(Cc2ccccc2)cc1C1CCN(C[C@H]2CN([C@H](CC3CCC3)C(=O)O)C[C@@H]2c2cccc(F)c2)CC1,CHEMBL173095,1.2,CHEMBL274,1.2
CCN(C(=O)OC)C1CCN(CC[C@H](CN(C)S(=O)(=O)c2ccccc2)c2ccccc2)CC1,CHEMBL310645,40.0,CHEMBL274,40.0
C=CCN(C(=O)OCc1ccccc1)C1CCN(CC[C@H](CN(C)S(=O)(=O)c2ccccc2)c2ccccc2)CC1,CHEMBL82168,1.5,CHEMBL274,1.5
CCCN(C(=O)OCc1cccc(C(N)=O)c1)C1CCN(CC[C@H](CN(C)S(=O)(=O)c2ccccc2)c2cccc(Cl)c2)CC1,CHEMBL310106,0.8,CHEMBL274,0.8
CCCN(C(=O)OC)C1CCN(CC[C@H](CN(C)S(=O)(=O)c2ccccc2)c2ccccc2)CC1,CHEMBL79907,20.0,CHEMBL274,20.0
CCCCN(C(=O)OCc1ccccc1)C1CCN(CC[C@H](CN(C)S(=O)(=O)c2ccccc2)c2ccccc2)CC1,CHEMBL432182,5.0,CHEMBL274,5.0
CN(CC(CCN1CCC(NC(=O)NCc2ccccc2)CC1)c1ccccc1)S(=O)(=O)c1ccccc1,CHEMBL309922,100.0,CHEMBL274,100.0
COC(=O)N(Cc1ccccc1)C1CCN(CC[C@H](CN(C)S(=O)(=O)c2ccccc2)c2ccccc2)CC1,CHEMBL79315,100.0,CHEMBL274,100.0
CCCN(C(=O)NCc1ccccc1)C1CCN(CCC(CN(C)S(=O)(=O)c2ccccc2)c2ccccc2)CC1,CHEMBL79530,2.5,CHEMBL274,2.5
CCCN(C(=O)N[C@@H](C)c1ccccc1)C1CCN(CCC(CN(C)S(=O)(=O)c2ccccc2)c2ccccc2)CC1,CHEMBL83113,75.0,CHEMBL274,75.0
CCCCN(C(=O)OC)C1CCN(CC[C@H](CN(C)S(=O)(=O)c2ccccc2)c2ccccc2)CC1,CHEMBL431009,15.0,CHEMBL274,15.0
C=CCN(C(=O)OCc1ccccc1)C1CCN(CCC(CN(C)S(=O)(=O)c2ccccc2)c2ccccc2)CC1,CHEMBL2114184,2.0,CHEMBL274,2.0
CCCN(C(=O)Nc1ccccc1)C1CCN(CCC(CN(C)S(=O)(=O)c2ccccc2)c2ccccc2)CC1,CHEMBL445836,4.0,CHEMBL274,4.0
CCn1nc(Cc2ccccc2)cc1C1CCN(C[C@H]2CN([C@H](CC(C)C)C(=O)O)C[C@@H]2c2ccccc2)CC1,CHEMBL170892,2.9,CHEMBL274,2.9
CCn1nc(Cc2ccccc2)cc1C1CCN(C[C@H]2CN([C@H](CC3CC3)C(=O)O)C[C@@H]2c2cccc(F)c2)CC1,CHEMBL175327,1.2,CHEMBL274,1.2
COC(=O)NC1CCN(CC[C@H](CN(C)S(=O)(=O)c2ccccc2)c2ccccc2)CC1,CHEMBL310369,1000.0,CHEMBL274,1000.0
CN(C(=O)OCc1ccccc1)C1CCN(CC[C@H](CN(C)S(=O)(=O)c2ccccc2)c2ccccc2)CC1,CHEMBL309619,5.0,CHEMBL274,5.0
CCCN(C(=O)N(C)Cc1ccccc1)C1CCN(CCC(CN(C)S(=O)(=O)c2ccccc2)c2ccccc2)CC1,CHEMBL309447,20.0,CHEMBL274,20.0
O=C(c1ccccc1Br)N1C[C@H](CN2CCC(c3ccccc3)CC2)[C@@H](c2ccccc2)C1,CHEMBL93168,48.0,CHEMBL274,48.0
C=CCN(C(=O)OCc1ccc([N+](=O)[O-])cc1)C1CCN(C[C@H]2CN(C(=O)c3cccc4ccccc34)C[C@@H]2c2ccccc2)CC1,CHEMBL327241,0.8,CHEMBL274,0.8
C=CCN(C(=O)OCc1ccc([N+](=O)[O-])cc1)C1CCN(C[C@H]2CN(C(=O)C3CCCCC3)C[C@@H]2c2ccccc2)CC1,CHEMBL328260,0.8,CHEMBL274,0.8
COc1ccc(C(=O)N2C[C@H](CN3CCC(c4ccccc4)CC3)[C@@H](c3ccccc3)C2)cc1,CHEMBL330285,1000.0,CHEMBL274,1000.0
O=C(c1cccnc1)N1C[C@H](CN2CCC(c3ccccc3)CC2)[C@@H](c2ccccc2)C1,CHEMBL327354,260.0,CHEMBL274,260.0
O=C(c1ccco1)N1C[C@H](CN2CCC(c3ccccc3)CC2)[C@@H](c2ccccc2)C1,CHEMBL328373,55.0,CHEMBL274,55.0
CCN(C(=O)OCc1ccccc1)C1CCN(C[C@H]2CN(C(=O)c3ccccc3Cl)C[C@@H]2c2ccccc2)CC1,CHEMBL93851,2.0,CHEMBL274,2.0
O=C(c1ccccc1Cl)N1C[C@H](CN2CCC(c3ccccc3)CC2)[C@@H](c2ccccc2)C1,CHEMBL329813,52.0,CHEMBL274,52.0
O=C(c1ccccc1-c1ccccc1)N1C[C@H](CN2CCC(c3ccccc3)CC2)[C@@H](c2ccccc2)C1,CHEMBL92133,89.0,CHEMBL274,89.0
CCC(CC)C(=O)N1C[C@H](CN2CCC(c3ccccc3)CC2)[C@@H](c2ccccc2)C1,CHEMBL329107,57.0,CHEMBL274,57.0
COC(=O)N(CC1CCCC1)C1CCN(C[C@H]2CN(Cc3ccccc3)C[C@@H]2c2ccccc2)CC1,CHEMBL327898,46.0,CHEMBL274,46.0
COC(=O)N(CC1CCCC1)C1CCN(C[C@H]2CN(C(=O)c3ccccc3Cl)C[C@@H]2c2ccccc2)CC1,CHEMBL93961,12.0,CHEMBL274,12.0
CCN(C(=O)OCc1ccccc1)C1CCN(C[C@H]2CN(C(=O)C3CCCC3)C[C@@H]2c2ccccc2)CC1,CHEMBL430867,2.0,CHEMBL274,2.0
Brc1cccc([C@H]2CN(Cc3ccccc3)C[C@@H]2CN2CCC(c3ccccc3)CC2)c1,CHEMBL93691,1000.0,CHEMBL274,1000.0
Fc1cccc([C@H]2CN(Cc3ccccc3)C[C@@H]2CN2CCC(c3ccccc3)CC2)c1,CHEMBL96217,150.0,CHEMBL274,150.0
c1ccc(CN2C[C@H](CN3CCC(c4ccccc4)CC3)[C@@H](c3cccc(-c4ccsc4)c3)C2)cc1,CHEMBL330065,220.0,CHEMBL274,220.0
O=C(Cc1ccccc1)N1C[C@H](CN2CCC(c3ccccc3)CC2)[C@@H](c2ccccc2)C1,CHEMBL93229,155.0,CHEMBL274,155.0
O=C(C1CCCC1)N1C[C@H](CN2CCC(c3ccccc3)CC2)[C@@H](c2ccccc2)C1,CHEMBL94179,19.0,CHEMBL274,19.0
O=C(C1CCC1)N1C[C@H](CN2CCC(c3ccccc3)CC2)[C@@H](c2ccccc2)C1,CHEMBL93457,48.0,CHEMBL274,48.0
O=C(C1CCCCC1)N1C[C@H](CN2CCC(c3ccccc3)CC2)[C@@H](c2ccccc2)C1,CHEMBL92861,34.0,CHEMBL274,34.0
c1ccc(C2CCN(C[C@H]3CN(c4ccccc4)C[C@@H]3c3ccccc3)CC2)cc1,CHEMBL93887,1000.0,CHEMBL274,1000.0
O=C(c1cccc2ccccc12)N1C[C@H](CN2CCC(c3ccccc3)CC2)[C@@H](c2ccccc2)C1,CHEMBL315159,19.0,CHEMBL274,19.0
CCN(C(=O)OCc1ccccc1)C1CCN(C[C@H]2CN(Cc3ccccc3)C[C@@H]2c2ccccc2)CC1,CHEMBL327801,9.0,CHEMBL274,9.0
c1ccc(CN2C[C@H](CN3CCC(c4ccccc4)CC3)[C@@H](c3ccccc3)C2)cc1,CHEMBL90015,255.0,CHEMBL274,255.0
COC(=O)N(CC1CCCC1)C1CCN(C[C@H]2CN(C(=O)c3cccc4ccccc34)C[C@@H]2c2ccccc2)CC1,CHEMBL406552,22.0,CHEMBL274,22.0
c1ccc(CCCN2C[C@H](CN3CCC(c4ccccc4)CC3)[C@@H](c3ccccc3)C2)cc1,CHEMBL93277,1000.0,CHEMBL274,1000.0
CCN(C(=O)OCc1ccccc1)C1CCN(C[C@H]2CN(C(=O)C3CCCCC3)C[C@@H]2c2ccccc2)CC1,CHEMBL329417,4.0,CHEMBL274,4.0
c1ccc(CCN2C[C@H](CN3CCC(c4ccccc4)CC3)[C@@H](c3ccccc3)C2)cc1,CHEMBL441635,200.0,CHEMBL274,200.0
COC(=O)N(CC1CCCC1)C1CCN(C[C@H]2CN(C(=O)c3ccccc3)C[C@@H]2c2ccccc2)CC1,CHEMBL430905,31.0,CHEMBL274,31.0
COC(=O)c1cccc([C@H]2CN(Cc3ccccc3)C[C@@H]2CN2CCC(c3ccccc3)CC2)c1,CHEMBL329382,1000.0,CHEMBL274,1000.0
C=CCN(C(=O)OCc1ccc([N+](=O)[O-])cc1)C1CCN(C[C@H]2CN(C(=O)C3CCCC3)C[C@@H]2c2ccccc2)CC1,CHEMBL329893,0.2,CHEMBL274,0.2
C=CCN(C(=O)OCc1ccc([N+](=O)[O-])cc1)C1CCN(CC[C@](C)(CN(C)S(=O)(=O)c2ccccc2)c2ccccc2)CC1,CHEMBL93139,0.1,CHEMBL274,0.1
CC(c1ccccc1)N1C[C@H](CN2CCC(c3ccccc3)CC2)[C@@H](c2ccccc2)C1,CHEMBL91697,480.0,CHEMBL274,480.0
COC(=O)c1ccccc1C(=O)N1C[C@H](CN2CCC(c3ccccc3)CC2)[C@@H](c2ccccc2)C1,CHEMBL327392,32.0,CHEMBL274,32.0
Cc1cccc([C@H]2CN(Cc3ccccc3)C[C@@H]2CN2CCC(c3ccccc3)CC2)c1,CHEMBL327540,390.0,CHEMBL274,390.0
Clc1ccccc1[C@H]1CN(Cc2ccccc2)C[C@@H]1CN1CCC(c2ccccc2)CC1,CHEMBL327478,1000.0,CHEMBL274,1000.0
COc1ccccc1C(=O)N1C[C@H](CN2CCC(c3ccccc3)CC2)[C@@H](c2ccccc2)C1,CHEMBL327800,140.0,CHEMBL274,140.0
Clc1cccc([C@H]2CN(Cc3ccccc3)C[C@@H]2CN2CCC(c3ccccc3)CC2)c1,CHEMBL94032,810.0,CHEMBL274,810.0
O=C(Nc1ccccc1)N1C[C@H](CN2CCC(c3ccccc3)CC2)[C@@H](c2ccccc2)C1,CHEMBL93644,610.0,CHEMBL274,610.0
O=C(c1ccoc1)N1C[C@H](CN2CCC(c3ccccc3)CC2)[C@@H](c2ccccc2)C1,CHEMBL329555,33.0,CHEMBL274,33.0
O=C(c1ccccc1C(F)(F)F)N1C[C@H](CN2CCC(c3ccccc3)CC2)[C@@H](c2ccccc2)C1,CHEMBL93625,97.0,CHEMBL274,97.0
O=C(c1cccs1)N1C[C@H](CN2CCC(c3ccccc3)CC2)[C@@H](c2ccccc2)C1,CHEMBL94182,46.0,CHEMBL274,46.0
O=C(c1ccccc1)N1C[C@H](CN2CCC(c3ccccc3)CC2)[C@@H](c2ccccc2)C1,CHEMBL327846,67.0,CHEMBL274,67.0
O=C(c1ccccc1F)N1C[C@H](CN2CCC(c3ccccc3)CC2)[C@@H](c2ccccc2)C1,CHEMBL90129,96.0,CHEMBL274,96.0
c1ccc(CN2C[C@H](CN3CCC(c4ccccc4)CC3)[C@@H](c3cccc(-c4ccccc4)c3)C2)cc1,CHEMBL91339,1000.0,CHEMBL274,1000.0
C=CCN(C(=O)OCc1ccc([N+](=O)[O-])cc1)C1CCN(C[C@H]2CN(C(=O)c3ccccc3)C[C@@H]2c2ccccc2)CC1,CHEMBL431852,0.2,CHEMBL274,0.2
O=C(c1ccc(Cl)cc1)N1C[C@H](CN2CCC(c3ccccc3)CC2)[C@@H](c2ccccc2)C1,CHEMBL316073,750.0,CHEMBL274,750.0
COC(=O)N(CC1CCCC1)C1CCN(C[C@H]2CN(C(=O)C3CCCC3)C[C@@H]2c2ccccc2)CC1,CHEMBL327186,15.0,CHEMBL274,15.0
CCN(C(=O)OCc1ccccc1)C1CCN(C[C@H]2CN(C(=O)c3cccc4ccccc34)C[C@@H]2c2ccccc2)CC1,CHEMBL329140,4.0,CHEMBL274,4.0
O=S(=O)(c1ccccc1)N1C[C@H](CN2CCC(c3ccccc3)CC2)[C@@H](c2ccccc2)C1,CHEMBL329131,152.0,CHEMBL274,152.0
C=CCN(C(=O)OCc1ccc([N+](=O)[O-])cc1)C1CCN(C[C@H]2CN(C(=O)c3ccccc3Cl)C[C@@H]2c2ccccc2)CC1,CHEMBL328297,0.8,CHEMBL274,0.8
CCN(C(=O)OCc1ccccc1)C1CCN(C[C@H]2CN(C(=O)c3ccccc3)C[C@@H]2c2ccccc2)CC1,CHEMBL92803,5.0,CHEMBL274,5.0
O=S(=O)(c1ccccc1)N1C[C@H](CN2CCC3(CC2)C[S+]([O-])c2ccccc23)[C@@H](c2ccccc2)C1,CHEMBL330528,26.0,CHEMBL274,26.0
Clc1ccc([C@H]2CN(Cc3ccccc3)C[C@@H]2CN2CCC(c3ccccc3)CC2)cc1,CHEMBL94031,1000.0,CHEMBL274,1000.0
c1ccc(C2CCN(C[C@H]3CNC[C@@H]3c3ccccc3)CC2)cc1,CHEMBL414222,980.0,CHEMBL274,980.0
C=CCN(C(=O)OCc1ccc([N+](=O)[O-])cc1)C1CCN(C[C@H]2CN(Cc3ccccc3)C[C@@H]2c2ccccc2)CC1,CHEMBL328445,0.1,CHEMBL274,0.1
O=C(c1cccc(Cl)c1)N1C[C@H](CN2CCC(c3ccccc3)CC2)[C@@H](c2ccccc2)C1,CHEMBL93949,94.0,CHEMBL274,94.0
COc1cccc(C(=O)N2C[C@H](CN3CCC(c4ccccc4)CC3)[C@@H](c3ccccc3)C2)c1,CHEMBL91793,140.0,CHEMBL274,140.0
COC(=O)N(CC1CCCC1)C1CCN(C[C@H]2CN(C(=O)C3CCCCC3)C[C@@H]2c2ccccc2)CC1,CHEMBL96242,17.0,CHEMBL274,17.0
COC(=O)N(CC1CCCC1)C1CCN(CC[C@H](CN(C)S(=O)(=O)c2ccccc2)c2ccccc2)CC1,CHEMBL92013,22.0,CHEMBL274,22.0
CCN(C(=O)OCc1ccccc1)C1CCN(CC[C@H](CN(C)S(=O)(=O)c2ccccc2)c2ccccc2)CC1,CHEMBL85086,7.0,CHEMBL274,7.0
Cc1cccc(C)c1C(=O)N1CCC(N2CCN([C@@H](C)c3ccc(Br)cc3)[C@@H](C)C2)CC1,CHEMBL322817,6.0,CHEMBL274,6.0
C=CCN(C(=O)OCc1ccc([N+](=O)[O-])cc1)C1CCN(CC[C@@H](C[C@H](C)S(=O)(=O)c2ccccc2)c2ccccc2)CC1,CHEMBL120569,3500.0,CHEMBL274,3.5
CCN(C(=O)OCc1ccccc1)C1CCN(CCC(CC(C)S(=O)(=O)c2ccccc2)c2ccccc2)CC1,CHEMBL121321,8600.0,CHEMBL274,8.6
C=CCN(C(=O)OCc1ccc([N+](=O)[O-])cc1)C1CCN(CCC(CC(CC)S(=O)(=O)c2ccccc2)c2ccccc2)CC1,CHEMBL331754,7200.0,CHEMBL274,7.2
C=CCN(C(=O)OCc1ccc([N+](=O)[O-])cc1)C1CCN(CCC(C)(CCS(=O)(=O)c2ccccc2)c2ccccc2)CC1,CHEMBL120584,4400.0,CHEMBL274,4.4
C=CCN(C(=O)OCc1ccc([N+](=O)[O-])cc1)C1CCN(CC[C@@H](C[C@@H](C)S(=O)(=O)c2ccccc2)c2ccccc2)CC1,CHEMBL402701,8400.0,CHEMBL274,8.4
C=CCN(C(=O)OCc1ccc([N+](=O)[O-])cc1)C1CCN(CCC(CC(C)S(=O)(=O)CC)c2ccccc2)CC1,CHEMBL120419,6000.0,CHEMBL274,6.0
CCN(C(=O)OCc1ccccc1)C1CCN(CCC(C)(CC(C)S(=O)(=O)c2ccccc2)c2ccccc2)CC1,CHEMBL118196,6800.0,CHEMBL274,6.8
C=CCN(C(=O)OCc1ccc([N+](=O)[O-])cc1)C1CCN(CCC(CC(C)S(C)(=O)=O)c2ccccc2)CC1,CHEMBL332908,6000.0,CHEMBL274,6.0
C=CCN(C(=O)OCc1ccc([N+](=O)[O-])cc1)C1CCN(CCC(C)(CC(C)S(=O)(=O)c2ccccc2)c2ccccc2)CC1,CHEMBL324284,3800.0,CHEMBL274,3.8
C=CCN(C(=O)OCc1ccc([N+](=O)[O-])cc1)C1CCN(CC[C@H](C[C@@H](C)S(=O)(=O)c2ccccc2)c2ccccc2)CC1,CHEMBL261935,2300.0,CHEMBL274,2.3
Cn1nc(Cc2ccccc2)cc1C1CCN(C[C@H]2CN([C@@H](C(=O)O)C3CCCCC3)C[C@@H]2c2ccccc2)CC1,CHEMBL176392,4.2,CHEMBL274,4.2
Cn1ncc(CCc2ccccc2)c1C1CCN(C[C@H]2CN([C@@H](C(=O)O)C3CCCCC3)C[C@@H]2c2ccccc2)CC1,CHEMBL368183,1.0,CHEMBL274,1.0
CCCn1ncc(CCc2ccccc2)c1C1CCN(C[C@H]2CN([C@@H](C(=O)O)C3CCCCC3)C[C@@H]2c2ccccc2)CC1,CHEMBL367837,0.6,CHEMBL274,0.6
CCn1nc(-c2ccc(C#N)cc2)cc1C1CCN(C[C@H]2CN([C@@H](C(=O)O)C3CCCCC3)C[C@@H]2c2ccccc2)CC1,CHEMBL172761,16.0,CHEMBL274,16.0
O=C(O)Cn1nc(Cc2ccccc2)cc1C1CCN(C[C@H]2CN([C@@H](C(=O)O)C3CCCCC3)C[C@@H]2c2ccccc2)CC1,CHEMBL174283,33.0,CHEMBL274,33.0
CCn1ncc(Cc2ccccc2)c1C1CCN(C[C@H]2CN([C@@H](C(=O)O)C3CCCCC3)C[C@@H]2c2ccccc2)CC1,CHEMBL368265,3.0,CHEMBL274,3.0
CCc1cc(Cc2ccccc2)n(C2CCN(C[C@H]3CN([C@@H](C(=O)O)C4CCCCC4)C[C@@H]3c3ccccc3)CC2)n1,CHEMBL173609,78.0,CHEMBL274,78.0
O=C(O)[C@@H](C1CCCCC1)N1C[C@H](CN2CCC(c3cc(Cc4ccccc4)nn3CC(F)(F)F)CC2)[C@@H](c2ccccc2)C1,CHEMBL367863,4.8,CHEMBL274,4.8
CC(C)(c1ccccc1)c1c[nH]nc1C1CCN(C[C@H]2CN([C@@H](C(=O)O)C3CCCCC3)C[C@@H]2c2ccccc2)CC1,CHEMBL173262,11.5,CHEMBL274,11.5
CCn1ncc(C(C)(C)c2ccccc2)c1C1CCN(C[C@H]2CN([C@@H](C(=O)O)C3CCCCC3)C[C@@H]2c2ccccc2)CC1,CHEMBL355749,6.9,CHEMBL274,6.9
CCOC(=O)Cn1nc(Cc2ccccc2)cc1C1CCN(C[C@H]2CN([C@@H](C(=O)O)C3CCCCC3)C[C@@H]2c2ccccc2)CC1,CHEMBL368517,9.0,CHEMBL274,9.0
CCCn1nc(Cc2ccccc2)cc1C1CCN(C[C@H]2CN([C@@H](C(=O)O)C3CCCCC3)C[C@@H]2c2ccccc2)CC1,CHEMBL367421,4.6,CHEMBL274,4.6
CCCn1cc(CCc2ccccc2)c(C2CCN(C[C@H]3CN([C@@H](C(=O)O)C4CCCCC4)C[C@@H]3c3ccccc3)CC2)n1,CHEMBL369189,9.0,CHEMBL274,9.0
N#Cc1ccc(-c2cc(C3CCN(C[C@H]4CN([C@@H](C(=O)O)C5CCCCC5)C[C@@H]4c4ccccc4)CC3)n[nH]2)cc1,CHEMBL367446,7.5,CHEMBL274,7.5
CCn1nc(-c2cccc3ccccc23)cc1C1CCN(C[C@H]2CN([C@@H](C(=O)O)C3CCCCC3)C[C@@H]2c2cccc(F)c2)CC1,CHEMBL172944,16.0,CHEMBL274,16.0
O=C(O)[C@@H](C1CCCCC1)N1C[C@H](CN2CCC(c3n[nH]cc3CCc3ccccc3)CC2)[C@@H](c2ccccc2)C1,CHEMBL367787,1.2,CHEMBL274,1.2
Cn1cc(CCc2ccccc2)c(C2CCN(C[C@H]3CN([C@@H](C(=O)O)C4CCCCC4)C[C@@H]3c3ccccc3)CC2)n1,CHEMBL172721,23.0,CHEMBL274,23.0
CCN(C(=O)OCc1ccccc1)C1CCN(CC[C@H](CN(C)S(=O)(=O)c2ccccc2)c2cccc(Cl)c2)CC1,CHEMBL81252,2.4,CHEMBL274,2.4
CCn1nc(CCc2ccccc2)cc1C1CCN(C[C@H]2CN([C@@H](C(=O)O)C3CCCCC3)C[C@@H]2c2cccc(F)c2)CC1,CHEMBL367838,2.2,CHEMBL274,2.2
CCn1ncc(CCc2ccccc2)c1C1CCN(C[C@H]2CN([C@@H](C(=O)O)C3CCCCC3)C[C@@H]2c2ccccc2)CC1,CHEMBL352981,0.6,CHEMBL274,0.6
O=C(O)[C@@H](C1CCCCC1)N1C[C@H](CN2CCC(c3n[nH]cc3C(F)(F)c3ccccc3)CC2)[C@@H](c2ccccc2)C1,CHEMBL170543,2.1,CHEMBL274,2.1
O=C(O)[C@@H](C1CCCCC1)N1C[C@H](CN2CCC(c3[nH]ncc3Cc3ccccc3)CC2)[C@@H](c2ccccc2)C1,CHEMBL353827,4.8,CHEMBL274,4.8
O=C(O)[C@@H](C1CCCCC1)N1C[C@H](CN2CCC(c3nocc3Cc3ccccc3)CC2)[C@@H](c2ccccc2)C1,CHEMBL173064,1.2,CHEMBL274,1.2
CCn1ncc(C(=O)c2ccccc2)c1C1CCN(C[C@H]2CN([C@@H](C(=O)O)C3CCCCC3)C[C@@H]2c2ccccc2)CC1,CHEMBL413058,23.0,CHEMBL274,23.0
O=C(O)[C@@H](C1CCCCC1)N1C[C@H](CN2CCC(CCCc3ccccc3)CC2)[C@@H](c2ccccc2)C1,CHEMBL102826,0.2,CHEMBL274,0.2
CCn1nc(-c2ccc(CN)cc2)cc1C1CCN(C[C@H]2CN([C@@H](C(=O)O)C3CCCCC3)C[C@@H]2c2ccccc2)CC1,CHEMBL368757,112.0,CHEMBL274,112.0
O=C(O)[C@@H](C1CCCCC1)N1C[C@H](CN2CCC(c3cc(Cc4ccccc4)n[nH]3)CC2)[C@@H](c2ccccc2)C1,CHEMBL172659,2.2,CHEMBL274,2.2
O=C(c1ccccc1)c1c[nH]nc1C1CCN(C[C@H]2CN([C@@H](C(=O)O)C3CCCCC3)C[C@@H]2c2ccccc2)CC1,CHEMBL435724,41.0,CHEMBL274,41.0
CCn1nc(C2CCN(C[C@H]3CN([C@@H](C(=O)O)C4CCCCC4)C[C@@H]3c3ccccc3)CC2)cc1Cc1ccccc1,CHEMBL367894,76.0,CHEMBL274,76.0
CCn1nc(-c2ccccc2)cc1C1CCN(C[C@H]2CN([C@@H](C(=O)O)C3CCCCC3)C[C@@H]2c2ccccc2)CC1,CHEMBL366450,22.0,CHEMBL274,22.0
O=C(O)[C@@H](C1CCCCC1)N1C[C@H](CN2CCC(c3cc(-c4ccc(Cl)cc4Cl)[nH]n3)CC2)[C@@H](c2cccc(F)c2)C1,CHEMBL170717,9.0,CHEMBL274,9.0
CCCCn1nc(Cc2ccccc2)cc1C1CCN(C[C@H]2CN([C@@H](C(=O)O)C3CCCCC3)C[C@@H]2c2ccccc2)CC1,CHEMBL366536,3.0,CHEMBL274,3.0
O=C(O)[C@@H](C1CCCCC1)N1C[C@H](CN2CCC(c3n[nH]cc3C3(c4ccccc4)CC3)CC2)[C@@H](c2ccccc2)C1,CHEMBL172845,4.4,CHEMBL274,4.4
CCn1cc(Cc2ccccc2)c(C2CCN(C[C@H]3CN([C@@H](C(=O)O)C4CCCCC4)C[C@@H]3c3ccccc3)CC2)n1,CHEMBL170987,20.0,CHEMBL274,20.0
CCn1cc(CCc2ccccc2)c(C2CCN(C[C@H]3CN([C@@H](C(=O)O)C4CCCCC4)C[C@@H]3c3ccccc3)CC2)n1,CHEMBL366626,2.3,CHEMBL274,2.3
O=C(O)[C@@H](C1CCCCC1)N1C[C@H](CN2CCC(c3oncc3Cc3ccccc3)CC2)[C@@H](c2ccccc2)C1,CHEMBL435709,0.8,CHEMBL274,0.8
COc1ccc(-c2cc(C3CCN(C[C@H]4CN([C@@H](C(=O)O)C5CCCCC5)C[C@@H]4c4cccc(F)c4)CC3)[nH]n2)cc1,CHEMBL435526,12.0,CHEMBL274,12.0
CCn1nc(Cc2ccccc2)cc1C1CCN(C[C@H]2CN([C@@H](C(=O)O)C3CCCCC3)C[C@@H]2c2ccccc2)CC1,CHEMBL353331,1.2,CHEMBL274,1.2
CCn1nc(Cc2ccccc2)cc1C1CCN(C[C@H]2CN([C@@H](C(=O)O)C3CCCCC3)C[C@@H]2c2ccccc2)CC1,CHEMBL353331,2.1,CHEMBL274,2.1
CCn1ncc(C2(c3ccccc3)CC2)c1C1CCN(C[C@H]2CN([C@@H](C(=O)O)C3CCCCC3)C[C@@H]2c2ccccc2)CC1,CHEMBL433980,11.0,CHEMBL274,11.0
O=C(O)[C@@H](C1CCCCC1)N1C[C@H](CN2CCC(c3cc(-c4cccc5ccccc45)[nH]n3)CC2)[C@@H](c2ccccc2)C1,CHEMBL366439,7.5,CHEMBL274,7.5
O=C(O)[C@@H](C1CCCCC1)N1C[C@H](CN2CCC(c3cc(-c4ccc(Cl)cc4)[nH]n3)CC2)[C@@H](c2cccc(F)c2)C1,CHEMBL174303,4.0,CHEMBL274,4.0
CCc1cc(CCc2ccccc2)nn1C1CCN(C[C@H]2CN([C@@H](C(=O)O)C3CCCCC3)C[C@@H]2c2ccccc2)CC1,CHEMBL171911,105.0,CHEMBL274,105.0
O=C(O)[C@@H](CC1CC1)N1C[C@H](CN2CCC(c3c[nH]c(Cc4ccccc4)n3)CC2)[C@@H](c2ccccc2)C1,CHEMBL2112560,0.73,CHEMBL274,0.73
O=C(O)[C@@H](C1CCCCC1)N1C[C@H](CN2CCC(c3cnc(Cc4ccccc4)s3)CC2)[C@@H](c2ccccc2)C1,CHEMBL480503,0.29,CHEMBL274,0.29
CCc1nc(Cc2ccccc2)sc1C1CCN(C[C@H]2CN([C@H](CC3CCC3)C(=O)O)C[C@@H]2c2cccc(F)c2)CC1,CHEMBL2112553,0.76,CHEMBL274,0.76
O=C(O)[C@@H](C1CCCCC1)N1C[C@H](CN2CCC(c3ncc(Cc4ccccc4)s3)CC2)[C@@H](c2ccccc2)C1,CHEMBL511494,2.0,CHEMBL274,2.0
O=C(O)[C@@H](CC1CCC1)N1C[C@H](CN2CCC(c3c[nH]c(Cc4ccccc4)n3)CC2)[C@@H](c2ccccc2)C1,CHEMBL2112559,0.38,CHEMBL274,0.38
CCc1nc(Cc2ccccc2)oc1C1CCN(C[C@H]2CN([C@H](CC3CCC3)C(=O)O)C[C@@H]2c2cccc(F)c2)CC1,CHEMBL2112556,0.89,CHEMBL274,0.89
O=C(O)[C@@H](CC1CCC1)N1C[C@H](CN2CCC(c3cnc(Cc4ccccc4)o3)CC2)[C@@H](c2ccccc2)C1,CHEMBL480693,0.34,CHEMBL274,0.34
CCc1nc(Cc2ccccc2)sc1C1CCN(C[C@H]2CN([C@@H](C(=O)O)C(C)C)C[C@@H]2c2cccc(F)c2)CC1,CHEMBL2112555,1.0,CHEMBL274,1.0
CC(C)[C@H](C(=O)O)N1C[C@H](CN2CCC(c3cnc(Cc4ccccc4)[nH]3)CC2)[C@@H](c2ccccc2)C1,CHEMBL471765,7.0,CHEMBL274,7.0
O=C(O)[C@@H](C1CCCCC1)N1C[C@H](CN2CCC(c3csc(-c4ccccc4)n3)CC2)[C@@H](c2ccccc2)C1,CHEMBL2112554,1.1,CHEMBL274,1.1
O=C(O)[C@@H](C1CCCCC1)N1C[C@H](CN2CCC(c3cnc(Cc4ccccc4)[nH]3)CC2)[C@@H](c2ccccc2)C1,CHEMBL520755,0.67,CHEMBL274,0.67
CC(C)[C@H](C(=O)O)N1C[C@H](CN2CCC(c3cnc(Cc4ccccc4)s3)CC2)[C@@H](c2ccccc2)C1,CHEMBL513564,0.51,CHEMBL274,0.51
O=C(O)[C@@H](C1CCCCC1)N1C[C@H](CN2CCC(c3nocc3-c3ccccc3)CC2)[C@@H](c2ccccc2)C1,CHEMBL470507,27.0,CHEMBL274,27.0
O=C(O)[C@@H](C1CCCCC1)N1C[C@H](CN2CCC(c3nc(-c4ccccc4)c[nH]3)CC2)[C@@H](c2ccccc2)C1,CHEMBL471722,23.0,CHEMBL274,23.0
O=C(O)C(CC1CC1)N1CC(c2ccccc2)[C@@H](CN2CCC(c3cnc(Cc4ccccc4)s3)CC2)C1,CHEMBL326487,0.23,CHEMBL274,0.23
O=C(O)[C@@H](CC1CCC1)N1C[C@H](CN2CCC(c3[nH]c(Cc4ccccc4)nc3Cl)CC2)[C@@H](c2cccc(F)c2)C1,CHEMBL2112557,0.6,CHEMBL274,0.6
O=C(O)[C@@H](C1CCCCC1)N1C[C@H](CN2CCC(c3cnc(-c4ccccc4)[nH]3)CC2)[C@@H](c2ccccc2)C1,CHEMBL511154,6.2,CHEMBL274,6.2
O=C(O)C(CC1CCC1)N1CC(c2ccccc2)[C@@H](CN2CCC(c3cnc(Cc4ccccc4)s3)CC2)C1,CHEMBL333619,0.23,CHEMBL274,0.23
CC(C)[C@H](C(=O)O)N1C[C@H](CN2CCC(c3cnc(Cc4ccccc4)o3)CC2)[C@@H](c2ccccc2)C1,CHEMBL471766,3.8,CHEMBL274,3.8
O=C(O)[C@@H](C1CCCCC1)N1C[C@H](CN2CCC(c3cc(-c4ccccc4)no3)CC2)[C@@H](c2ccccc2)C1,CHEMBL511806,18.1,CHEMBL274,18.1
O=C(O)[C@@H](C1CCCCC1)N1C[C@H](CN2CCC(c3csc(Cc4ccccc4)n3)CC2)[C@@H](c2ccccc2)C1,CHEMBL481080,1.3,CHEMBL274,1.3
O=C(O)[C@@H](CC1CC1)N1C[C@H](CN2CCC(c3cnc(Cc4ccccc4)o3)CC2)[C@@H](c2ccccc2)C1,CHEMBL480504,1.6,CHEMBL274,1.6
CCc1[nH]c(Cc2ccccc2)nc1C1CCN(C[C@H]2CN([C@H](CC3CCC3)C(=O)O)C[C@@H]2c2cccc(F)c2)CC1,CHEMBL2112558,0.57,CHEMBL274,0.57
O=C(O)[C@@H](C1CCCCC1)N1C[C@H](CN2CCC(c3ncc(Cc4ccccc4)o3)CC2)[C@@H](c2ccccc2)C1,CHEMBL481274,1.5,CHEMBL274,1.5
O=C(O)[C@@H](CC1CC1)N1C[C@H](CN2CCC(c3[nH]c(Cc4ccccc4)nc3Cl)CC2)[C@@H](c2cccc(F)c2)C1,CHEMBL2112552,0.7,CHEMBL274,0.7
CC[N+]1(C/C2=C/CCCCCC2)CCC(NC(=O)C2c3cc(Cl)ccc3Oc3ccc(Cl)cc32)CC1.[I-],CHEMBL277930,1000.0,CHEMBL274,1000.0
CN(C[C@@H](CCN1CCC2(CC1)CS(=O)(=O)c1ccccc12)c1ccc(Cl)c(Cl)c1)S(=O)(=O)c1cccs1,CHEMBL88976,120.0,CHEMBL274,120.0
CN(C[C@@H](CCN1CCC2(CC1)C[S+]([O-])c1ccccc12)c1ccc(Cl)c(Cl)c1)S(=O)(=O)c1cn(C)cn1,CHEMBL314077,340.0,CHEMBL274,340.0
CCCCCCCCS(=O)(=O)N(C)C[C@@H](CCN1CCC2(CC1)C[S+]([O-])c1ccccc12)c1ccc(Cl)c(Cl)c1,CHEMBL91045,1400.0,CHEMBL274,1400.0
CN(C[C@@H](CCN1CCC2(CC1)C[S+]([O-])c1ccccc12)c1ccc(Cl)c(Cl)c1)C(=O)Oc1ccccc1,CHEMBL314124,780.0,CHEMBL274,780.0
CN(C[C@@H](CCN1CCC2(CC1)C[S+]([O-])c1ccccc12)c1ccc(Cl)c(Cl)c1)S(=O)(=O)c1ccc2ccccc2c1,CHEMBL328024,60.0,CHEMBL274,60.0
CN(C[C@@H](CCN1CCC2(CC1)C[S+]([O-])c1ccccc12)c1ccc(Cl)c(Cl)c1)S(=O)(=O)c1cccnc1,CHEMBL89167,100.0,CHEMBL274,100.0
O=S(=O)(NC[C@@H](CCN1CCC2(CC1)C[S+]([O-])c1ccccc12)c1ccc(Cl)c(Cl)c1)c1ccccc1,CHEMBL89251,230.0,CHEMBL274,230.0
CCN(C[C@@H](CCN1CCC2(CC1)CS(=O)(=O)c1ccccc12)c1ccc(Cl)c(Cl)c1)S(=O)(=O)c1ccccc1,CHEMBL330734,160.0,CHEMBL274,160.0
CN(Cc1ccccc1)C[C@@H](CCN1CCC2(CC1)CS(=O)(=O)c1ccccc12)c1ccc(Cl)c(Cl)c1,CHEMBL327703,1000.0,CHEMBL274,1000.0
CN(C[C@@H](CCN1CCC2(CC1)C[S+]([O-])c1ccccc12)c1ccc(Cl)c(Cl)c1)S(=O)(=O)c1cnc2ccccc2c1,CHEMBL314551,120.0,CHEMBL274,120.0
CN(C[C@@H](CCN1CCC2(CC1)C[S+]([O-])c1ccccc12)c1ccc(Cl)c(Cl)c1)S(=O)(=O)c1ccsc1,CHEMBL329146,4000.0,CHEMBL274,4000.0
CN(C[C@@H](CCN1CCC2(CC1)CS(=O)(=O)c1ccccc12)c1ccc(Cl)c(Cl)c1)S(=O)(=O)c1cccc([N+](=O)[O-])c1,CHEMBL313072,150.0,CHEMBL274,150.0
CN(C[C@@H](CCN1CCC2(CC1)CS(=O)(=O)c1ccccc12)c1ccc(Cl)c(Cl)c1)S(=O)(=O)c1ccc([N+](=O)[O-])cc1,CHEMBL313071,60.0,CHEMBL274,60.0
CN(C[C@@H](CCN1CCC2(CC1)C[S+]([O-])c1ccccc12)c1ccc(Cl)c(Cl)c1)C(=O)Cc1ccccc1,CHEMBL314342,640.0,CHEMBL274,640.0
CN(C[C@@H](CCN1CCC2(CC1)C[S+]([O-])c1ccccc12)c1ccc(Cl)c(Cl)c1)S(=O)(=O)c1cccs1,CHEMBL89279,60.0,CHEMBL274,60.0
CN(C[C@@H](CCN1CCC2(CC1)C[S+]([O-])c1ccccc12)c1ccc(Cl)c(Cl)c1)S(=O)(=O)C1CCCCC1,CHEMBL88644,100.0,CHEMBL274,100.0
CCN(C[C@@H](CCN1CCC2(CC1)C[S+]([O-])c1ccccc12)c1ccc(Cl)c(Cl)c1)S(=O)(=O)c1ccccc1,CHEMBL315293,130.0,CHEMBL274,130.0
CN(C[C@@H](CCN1CCC2(CC1)C[S+]([O-])c1ccccc12)c1ccc(Cl)c(Cl)c1)S(=O)(=O)c1cccc2ccccc12,CHEMBL328025,360.0,CHEMBL274,360.0
CN(C[C@@H](CCN1CCC2(CC1)C[S+]([O-])c1ccccc12)c1ccc(Cl)c(Cl)c1)S(=O)(=O)c1cccc2cccnc12,CHEMBL315084,90.0,CHEMBL274,90.0
CN(C[C@@H](CCN1CCC2(CC1)C[S+]([O-])c1ccccc12)c1ccc(Cl)c(Cl)c1)S(=O)(=O)c1ccccc1,CHEMBL79504,35.0,CHEMBL274,35.0
O=S(=O)(NC[C@@H](CCN1CCC2(CC1)CSc1ccccc12)c1ccc(Cl)c(Cl)c1)c1ccccc1,CHEMBL314486,1600.0,CHEMBL274,1600.0
O=C(OC[C@@H](CCN1CCC2(CC1)C[S+]([O-])c1ccccc12)c1ccc(Cl)c(Cl)c1)c1ccccc1,CHEMBL88319,4.0,CHEMBL274,4.0
COc1ccc(S(=O)(=O)N(C)C[C@@H](CCN2CCC3(CC2)C[S+]([O-])c2ccccc23)c2ccc(Cl)c(Cl)c2)cc1,CHEMBL86419,40.0,CHEMBL274,40.0
CN(C[C@@H](CCN1CCC2(CC1)C[S+]([O-])c1ccccc12)c1ccc(Cl)c(Cl)c1)S(=O)(=O)c1ccc(-c2ccccc2)cc1,CHEMBL330570,40.0,CHEMBL274,40.0
CN(C[C@@H](CCN1CCC2(CC1)CS(=O)(=O)c1ccccc12)c1ccc(Cl)c(Cl)c1)S(=O)(=O)c1ccccc1,CHEMBL421356,100.0,CHEMBL274,100.0
CN(C[C@@H](CCN1CCC2(CC1)C[S+]([O-])c1ccccc12)c1ccc(Cl)c(Cl)c1)S(=O)(=O)C1CCCC1,CHEMBL87167,100.0,CHEMBL274,100.0
CN(C[C@@H](CCN1CCC2(CC1)C[S+]([O-])c1ccccc12)c1ccc(Cl)c(Cl)c1)S(=O)(=O)c1ccccc1Cl,CHEMBL88261,80.0,CHEMBL274,80.0
CN(C)S(=O)(=O)N(C)C[C@@H](CCN1CCC2(CC1)C[S+]([O-])c1ccccc12)c1ccc(Cl)c(Cl)c1,CHEMBL90272,340.0,CHEMBL274,340.0
CN(C[C@@H](CCN1CCC2(CC1)C[S+]([O-])c1ccccc12)c1ccc(Cl)c(Cl)c1)S(=O)(=O)Cc1ccccc1,CHEMBL88159,590.0,CHEMBL274,590.0
CN(C[C@@H](CCN1CCC2(CC1)C[S+]([O-])c1ccccc12)c1ccc(Cl)c(Cl)c1)S(=O)(=O)c1cccc(Cl)c1,CHEMBL88344,70.0,CHEMBL274,70.0
CN(C[C@@H](CCN1CCC2(CC1)C[S+]([O-])c1ccccc12)c1ccc(Cl)c(Cl)c1)S(C)(=O)=O,CHEMBL89221,850.0,CHEMBL274,850.0
CN(C[C@@H](CCN1CCC2(CC1)C[S+]([O-])c1ccccc12)c1ccc(Cl)c(Cl)c1)S(=O)(=O)c1ccc2[nH]ccc2c1,CHEMBL90385,70.0,CHEMBL274,70.0
CN(C[C@@H](CCN1CCC2(CC1)CSc1ccccc12)c1ccc(Cl)c(Cl)c1)S(=O)(=O)c1ccccc1,CHEMBL420057,1000.0,CHEMBL274,1000.0
[O-][S+]1CC2(CCN(CC[C@H](COCc3ccccc3)c3ccc(Cl)c(Cl)c3)CC2)c2ccccc21,CHEMBL315707,4.0,CHEMBL274,4.0
CN(C[C@@H](CCN1CCC2(CC1)C[S+]([O-])c1ccccc12)c1ccc(Cl)c(Cl)c1)S(=O)(=O)c1ccc(Cl)cc1,CHEMBL90620,40.0,CHEMBL274,40.0
Cc1cccc(C)c1C(=O)N1CCC(N2CCN([C@@H](C)c3ccc(S(=O)(=O)c4ccc5c(c4)OCO5)cc3)[C@H](C)C2)CC1,CHEMBL305026,440.0,CHEMBL274,440.0
Cc1ccccc1C(=O)N1CCC(N2CCN([C@@H](C)c3ccc(Cc4ccc5c(c4)OCO5)cc3)[C@@H](C)C2)CC1,CHEMBL70124,90.0,CHEMBL274,90.0
O=S(=O)(c1ccccc1)N1C[C@H](CN2CCC3(CC2)C[S+]([O-])c2ccccc23)[C@@H](c2ccccc2)C1,CHEMBL330528,26.0,CHEMBL274,26.0
O=S1(=O)CC2(CCN(C[C@H]3CN(S(=O)(=O)c4ccccc4)C[C@@H]3c3ccccc3)CC2)c2ccccc21,CHEMBL431111,170.0,CHEMBL274,170.0
CN(CC(CCN1CCC2(CC1)C[S+]([O-])c1ccccc12)c1ccccc1)S(=O)(=O)c1ccccc1,CHEMBL408438,68.0,CHEMBL274,68.0
O=S(=O)(c1ccccc1)N1C[C@H](CN2CCC3(CC2)C[S+]([O-])c2ccccc23)[C@@H](c2ccccc2)C1,CHEMBL330528,120.0,CHEMBL274,120.0
O=S1(=O)CC2(CCN(C[C@H]3CN(S(=O)(=O)c4ccccc4)C[C@@H]3c3ccccc3)CC2)c2ccccc21,CHEMBL431111,49.0,CHEMBL274,49.0
O=S(=O)(c1ccccc1)N1C[C@@H](CN2CCC3(CC2)C[S+]([O-])c2ccccc23)[C@@H](c2ccccc2)C1,CHEMBL284380,3500.0,CHEMBL274,3500.0
C=CCN(C(=O)OCc1ccc([N+](=O)[O-])cc1)C1CCN(C[C@H]2CN(C(=O)c3ccccc3Cl)C[C@@H]2c2ccccc2)CC1,CHEMBL328297,0.8,CHEMBL274,0.8
OC[C@H](C1CCCCC1)N1C[C@H](CN2CCC(O)(CCCc3ccccc3)CC2)[C@@H](c2ccccc2)C1,CHEMBL103813,1.0,CHEMBL274,1.0
O=C(O)c1ccc(CCCC2(O)CCN(C[C@H]3CN(CC4CCCCC4)C[C@@H]3c3ccccc3)CC2)cc1,CHEMBL319689,10.0,CHEMBL274,10.0
O=C(O)CCc1ccc(CCCC2(O)CCN(C[C@H]3CN(CC4CCCCC4)C[C@@H]3c3ccccc3)CC2)cc1,CHEMBL320149,2.0,CHEMBL274,2.0
O=C(O)CN1C[C@H](CN2CCC(O)(CCCc3ccccc3)CC2)[C@@H](c2ccccc2)C1,CHEMBL102674,6.0,CHEMBL274,6.0
O=C(O)[C@@H](C1CCCC1)N1C[C@H](CN2CCC(CCCc3ccccc3)CC2)[C@@H](c2ccccc2)C1,CHEMBL99909,0.2,CHEMBL274,0.2
Cn1nnnc1-c1ccc(CCCC2(O)CCN(C[C@H]3CN(CC4CCCCC4)C[C@@H]3c3ccccc3)CC2)cc1,CHEMBL322422,0.2,CHEMBL274,0.2
C[n+]1n[nH]c(-c2ccc(CCCC3(O)CCN(C[C@H]4CN(CC5CCCCC5)C[C@@H]4c4ccccc4)CC3)cc2)n1,CHEMBL103790,0.4,CHEMBL274,0.4
OC1(CCCc2ccc(-c3nnn[nH]3)cc2)CCN(C[C@H]2CN(CC3CCCCC3)C[C@@H]2c2ccccc2)CC1,CHEMBL319593,0.2,CHEMBL274,0.2
O=C(O)Cc1ccc(CCCC2(O)CCN(C[C@H]3CN(CC4CCCCC4)C[C@@H]3c3ccccc3)CC2)cc1,CHEMBL100336,5.0,CHEMBL274,5.0
COC(=O)[C@H](C1CCCCC1)N1C[C@H](CN2CCC(O)(CCCc3ccccc3)CC2)[C@@H](c2ccccc2)C1,CHEMBL100958,4.0,CHEMBL274,4.0
OC1(CCCc2ccccc2)CCN(C[C@H]2CN(CC3CCCCC3)C[C@@H]2c2ccccc2)CC1,CHEMBL317710,0.3,CHEMBL274,0.3
O=C(O)[C@@H](c1ccccc1)N1C[C@H](CN2CCC(O)(CCCc3ccccc3)CC2)[C@@H](c2ccccc2)C1,CHEMBL101961,0.8,CHEMBL274,0.8
CC(C)[C@H](C(=O)O)N1C[C@H](CN2CCC(O)(CCCc3ccccc3)CC2)[C@@H](c2ccccc2)C1,CHEMBL318210,2.0,CHEMBL274,2.0
OC1(CCCc2ccccn2)CCN(C[C@H]2CN(CC3CCCCC3)C[C@@H]2c2ccccc2)CC1,CHEMBL323370,7.0,CHEMBL274,7.0
O=C(O)[C@@H](C1CCCCC1)N1C[C@H](CN2CCC(O)(CCCc3ccccc3)CC2)[C@@H](c2ccccc2)C1,CHEMBL322603,0.5,CHEMBL274,0.5
O=C(O)[C@@H](CC1CC1)N1C[C@H](CN2CCC(CCCc3ccccc3)CC2)[C@@H](c2ccccc2)C1,CHEMBL316475,0.1,CHEMBL274,0.1
O=C(O)[C@H](C1CCCCC1)N1C[C@H](CN2CCC(O)(CCCc3ccccc3)CC2)[C@@H](c2ccccc2)C1,CHEMBL100596,5.0,CHEMBL274,5.0
O=C(OCc1ccccc1)[C@H](C1CCCCC1)N1C[C@H](CN2CCC(O)(CCCc3ccccc3)CC2)[C@@H](c2ccccc2)C1,CHEMBL322232,24.0,CHEMBL274,24.0
O=C(O)Cc1cccc(CCCC2(O)CCN(C[C@H]3CN(CC4CCCCC4)C[C@@H]3c3ccccc3)CC2)c1,CHEMBL432596,6.0,CHEMBL274,6.0
OC1(CCCc2ccc(-c3nnn[nH]3)cc2)CCN(C[C@H]2CN(CC3CCCCC3)C[C@@H]2c2ccccc2)CC1,CHEMBL319593,0.2,CHEMBL274,0.2
OC1(CCCc2cccnc2)CCN(C[C@H]2CN(CC3CCCCC3)C[C@@H]2c2ccccc2)CC1,CHEMBL419895,6.0,CHEMBL274,6.0
C[C@H](C(=O)O)N1C[C@H](CN2CCC(O)(CCCc3ccccc3)CC2)[C@@H](c2ccccc2)C1,CHEMBL102675,3.0,CHEMBL274,3.0
O=C(O)c1ccccc1CCCC1(O)CCN(C[C@H]2CN(CC3CCCCC3)C[C@@H]2c2ccccc2)CC1,CHEMBL103268,100.0,CHEMBL274,100.0
O=C(O)c1cccc(CCCC2(O)CCN(C[C@H]3CN(CC4CCCCC4)C[C@@H]3c3ccccc3)CC2)c1,CHEMBL318909,3.0,CHEMBL274,3.0
O=C(O)[C@@H](C1CCCCC1)N1C[C@H](CN2CCC(CCCc3ccccc3)CC2)[C@@H](c2ccccc2)C1,CHEMBL102826,0.1,CHEMBL274,0.1
COC(=O)[C@@H](C1CCCCC1)N1C[C@H](CN2CCC(O)(CCCc3ccccc3)CC2)[C@@H](c2ccccc2)C1,CHEMBL99788,1.0,CHEMBL274,1.0
OC[C@@H](C1CCCCC1)N1C[C@H](CN2CCC(O)(CCCc3ccccc3)CC2)[C@@H](c2ccccc2)C1,CHEMBL103343,1.0,CHEMBL274,1.0
O=C(O)[C@@H](C1CC1)N1C[C@H](CN2CCC(CCCc3ccccc3)CC2)[C@@H](c2ccccc2)C1,CHEMBL318681,3.0,CHEMBL274,3.0
O=C(O)[C@@H](C1CCC1)N1C[C@H](CN2CCC(CCCc3ccccc3)CC2)[C@@H](c2ccccc2)C1,CHEMBL320386,0.1,CHEMBL274,0.1
O=C(O)[C@@H](C1CCCCC1)N1C[C@H](CN2CCC(O)(CCCc3ccccc3)CC2)[C@@H](c2ccccc2)C1,CHEMBL322603,0.5,CHEMBL274,0.5
CC(C)[C@H](C(=O)O)N1C[C@H](CN2CCC(c3ccc(F)cc3)CC2)[C@@H](c2ccccc2)C1,CHEMBL322693,36.0,CHEMBL274,36.0
OC1(CCCc2ccc(Cc3nnn[nH]3)cc2)CCN(C[C@H]2CN(CC3CCCCC3)C[C@@H]2c2ccccc2)CC1,CHEMBL420465,1.0,CHEMBL274,1.0
O=C(O)[C@@H](C1CCCCC1)N1C[C@H](CN2CCC(c3ccc(F)cc3)CC2)[C@@H](c2ccccc2)C1,CHEMBL103782,4.0,CHEMBL274,4.0
O=C(O)[C@@H](CC1CCC1)N1C[C@H](CN2CCC(CCCc3ccccc3)CC2)[C@@H](c2ccccc2)C1,CHEMBL20896,0.1,CHEMBL274,0.1
OC1(CCCc2ccncc2)CCN(C[C@H]2CN(CC3CCCCC3)C[C@@H]2c2ccccc2)CC1,CHEMBL317908,12.0,CHEMBL274,12.0
CC(C)[C@H](C(=O)O)N1C[C@H](CN2CCC(CCCc3ccccc3)CC2)[C@@H](c2ccccc2)C1,CHEMBL318406,0.7,CHEMBL274,0.7
O=C(OCc1ccccc1)[C@@H](C1CCCCC1)N1C[C@H](CN2CCC(O)(CCCc3ccccc3)CC2)[C@@H](c2ccccc2)C1,CHEMBL101333,3.6,CHEMBL274,3.6
CCn1nc(Cc2ccc(Oc3ccccc3)cc2)cc1C1CCN(C[C@H]2CN([C@@H](C(=O)O)C(C)C)C[C@@H]2c2cccc(F)c2)CC1,CHEMBL425845,0.6,CHEMBL274,0.6
N#Cc1ccc(CCCC2CCN(C[C@H]3CN([C@H](CC4CCC4)C(=O)O)C[C@@H]3c3cccc(F)c3)CC2)cc1,CHEMBL20988,0.3,CHEMBL274,0.3
CCn1nc(Cc2ccccc2F)cc1C1CCN(C[C@H]2CN([C@@H](C(=O)O)C(C)(C)C)C[C@@H]2c2cccc(F)c2)CC1,CHEMBL177071,0.5,CHEMBL274,0.5
CCn1nc(Cc2cccc(C#N)c2)cc1C1CCN(C[C@H]2CN([C@@H](C(=O)O)C(C)C)C[C@@H]2c2cccc(F)c2)CC1,CHEMBL366400,1.7,CHEMBL274,1.7
CCn1nc(Cc2ccc(S(=O)(=O)c3ccccc3)cc2)cc1C1CCN(C[C@H]2CN([C@@H](C(=O)O)C(C)C)C[C@@H]2c2cccc(F)c2)CC1,CHEMBL177156,1.3,CHEMBL274,1.3
CCn1nc(Cc2ccc(OC3CCC3)cc2)cc1C1CCN(C[C@H]2CN([C@@H](C(=O)O)C(C)(C)C)C[C@@H]2c2cccc(F)c2)CC1,CHEMBL177033,0.7,CHEMBL274,0.7
O=C(O)[C@@H](CC1CCC1)N1C[C@H](CN2CCC(CC[S+]([O-])c3ccc(F)cc3)CC2)[C@@H](c2cccc(F)c2)C1,CHEMBL278117,0.5,CHEMBL274,0.5
CC(O)(CCC1CCN(C[C@H]2CN([C@H](CC3CC3)C(=O)O)C[C@@H]2c2cccc(F)c2)CC1)c1ccc(F)cc1,CHEMBL20598,1.6,CHEMBL274,1.6
CCOc1ccc(Cc2cc(C3CCN(C[C@H]4CN([C@@H](C(=O)O)C(C)(C)C)C[C@@H]4c4cccc(F)c4)CC3)n(CC)n2)cc1,CHEMBL176604,0.9,CHEMBL274,0.9
CCCOc1ccc(Cc2cc(C3CCN(C[C@H]4CN([C@@H](C(=O)O)C5CCCCC5)C[C@@H]4c4cccc(F)c4)CC3)n(CC)n2)cc1,CHEMBL175394,0.7,CHEMBL274,0.7
CCn1nc(Cc2ccc(OC3CC3)cc2)cc1C1CCN(C[C@H]2CN([C@@H](C(=O)O)C3CCCCC3)C[C@@H]2c2cccc(F)c2)CC1,CHEMBL171958,0.2,CHEMBL274,0.2
CC[C@@H](C)[C@H](C(=O)O)N1C[C@H](CN2CCC(c3cc(Cc4ccc(-c5ccccc5)cc4)nn3CC)CC2)[C@@H](c2cccc(F)c2)C1,CHEMBL367416,0.5,CHEMBL274,0.5
CC[C@H](C)[C@H](C(=O)O)N1C[C@H](CN2CCC(c3cc(Cc4cccc(NC)c4)nn3CC)CC2)[C@@H](c2cccc(F)c2)C1,CHEMBL367897,0.5,CHEMBL274,0.5
CCCOc1ccc(Cc2cc(C3CCN(C[C@H]4CN([C@@H](C(=O)O)C(C)(C)C)C[C@@H]4c4cccc(F)c4)CC3)n(CC)n2)cc1,CHEMBL355809,0.8,CHEMBL274,0.8
CCn1nc(Cc2ccc(Oc3ccccc3)cc2)cc1C1CCN(C[C@H]2CN([C@@H](C(=O)O)C(C)(C)C)C[C@@H]2c2cccc(F)c2)CC1,CHEMBL262402,0.4,CHEMBL274,0.4
CC[C@H](C)[C@H](C(=O)O)N1C[C@H](CN2CCC(c3cc(Cc4ccc(C(C)C)cc4)nn3CC)CC2)[C@@H](c2cccc(F)c2)C1,CHEMBL366868,0.3,CHEMBL274,0.3
O=C(O)[C@@H](CC1CC1)N1C[C@H](CN2CCC(CCC3(c4ccc(F)cc4)OCCO3)CC2)[C@@H](c2cccc(F)c2)C1,CHEMBL278383,3.7,CHEMBL274,3.7
CCn1nc(Cc2ccc(C(F)(F)F)cc2)cc1C1CCN(C[C@H]2CN([C@@H](C(=O)O)C3CCCCC3)C[C@@H]2c2cccc(F)c2)CC1,CHEMBL366494,1.5,CHEMBL274,1.5
CCn1nc(Cc2cccc(C#N)c2)cc1C1CCN(C[C@H]2CN([C@@H](C(=O)O)C(C)(C)C)C[C@@H]2c2cccc(F)c2)CC1,CHEMBL172820,1.0,CHEMBL274,1.0
CCCCOc1ccc(Cc2cc(C3CCN(C[C@H]4CN([C@@H](C(=O)O)C(C)C)C[C@@H]4c4cccc(F)c4)CC3)n(CC)n2)cc1,CHEMBL173583,0.5,CHEMBL274,0.5
CCn1nc(Cc2ccc(F)c(F)c2)cc1C1CCN(C[C@H]2CN([C@@H](C(=O)O)C(C)C)C[C@@H]2c2cccc(F)c2)CC1,CHEMBL176391,1.1,CHEMBL274,1.1
CCCCOc1ccc(Cc2cc(C3CCN(C[C@H]4CN([C@@H](C(=O)O)C5CCCCC5)C[C@@H]4c4cccc(F)c4)CC3)n(CC)n2)cc1,CHEMBL172327,0.8,CHEMBL274,0.8
CC[C@H](C)[C@H](C(=O)O)N1C[C@H](CN2CCC(c3cc(Cc4ccc(OCc5ccccc5)cc4)nn3CC)CC2)[C@@H](c2cccc(F)c2)C1,CHEMBL177648,0.7,CHEMBL274,0.7
CC[C@@H](C)[C@H](C(=O)O)N1C[C@H](CN2CCC(c3cc(Cc4ccc(OC(F)(F)F)cc4)nn3CC)CC2)[C@@H](c2cccc(F)c2)C1,CHEMBL369659,0.6,CHEMBL274,0.6
CCn1nc(Cc2ccc3ccccc3c2)cc1C1CCN(C[C@H]2CN([C@@H](C(=O)O)C(C)(C)C)C[C@@H]2c2cccc(F)c2)CC1,CHEMBL369235,0.2,CHEMBL274,0.2
CCn1nc(Cc2ccc(S(=O)(=O)c3ccccc3)cc2)cc1C1CCN(C[C@H]2CN([C@@H](C(=O)O)C3CCCCC3)C[C@@H]2c2cccc(F)c2)CC1,CHEMBL354413,0.8,CHEMBL274,0.8
CCn1nc(Cc2ccc(OC3CCC3)cc2)cc1C1CCN(C[C@H]2CN([C@@H](C(=O)O)C(C)C)C[C@@H]2c2cccc(F)c2)CC1,CHEMBL173254,0.6,CHEMBL274,0.6
CC[C@H](C)[C@H](C(=O)O)N1C[C@H](CN2CCC(c3cc(Cc4ccc(OC(F)(F)F)cc4)nn3CC)CC2)[C@@H](c2cccc(F)c2)C1,CHEMBL440554,1.1,CHEMBL274,1.1
CC[C@H](C)[C@H](C(=O)O)N1C[C@H](CN2CCC(c3cc(Cc4ccc(OCC(F)(F)F)cc4)nn3CC)CC2)[C@@H](c2cccc(F)c2)C1,CHEMBL176933,0.6,CHEMBL274,0.6
CC(C)[C@H](C(=O)O)N1C[C@H](CN2CCC(CCS(=O)(=O)c3ccc(F)cc3)CC2)[C@@H](c2cccc(F)c2)C1,CHEMBL20602,0.9,CHEMBL274,0.9
O=C(O)[C@@H](CC1CCC1)N1C[C@H](CN2CCC(CCC(F)(F)c3ccc(F)cc3)CC2)[C@@H](c2cccc(F)c2)C1,CHEMBL21117,0.3,CHEMBL274,0.3
O=C(CCC1CCN(C[C@H]2CN([C@@H](C(=O)O)C3CCCCC3)C[C@@H]2c2ccccc2)CC1)c1ccc(F)cc1,CHEMBL21167,1.6,CHEMBL274,1.6
CCn1nc(Cc2ccccc2)cc1C1CCN(C[C@H]2CN([C@@H](C(=O)O)C(C)(C)C)C[C@@H]2c2cccc(F)c2)CC1,CHEMBL172854,0.8,CHEMBL274,0.8
CCn1nc(Cc2ccc(Cl)cc2)cc1C1CCN(C[C@H]2CN([C@@H](C(=O)O)C3CCCCC3)C[C@@H]2c2cccc(F)c2)CC1,CHEMBL366600,0.9,CHEMBL274,0.9
CCn1nc(Cc2ccc(S(C)(=O)=O)cc2)cc1C1CCN(C[C@H]2CN([C@@H](C(=O)O)C(C)C)C[C@@H]2c2cccc(F)c2)CC1,CHEMBL173630,3.5,CHEMBL274,3.5
CCCOc1ccc(Cc2cc(C3CCN(C[C@H]4CN([C@@H](C(=O)O)C(C)C)C[C@@H]4c4cccc(F)c4)CC3)n(CC)n2)cc1,CHEMBL369278,0.8,CHEMBL274,0.8
CC[C@H](C)[C@H](C(=O)O)N1C[C@H](CN2CCC(c3cc(Cc4ccc(OC)c(OC)c4)nn3CC)CC2)[C@@H](c2cccc(F)c2)C1,CHEMBL172090,1.5,CHEMBL274,1.5
CCn1nc(Cc2cc(F)cc(F)c2)cc1C1CCN(C[C@H]2CN([C@@H](C(=O)O)C(C)C)C[C@@H]2c2cccc(F)c2)CC1,CHEMBL368333,2.6,CHEMBL274,2.6
CCn1nc(Cc2ccc(C(F)(F)F)cc2)cc1C1CCN(C[C@H]2CN([C@@H](C(=O)O)C(C)C)C[C@@H]2c2cccc(F)c2)CC1,CHEMBL172019,2.0,CHEMBL274,2.0
CC[C@@H](C)[C@H](C(=O)O)N1C[C@H](CN2CCC(c3cc(Cc4ccc(OCc5ccccc5)cc4)nn3CC)CC2)[C@@H](c2cccc(F)c2)C1,CHEMBL368000,0.5,CHEMBL274,0.5
CCn1nc(Cc2ccc(OC)c(OC)c2)cc1C1CCN(C[C@H]2CN([C@@H](C(=O)O)C(C)(C)C)C[C@@H]2c2cccc(F)c2)CC1,CHEMBL172806,1.2,CHEMBL274,1.2
CC[C@H](C)[C@H](C(=O)O)N1C[C@H](CN2CCC(c3cc(Cc4ccc(OC)c(C#N)c4)nn3CC)CC2)[C@@H](c2cccc(F)c2)C1,CHEMBL175079,0.5,CHEMBL274,0.5
CCn1nc(Cc2ccc(C)cc2)cc1C1CCN(C[C@H]2CN([C@@H](C(=O)O)C(C)(C)C)C[C@@H]2c2cccc(F)c2)CC1,CHEMBL369494,0.6,CHEMBL274,0.6
CCn1nc(Cc2ccc(C(C)(C)C)cc2)cc1C1CCN(C[C@H]2CN([C@@H](C(=O)O)C(C)(C)C)C[C@@H]2c2cccc(F)c2)CC1,CHEMBL174214,0.4,CHEMBL274,0.4
O=C(O)[C@@H](CC1CCC1)N1C[C@H](CN2CCC(CCCc3ccc(C(F)(F)F)cc3)CC2)[C@@H](c2cccc(F)c2)C1,CHEMBL21147,0.2,CHEMBL274,0.2
CCn1nc(Cc2ccc(F)cc2F)cc1C1CCN(C[C@H]2CN([C@@H](C(=O)O)C3CCCCC3)C[C@@H]2c2cccc(F)c2)CC1,CHEMBL173202,1.5,CHEMBL274,1.5
CC[C@@H](C)[C@H](C(=O)O)N1C[C@H](CN2CCC(c3cc(Cc4cccc(CN)c4)nn3CC)CC2)[C@@H](c2cccc(F)c2)C1,CHEMBL2112951,2.7,CHEMBL274,2.7
CCCOc1ccc(Cc2cc(C3CCN(C[C@H]4CN([C@@H](C(=O)O)[C@@H](C)CC)C[C@@H]4c4cccc(F)c4)CC3)n(CC)n2)cc1,CHEMBL369277,1.1,CHEMBL274,1.1
CCn1nc(Cc2ccc(OCc3ccccc3)cc2)cc1C1CCN(C[C@H]2CN([C@@H](C(=O)O)C(C)(C)C)C[C@@H]2c2cccc(F)c2)CC1,CHEMBL367988,1.1,CHEMBL274,1.1
CCn1nc(Cc2ccc(Oc3ccccc3)cc2)cc1C1CCN(C[C@H]2CN([C@@H](C(=O)O)C3CCCCC3)C[C@@H]2c2cccc(F)c2)CC1,CHEMBL173479,0.5,CHEMBL274,0.5
CC[C@H](C)[C@H](C(=O)O)N1C[C@H](CN2CCC(c3cc(Cc4cccc(OC)c4)nn3CC)CC2)[C@@H](c2cccc(F)c2)C1,CHEMBL435347,1.2,CHEMBL274,1.2
CCOc1cccc(Cc2cc(C3CCN(C[C@H]4CN([C@@H](C(=O)O)C(C)(C)C)C[C@@H]4c4cccc(F)c4)CC3)n(CC)n2)c1,CHEMBL433793,0.4,CHEMBL274,0.4
O=C(O)[C@@H](CC1CCC1)N1C[C@H](CN2CCC(CCCc3ccccc3)CC2)[C@@H](c2cccc(F)c2)C1,CHEMBL278085,0.5,CHEMBL274,0.5
CCn1nc(Cc2cccnc2)cc1C1CCN(C[C@H]2CN([C@@H](C(=O)O)C(C)C)C[C@@H]2c2cccc(F)c2)CC1,CHEMBL176655,13.1,CHEMBL274,13.1
CCn1nc(Cc2ccc(OC(C)C)cc2)cc1C1CCN(C[C@H]2CN([C@@H](C(=O)O)C(C)(C)C)C[C@@H]2c2cccc(F)c2)CC1,CHEMBL368204,0.7,CHEMBL274,0.7
O=C(O)[C@@H](CC1CC1)N1C[C@H](CN2CCC(CCC(O)c3ccc(F)cc3)CC2)[C@@H](c2cccc(F)c2)C1,CHEMBL20453,0.4,CHEMBL274,0.4
CCn1nc(Cc2cccc(F)c2)cc1C1CCN(C[C@H]2CN([C@@H](C(=O)O)C(C)C)C[C@@H]2c2cccc(F)c2)CC1,CHEMBL176850,1.3,CHEMBL274,1.3
CC[C@@H](C)[C@H](C(=O)O)N1C[C@H](CN2CCC(c3cc(Cc4ccc(C(F)(F)F)cc4)nn3CC)CC2)[C@@H](c2cccc(F)c2)C1,CHEMBL369478,0.5,CHEMBL274,0.5
CCn1nc(Cc2ccc(C#N)cc2)cc1C1CCN(C[C@H]2CN([C@@H](C(=O)O)C(C)(C)C)C[C@@H]2c2cccc(F)c2)CC1,CHEMBL367169,1.3,CHEMBL274,1.3
CCCCOc1ccc(Cc2cc(C3CCN(C[C@H]4CN([C@@H](C(=O)O)[C@@H](C)CC)C[C@@H]4c4cccc(F)c4)CC3)n(CC)n2)cc1,CHEMBL368309,1.0,CHEMBL274,1.0
CC[C@@H](C)[C@H](C(=O)O)N1C[C@H](CN2CCC(c3cc(Cc4cccc5ccccc45)nn3CC)CC2)[C@@H](c2cccc(F)c2)C1,CHEMBL366770,0.2,CHEMBL274,0.2
COC(=O)C(CCC1CCN(C[C@H]2CN([C@H](CC3CC3)C(=O)O)C[C@@H]2c2cccc(F)c2)CC1)c1ccc(F)cc1,CHEMBL283788,1.5,CHEMBL274,1.5
CCn1nc(Cc2ccc(S(C)(=O)=O)cc2)cc1C1CCN(C[C@H]2CN([C@@H](C(=O)O)C(C)(C)C)C[C@@H]2c2cccc(F)c2)CC1,CHEMBL367461,1.6,CHEMBL274,1.6
CC[C@@H](C)[C@H](C(=O)O)N1C[C@H](CN2CCC(c3cc(Cc4ccc(OC5CCC5)cc4)nn3CC)CC2)[C@@H](c2cccc(F)c2)C1,CHEMBL176459,0.4,CHEMBL274,0.4
CCn1nc(Cc2ccc(C(C)C)cc2)cc1C1CCN(C[C@H]2CN([C@@H](C(=O)O)C(C)(C)C)C[C@@H]2c2cccc(F)c2)CC1,CHEMBL263529,0.6,CHEMBL274,0.6
CC[C@H](C)[C@H](C(=O)O)N1C[C@H](CN2CCC(c3cc(Cc4cc(C(F)(F)F)cc(C(F)(F)F)c4)nn3CC)CC2)[C@@H](c2cccc(F)c2)C1,CHEMBL172436,2.1,CHEMBL274,2.1
CC[C@@H](C)[C@H](C(=O)O)N1C[C@H](CN2CCC(c3cc(Cc4ccc(C#N)cc4)nn3CC)CC2)[C@@H](c2cccc(F)c2)C1,CHEMBL367246,1.3,CHEMBL274,1.3
CCCOc1ccc(Cc2cc(C3CCN(C[C@H]4CN([C@@H](C(=O)O)[C@H](C)CC)C[C@@H]4c4cccc(F)c4)CC3)n(CC)n2)cc1,CHEMBL367697,1.2,CHEMBL274,1.2
CCn1nc(Cc2ccc(OC3CC3)cc2)cc1C1CCN(C[C@H]2CN([C@@H](C(=O)O)C(C)C)C[C@@H]2c2cccc(F)c2)CC1,CHEMBL176337,1.0,CHEMBL274,1.0
CC[C@H](C)[C@H](C(=O)O)N1C[C@H](CN2CCC(c3cc(Cc4ccc(Oc5ccccc5)cc4)nn3CC)CC2)[C@@H](c2cccc(F)c2)C1,CHEMBL369812,0.4,CHEMBL274,0.4
CCn1nc(Cc2ccc(-c3ccccc3)cc2)cc1C1CCN(C[C@H]2CN([C@@H](C(=O)O)C(C)C)C[C@@H]2c2cccc(F)c2)CC1,CHEMBL367987,0.3,CHEMBL274,0.3
CCn1nc(Cc2ccccc2)cc1C1CCN(C[C@H]2CN([C@@H](C(=O)O)C3CCCCC3)C[C@@H]2c2ccccc2)CC1,CHEMBL353331,1.2,CHEMBL274,1.2
CCn1nc(Cc2cccc(F)c2)cc1C1CCN(C[C@H]2CN([C@@H](C(=O)O)C3CCCCC3)C[C@@H]2c2cccc(F)c2)CC1,CHEMBL177205,1.0,CHEMBL274,1.0
CCn1nc(Cc2ccc(F)cc2F)cc1C1CCN(C[C@H]2CN([C@@H](C(=O)O)C(C)C)C[C@@H]2c2cccc(F)c2)CC1,CHEMBL368098,5.0,CHEMBL274,5.0
CCOc1cccc(Cc2cc(C3CCN(C[C@H]4CN([C@@H](C(=O)O)[C@H](C)CC)C[C@@H]4c4cccc(F)c4)CC3)n(CC)n2)c1,CHEMBL263787,0.8,CHEMBL274,0.8
CC[C@@H](C)[C@H](C(=O)O)N1C[C@H](CN2CCC(c3cc(Cc4ccc5ccccc5c4)nn3CC)CC2)[C@@H](c2cccc(F)c2)C1,CHEMBL173400,0.2,CHEMBL274,0.2
O=C(O)[C@@H](CC1CCC1)N1C[C@H](CN2CCC(CCC(F)(F)c3ccc(F)cc3)CC2)[C@@H](c2ccccc2)C1,CHEMBL20622,0.2,CHEMBL274,0.2
CC[C@H](C)[C@H](C(=O)O)N1C[C@H](CN2CCC(c3cc(CC4CCCCC4)nn3CC)CC2)[C@@H](c2cccc(F)c2)C1,CHEMBL170118,1.2,CHEMBL274,1.2
CCn1nc(Cc2ccc(C#N)cc2)cc1C1CCN(C[C@H]2CN([C@@H](C(=O)O)C(C)C)C[C@@H]2c2cccc(F)c2)CC1,CHEMBL172004,3.1,CHEMBL274,3.1
CCn1nc(Cc2ccc(O)cc2)cc1C1CCN(C[C@H]2CN([C@@H](C(=O)O)C3CCCCC3)C[C@@H]2c2cccc(F)c2)CC1,CHEMBL176528,0.5,CHEMBL274,0.5
CC[C@@H](C)[C@H](C(=O)O)N1C[C@H](CN2CCC(c3cc(Cc4ccc(OC)c(OC)c4)nn3CC)CC2)[C@@H](c2cccc(F)c2)C1,CHEMBL366871,2.6,CHEMBL274,2.6
CC[C@H](C)[C@H](C(=O)O)N1C[C@H](CN2CCC(c3cc(Cc4ccc5ccccc5c4)nn3CC)CC2)[C@@H](c2cccc(F)c2)C1,CHEMBL172894,0.3,CHEMBL274,0.3
O=C(O)[C@@H](CC1CC1)N1C[C@H](CN2CCC(CCP(=O)(O)c3ccccc3)CC2)[C@@H](c2cccc(F)c2)C1,CHEMBL21058,1000.0,CHEMBL274,1000.0
O=C(O)[C@@H](C1CCCCC1)N1C[C@H](CN2CCC(CCS(=O)(=O)c3ccc(F)cc3)CC2)[C@@H](c2cccc(F)c2)C1,CHEMBL280344,1.1,CHEMBL274,1.1
CCn1nc(Cc2cc(C(F)(F)F)cc(C(F)(F)F)c2)cc1C1CCN(C[C@H]2CN([C@@H](C(=O)O)C(C)(C)C)C[C@@H]2c2cccc(F)c2)CC1,CHEMBL176859,2.3,CHEMBL274,2.3
CCn1nc(Cc2ccc(OC(C)(C)C)cc2)cc1C1CCN(C[C@H]2CN([C@@H](C(=O)O)C(C)(C)C)C[C@@H]2c2cccc(F)c2)CC1,CHEMBL368979,2.0,CHEMBL274,2.0
CCn1nc(Cc2ccc(OCC(F)(F)F)cc2)cc1C1CCN(C[C@H]2CN([C@@H](C(=O)O)C(C)(C)C)C[C@@H]2c2cccc(F)c2)CC1,CHEMBL427122,0.6,CHEMBL274,0.6
CCn1nc(Cc2ccc(OC)c(C#N)c2)cc1C1CCN(C[C@H]2CN([C@@H](C(=O)O)C(C)(C)C)C[C@@H]2c2cccc(F)c2)CC1,CHEMBL174904,0.9,CHEMBL274,0.9
CCOc1ccc(Cc2cc(C3CCN(C[C@H]4CN([C@@H](C(=O)O)C(C)(C)C)C[C@@H]4c4cccc(F)c4)CC3)n(CC)n2)cc1F,CHEMBL349974,0.7,CHEMBL274,0.7
CCn1nc(Cc2cccc3ccccc23)cc1C1CCN(C[C@H]2CN([C@@H](C(=O)O)C(C)(C)C)C[C@@H]2c2cccc(F)c2)CC1,CHEMBL174927,0.2,CHEMBL274,0.2
CC[C@H](C)[C@H](C(=O)O)N1C[C@H](CN2CCC(c3cc(Cc4ccc(C)cc4)nn3CC)CC2)[C@@H](c2cccc(F)c2)C1,CHEMBL435472,0.3,CHEMBL274,0.3
O=C(O)[C@@H](CC1CCC1)N1C[C@H](CN2CCC(CC[S+]([O-])c3ccc(F)cc3)CC2)[C@@H](c2cccc(F)c2)C1,CHEMBL278117,0.4,CHEMBL274,0.4
CCn1nc(CC2CCCCC2)cc1C1CCN(C[C@H]2CN([C@@H](C(=O)O)C(C)C)C[C@@H]2c2cccc(F)c2)CC1,CHEMBL369151,2.3,CHEMBL274,2.3
CCn1nc(Cc2ccc(F)cc2)cc1C1CCN(C[C@H]2CN([C@@H](C(=O)O)C(C)C)C[C@@H]2c2cccc(F)c2)CC1,CHEMBL170829,1.1,CHEMBL274,1.1
CCn1nc(Cc2ccc(OC)cc2)cc1C1CCN(C[C@H]2CN([C@@H](C(=O)O)C(C)C)C[C@@H]2c2cccc(F)c2)CC1,CHEMBL352511,1.3,CHEMBL274,1.3
CCOc1ccc(Cc2cc(C3CCN(C[C@H]4CN([C@@H](C(=O)O)[C@@H](C)CC)C[C@@H]4c4cccc(F)c4)CC3)n(CC)n2)cc1F,CHEMBL173308,0.7,CHEMBL274,0.7
O=C(O)[C@@H](CC1CC1)N1C[C@H](CN2CCC(CCC(F)(F)c3ccc(F)cc3)CC2)[C@@H](c2cccc(F)c2)C1,CHEMBL21106,0.06,CHEMBL274,0.06
CCn1nc(Cc2ccccc2)cc1C1CCN(C[C@H]2CN([C@@H](C(=O)O)C(C)C)C[C@@H]2c2cccc(F)c2)CC1,CHEMBL174304,1.5,CHEMBL274,1.5
CCCCOc1ccc(Cc2cc(C3CCN(C[C@H]4CN([C@@H](C(=O)O)C(C)(C)C)C[C@@H]4c4cccc(F)c4)CC3)n(CC)n2)cc1,CHEMBL175424,0.8,CHEMBL274,0.8
CC[C@@H](C)[C@H](C(=O)O)N1C[C@H](CN2CCC(c3cc(Cc4ccc(OCC(F)(F)F)cc4)nn3CC)CC2)[C@@H](c2cccc(F)c2)C1,CHEMBL265723,0.5,CHEMBL274,0.5
O=C(O)[C@@H](C1CCCCC1)N1C[C@H](CN2CCC(CCC(F)(F)c3ccc(F)cc3)CC2)[C@@H](c2ccccc2)C1,CHEMBL282921,0.3,CHEMBL274,0.3
O=C(O)[C@@H](CC1CC1)N1C[C@H](CN2CCC(CCC(CO)c3ccc(F)cc3)CC2)[C@@H](c2cccc(F)c2)C1,CHEMBL417825,4.8,CHEMBL274,4.8
CCn1nc(CC2CCCCC2)cc1C1CCN(C[C@H]2CN([C@@H](C(=O)O)C(C)(C)C)C[C@@H]2c2cccc(F)c2)CC1,CHEMBL173492,1.1,CHEMBL274,1.1
CCn1nc(Cc2ccc(F)cc2)cc1C1CCN(C[C@H]2CN([C@@H](C(=O)O)C3CCCCC3)C[C@@H]2c2cccc(F)c2)CC1,CHEMBL367489,1.1,CHEMBL274,1.1
CCn1nc(Cc2ccccc2F)cc1C1CCN(C[C@H]2CN([C@@H](C(=O)O)C(C)C)C[C@@H]2c2cccc(F)c2)CC1,CHEMBL367529,2.2,CHEMBL274,2.2
CC[C@@H](C)[C@H](C(=O)O)N1C[C@H](CN2CCC(c3cc(Cc4cc(C(F)(F)F)cc(C(F)(F)F)c4)nn3CC)CC2)[C@@H](c2cccc(F)c2)C1,CHEMBL368182,1.6,CHEMBL274,1.6
CCn1nc(Cc2ccc(S(C)(=O)=O)cc2)cc1C1CCN(C[C@H]2CN([C@@H](C(=O)O)C3CCCCC3)C[C@@H]2c2cccc(F)c2)CC1,CHEMBL177157,2.3,CHEMBL274,2.3
CC[C@@H](C)[C@H](C(=O)O)N1C[C@H](CN2CCC(c3cc(Cc4ccc(S(=O)(=O)c5ccccc5)cc4)nn3CC)CC2)[C@@H](c2cccc(F)c2)C1,CHEMBL369040,1.1,CHEMBL274,1.1
CCn1nc(Cc2ccc(OC(F)(F)F)cc2)cc1C1CCN(C[C@H]2CN([C@@H](C(=O)O)C(C)C)C[C@@H]2c2cccc(F)c2)CC1,CHEMBL172013,0.8,CHEMBL274,0.8
CC[C@H](C)[C@H](C(=O)O)N1C[C@H](CN2CCC(c3cc(Cc4ccc(OC(F)F)cc4)nn3CC)CC2)[C@@H](c2cccc(F)c2)C1,CHEMBL177127,0.3,CHEMBL274,0.3
CC[C@@H](C)[C@H](C(=O)O)N1C[C@H](CN2CCC(c3cc(Cc4ccc(OC(F)F)cc4)nn3CC)CC2)[C@@H](c2cccc(F)c2)C1,CHEMBL367560,0.6,CHEMBL274,0.6
COP(=O)(CCC1CCN(C[C@H]2CN([C@H](CC3CC3)C(=O)O)C[C@@H]2c2cccc(F)c2)CC1)c1ccccc1,CHEMBL20818,19.0,CHEMBL274,19.0
CC[C@@H](C)[C@H](C(=O)O)N1C[C@H](CN2CCC(c3cc(Cc4ccccc4)nn3CC)CC2)[C@@H](c2cccc(F)c2)C1,CHEMBL435538,0.9,CHEMBL274,0.9
CCn1nc(Cc2cc(C(F)(F)F)cc(C(F)(F)F)c2)cc1C1CCN(C[C@H]2CN([C@@H](C(=O)O)C(C)C)C[C@@H]2c2cccc(F)c2)CC1,CHEMBL367901,3.2,CHEMBL274,3.2
CCn1nc(Cc2ccc(S(=O)(=O)c3ccccc3)cc2)cc1C1CCN(C[C@H]2CN([C@@H](C(=O)O)C(C)(C)C)C[C@@H]2c2cccc(F)c2)CC1,CHEMBL367916,1.1,CHEMBL274,1.1
CC[C@H](C)[C@H](C(=O)O)N1C[C@H](CN2CCC(c3cc(Cc4ccc(OC5CC5)cc4)nn3CC)CC2)[C@@H](c2cccc(F)c2)C1,CHEMBL369059,0.3,CHEMBL274,0.3
CC[C@@H](C)[C@H](C(=O)O)N1C[C@H](CN2CCC(c3cc(Cc4ccc(O)cc4)nn3CC)CC2)[C@@H](c2cccc(F)c2)C1,CHEMBL408800,0.6,CHEMBL274,0.6
CC(C)[C@H](C(=O)O)N1C[C@H](CN2CCC(CCC(F)(F)c3ccc(F)cc3)CC2)[C@@H](c2cccc(F)c2)C1,CHEMBL20831,0.5,CHEMBL274,0.5
CCn1nc(Cc2ccc(C#N)cc2)cc1C1CCN(C[C@H]2CN([C@@H](C(=O)O)C3CCCCC3)C[C@@H]2c2cccc(F)c2)CC1,CHEMBL368459,1.7,CHEMBL274,1.7
CCOc1ccc(Cc2cc(C3CCN(C[C@H]4CN([C@@H](C(=O)O)C(C)C)C[C@@H]4c4cccc(F)c4)CC3)n(CC)n2)cc1,CHEMBL367383,1.0,CHEMBL274,1.0
CCOc1ccc(Cc2cc(C3CCN(C[C@H]4CN([C@@H](C(=O)O)[C@@H](C)CC)C[C@@H]4c4cccc(F)c4)CC3)n(CC)n2)cc1,CHEMBL367700,0.6,CHEMBL274,0.6
CCCCOc1ccc(Cc2cc(C3CCN(C[C@H]4CN([C@@H](C(=O)O)[C@H](C)CC)C[C@@H]4c4cccc(F)c4)CC3)n(CC)n2)cc1,CHEMBL177168,0.8,CHEMBL274,0.8
CC[C@@H](C)[C@H](C(=O)O)N1C[C@H](CN2CCC(c3cc(Cc4ccc(OC5CC5)cc4)nn3CC)CC2)[C@@H](c2cccc(F)c2)C1,CHEMBL172916,0.3,CHEMBL274,0.3
CC[C@H](C)[C@H](C(=O)O)N1C[C@H](CN2CCC(c3cc(Cc4ccc(OC(C)(C)C)cc4)nn3CC)CC2)[C@@H](c2cccc(F)c2)C1,CHEMBL176980,1.3,CHEMBL274,1.3
O=C(O)C(CCC1CCN(C[C@H]2CN([C@H](CC3CC3)C(=O)O)C[C@@H]2c2cccc(F)c2)CC1)c1ccc(F)cc1,CHEMBL284010,51.0,CHEMBL274,51.0
CCn1nc(Cc2ccccc2)cc1C1CCN(C[C@H]2CN([C@@H](C(=O)O)C3CCCCC3)C[C@@H]2c2cccc(F)c2)CC1,CHEMBL353330,1.6,CHEMBL274,1.6
CC[C@H](C)[C@H](C(=O)O)N1C[C@H](CN2CCC(c3cc(Cc4ccc(C(C)(C)C)cc4)nn3CC)CC2)[C@@H](c2cccc(F)c2)C1,CHEMBL279992,0.3,CHEMBL274,0.3
O=C(O)[C@@H](CC1CCC1)N1C[C@H](CN2CCC(CCSc3ccc(F)cc3)CC2)[C@@H](c2cccc(F)c2)C1,CHEMBL20345,0.1,CHEMBL274,0.1
CCn1nc(Cc2cc(F)cc(F)c2)cc1C1CCN(C[C@H]2CN([C@@H](C(=O)O)C3CCCCC3)C[C@@H]2c2cccc(F)c2)CC1,CHEMBL368332,0.9,CHEMBL274,0.9
CCn1nc(Cc2cccnc2)cc1C1CCN(C[C@H]2CN([C@@H](C(=O)O)C3CCCCC3)C[C@@H]2c2cccc(F)c2)CC1,CHEMBL2112952,3.9,CHEMBL274,3.9
CC[C@@H](C)[C@H](C(=O)O)N1C[C@H](CN2CCC(c3cc(Cc4ccc(OC(C)(C)C)cc4)nn3CC)CC2)[C@@H](c2cccc(F)c2)C1,CHEMBL366328,1.6,CHEMBL274,1.6
CC[C@H](C)[C@H](C(=O)O)N1C[C@H](CN2CCC(c3cc(Cc4ccc(O)cc4)nn3CC)CC2)[C@@H](c2cccc(F)c2)C1,CHEMBL368375,1.4,CHEMBL274,1.4
CC[C@H](C)[C@H](C(=O)O)N1C[C@H](CN2CCC(c3cc(Cc4cccc5ccccc45)nn3CC)CC2)[C@@H](c2cccc(F)c2)C1,CHEMBL366611,0.4,CHEMBL274,0.4
CC[C@H](C)[C@H](C(=O)O)N1C[C@H](CN2CCC(c3cc(Cc4ccc(C#N)cc4)nn3CC)CC2)[C@@H](c2cccc(F)c2)C1,CHEMBL173482,1.3,CHEMBL274,1.3
CCn1nc(Cc2ccc(OC)cc2)cc1C1CCN(C[C@H]2CN([C@@H](C(=O)O)C3CCCCC3)C[C@@H]2c2cccc(F)c2)CC1,CHEMBL369632,1.1,CHEMBL274,1.1
CCn1nc(Cc2ccc3c(c2)OCO3)cc1C1CCN(C[C@H]2CN([C@@H](C(=O)O)C(C)(C)C)C[C@@H]2c2cccc(F)c2)CC1,CHEMBL172322,0.7,CHEMBL274,0.7
CC(C)[C@H](C(=O)O)N1C[C@H](CN2CCC(CCSc3ccc(F)cc3)CC2)[C@@H](c2cccc(F)c2)C1,CHEMBL281176,0.8,CHEMBL274,0.8
CC[C@H](C)[C@H](C(=O)O)N1C[C@H](CN2CCC(c3cc(Cc4ccc(C(F)(F)F)cc4)nn3CC)CC2)[C@@H](c2cccc(F)c2)C1,CHEMBL366610,0.5,CHEMBL274,0.5
CCn1nc(Cc2ccc(OC)cc2)cc1C1CCN(C[C@H]2CN([C@@H](C(=O)O)C(C)(C)C)C[C@@H]2c2cccc(F)c2)CC1,CHEMBL368823,1.5,CHEMBL274,1.5
CCOc1ccc(Cc2cc(C3CCN(C[C@H]4CN([C@@H](C(=O)O)C5CCCCC5)C[C@@H]4c4cccc(F)c4)CC3)n(CC)n2)cc1,CHEMBL172079,1.0,CHEMBL274,1.0
CCn1nc(Cc2ccc(-c3ccccc3)cc2)cc1C1CCN(C[C@H]2CN([C@@H](C(=O)O)C(C)(C)C)C[C@@H]2c2cccc(F)c2)CC1,CHEMBL172296,0.6,CHEMBL274,0.6
CCn1nc(Cc2ccc(OC(F)(F)F)cc2)cc1C1CCN(C[C@H]2CN([C@@H](C(=O)O)C(C)(C)C)C[C@@H]2c2cccc(F)c2)CC1,CHEMBL176426,0.6,CHEMBL274,0.6
CCn1nc(Cc2ccc(OC(F)F)cc2)cc1C1CCN(C[C@H]2CN([C@@H](C(=O)O)C(C)(C)C)C[C@@H]2c2cccc(F)c2)CC1,CHEMBL174996,0.5,CHEMBL274,0.5
CC[C@H](C)[C@H](C(=O)O)N1C[C@H](CN2CCC(c3cc(Cc4ccc(S(=O)(=O)c5ccccc5)cc4)nn3CC)CC2)[C@@H](c2cccc(F)c2)C1,CHEMBL368467,0.6,CHEMBL274,0.6
CCOc1cccc(Cc2cc(C3CCN(C[C@H]4CN([C@@H](C(=O)O)[C@@H](C)CC)C[C@@H]4c4cccc(F)c4)CC3)n(CC)n2)c1,CHEMBL367102,0.9,CHEMBL274,0.9
CC[C@H](C)[C@H](C(=O)O)N1C[C@H](CN2CCC(c3cc(Cc4ccc(OC5CCC5)cc4)nn3CC)CC2)[C@@H](c2cccc(F)c2)C1,CHEMBL176571,1.3,CHEMBL274,1.3
CCn1nc(Cc2ccc(OC(F)F)cc2)cc1C1CCN(C[C@H]2CN([C@@H](C(=O)O)C(C)C)C[C@@H]2c2cccc(F)c2)CC1,CHEMBL369398,0.5,CHEMBL274,0.5
CCn1nc(Cc2ccc(OC)c(C#N)c2)cc1C1CCN(C[C@H]2CN([C@@H](C(=O)O)C(C)C)C[C@@H]2c2cccc(F)c2)CC1,CHEMBL366492,0.8,CHEMBL274,0.8
CCOc1ccc(Cc2cc(C3CCN(C[C@H]4CN([C@@H](C(=O)O)C(C)C)C[C@@H]4c4cccc(F)c4)CC3)n(CC)n2)cc1F,CHEMBL175348,0.4,CHEMBL274,0.4
CCOc1ccc(Cc2cc(C3CCN(C[C@H]4CN([C@@H](C(=O)O)[C@H](C)CC)C[C@@H]4c4cccc(F)c4)CC3)n(CC)n2)cc1F,CHEMBL176669,0.4,CHEMBL274,0.4
CC[C@@H](C)[C@H](C(=O)O)N1C[C@H](CN2CCC(c3cc(Cc4ccc(C(C)(C)C)cc4)nn3CC)CC2)[C@@H](c2cccc(F)c2)C1,CHEMBL366742,0.8,CHEMBL274,0.8
CC[C@H](C)[C@H](C(=O)O)N1C[C@H](CN2CCC(c3cc(Cc4ccc(-c5ccccc5)cc4)nn3CC)CC2)[C@@H](c2cccc(F)c2)C1,CHEMBL174004,0.3,CHEMBL274,0.3
CCn1nc(Cc2ccc(-c3ccccc3)cc2)cc1C1CCN(C[C@H]2CN([C@@H](C(=O)O)C3CCCCC3)C[C@@H]2c2cccc(F)c2)CC1,CHEMBL368329,0.3,CHEMBL274,0.3
O=C(O)[C@@H](CC1CCC1)N1C[C@H](CN2CCC(CCCc3ccc(F)cc3)CC2)[C@@H](c2cccc(F)c2)C1,CHEMBL281607,0.8,CHEMBL274,0.8
CC[C@H](C)[C@H](C(=O)O)N1C[C@H](CN2CCC(c3cc(Cc4cccc(C#N)c4)nn3CC)CC2)[C@@H](c2cccc(F)c2)C1,CHEMBL171468,0.9,CHEMBL274,0.9
CCn1nc(Cc2ccc(OC(C)(C)C)cc2)cc1C1CCN(C[C@H]2CN([C@@H](C(=O)O)C(C)C)C[C@@H]2c2cccc(F)c2)CC1,CHEMBL177204,0.8,CHEMBL274,0.8
CCn1nc(Cc2ccc(OC(C)(C)C)cc2)cc1C1CCN(C[C@H]2CN([C@@H](C(=O)O)C3CCCCC3)C[C@@H]2c2cccc(F)c2)CC1,CHEMBL173091,0.5,CHEMBL274,0.5
CCn1nc(Cc2cccc(OC)c2)cc1C1CCN(C[C@H]2CN([C@@H](C(=O)O)C(C)(C)C)C[C@@H]2c2cccc(F)c2)CC1,CHEMBL435554,0.7,CHEMBL274,0.7
CCn1nc(Cc2ccc(OC3CC3)cc2)cc1C1CCN(C[C@H]2CN([C@@H](C(=O)O)C(C)(C)C)C[C@@H]2c2cccc(F)c2)CC1,CHEMBL366873,0.4,CHEMBL274,0.4
CCn1nc(Cc2ccc(O)cc2)cc1C1CCN(C[C@H]2CN([C@@H](C(=O)O)C(C)(C)C)C[C@@H]2c2cccc(F)c2)CC1,CHEMBL173019,1.1,CHEMBL274,1.1
O=C(O)[C@@H](CC1CCC1)N1C[C@H](CN2CCC(CCCc3ccccc3)CC2)[C@@H](c2ccccc2)C1,CHEMBL20896,0.1,CHEMBL274,0.1
CCn1nc(Cc2ccc(Cl)cc2)cc1C1CCN(C[C@H]2CN([C@@H](C(=O)O)C(C)C)C[C@@H]2c2cccc(F)c2)CC1,CHEMBL369822,1.3,CHEMBL274,1.3
CCn1nc(Cc2ccc(C(F)(F)F)cc2)cc1C1CCN(C[C@H]2CN([C@@H](C(=O)O)C(C)(C)C)C[C@@H]2c2cccc(F)c2)CC1,CHEMBL427493,0.3,CHEMBL274,0.3
CC[C@H](C)[C@H](C(=O)O)N1C[C@H](CN2CCC(c3cc(Cc4ccc(OC(C)C)cc4)nn3CC)CC2)[C@@H](c2cccc(F)c2)C1,CHEMBL176624,0.8,CHEMBL274,0.8
CC[C@@H](C)[C@H](C(=O)O)N1C[C@H](CN2CCC(c3cc(Cc4ccc(Oc5ccccc5)cc4)nn3CC)CC2)[C@@H](c2cccc(F)c2)C1,CHEMBL369593,0.5,CHEMBL274,0.5
CCn1nc(Cc2ccc(O)cc2)cc1C1CCN(C[C@H]2CN([C@@H](C(=O)O)C(C)C)C[C@@H]2c2cccc(F)c2)CC1,CHEMBL262663,0.6,CHEMBL274,0.6
CC[C@H](C)[C@H](C(=O)O)N1C[C@H](CN2CCC(c3cc(Cc4ccc5c(c4)OCO5)nn3CC)CC2)[C@@H](c2cccc(F)c2)C1,CHEMBL175341,0.5,CHEMBL274,0.5
C[N+]1(Cc2ccc(NC(=O)C3=Cc4cc(-c5ccccc5)ccc4CC3)cc2)CCCCCC1.[I-],CHEMBL293882,380.0,CHEMBL274,0.38
C[N+]1(Cc2ccc(NC(=O)C3=Cc4cc(-c5ccccc5)ccc4CC3)cc2)CCOCC1.[I-],CHEMBL65649,1200.0,CHEMBL274,1.2
Cc1ccc(-c2ccc3c(c2)C=C(C(=O)Nc2ccc(C[N+]4(C)CCCCC4)cc2)CC3)cc1.[I-],CHEMBL303964,240.0,CHEMBL274,0.24
C[N+]1(CCc2ccc(NC(=O)C3=Cc4cc(-c5ccccc5)ccc4CC3)cc2)CCCCC1.[I-],CHEMBL62611,1100.0,CHEMBL274,1.1
CCC(CC)[N+](C)(C)Cc1ccc(NC(=O)C2=Cc3cc(-c4ccc(C)cc4)ccc3OCC2)cc1.[I-],CHEMBL294788,3.3,CHEMBL274,0.0033
C[N+](C)(Cc1ccc(NC(=O)C2=Cc3cc(-c4ccc(N5CCCC5)cc4)ccc3CCC2)cc1)C1CCOCC1.[I-],CHEMBL62180,3.8,CHEMBL274,0.0038
Cc1ccc(-c2ccc3c(c2)C=C(C(=O)Nc2ccc(C[N+]4(C)CCCCC4)cc2)CCC3)cc1.[I-],CHEMBL62549,25.0,CHEMBL274,0.025
Cc1ccc(-c2ccc3c(c2)C=C(C(=O)Nc2ccc(C[N+](C)(C)C4CCC(=O)CC4)cc2)CCO3)cc1.[I-],CHEMBL62598,4.5,CHEMBL274,0.0045
CCCC[P+](CCCC)(CCCC)Cc1ccc(NC(=O)/C=C/c2cccc(-c3ccc(C)cc3)c2)cc1.[Cl-],CHEMBL62454,620.0,CHEMBL274,0.62
CC[N+](CC)(CC)Cc1ccc(NC(=O)C2=Cc3cc(-c4ccccc4)ccc3CC2)cc1.[Cl-],CHEMBL292345,840.0,CHEMBL274,0.84
Cc1ccc(-c2ccc3c(c2)C=C(C(=O)Nc2ccc(C[N+](C)(C)C4CCOCC4)cc2)CCC3)cc1.[I-],CHEMBL64322,1.8,CHEMBL274,0.0018
Cc1ccc(-c2ccc3c(c2)C=C(C(=O)Nc2ccc(C[N+]4(C)CCCCC4)cc2)CCO3)cc1.[I-],CHEMBL61267,43.0,CHEMBL274,0.043
C[N+]1(Cc2ccc(NC(=O)C3=Cc4cc(-c5ccccc5)ccc4CC3)cc2)CCCCC1.[I-],CHEMBL66301,390.0,CHEMBL274,0.39
CCOc1ccc(-c2ccc3c(c2)C=C(C(=O)Nc2ccc(C[N+](C)(C)C4CCOCC4)cc2)CCO3)cc1.[I-],CHEMBL293393,1.8,CHEMBL274,0.0018
Cc1ccc(-c2ccc3c(c2)C=C(C(=O)Nc2ccc(C[N+]4(C)CCCCC4)cc2)CO3)cc1.[I-],CHEMBL64591,660.0,CHEMBL274,0.66
C[N+](C)(Cc1ccc(NC(=O)C2=Cc3cc(-c4ccc(C(F)(F)F)cc4)ccc3OCC2)cc1)C1CCOCC1.[I-],CHEMBL56565,1.5,CHEMBL274,0.0015
C[N+](C)(Cc1ccc(NC(=O)C2=Cc3cc(-c4ccc(N5CCCCC5)cc4)ccc3CCC2)cc1)C1CCOCC1.[I-],CHEMBL62339,2.2,CHEMBL274,0.0022
Cc1ccc(-c2ccc3c(c2)C=C(C(=O)Nc2ccc(C[N+](C)(C)C4CCSCC4)cc2)CCO3)cc1.[I-],CHEMBL61208,3.1,CHEMBL274,0.0031
Cc1ccc(-c2cccc(/C=C/C(=O)Nc3ccc(C[N+]4(C)CCCCC4)cc3)c2)cc1.[I-],CHEMBL65696,570.0,CHEMBL274,0.57
Cc1ccc(-c2ccc3c(c2)C=C(C(=O)Nc2ccc(CC[N+]4(C)CCCCC4)cc2)CCO3)cc1.[I-],CHEMBL64163,110.0,CHEMBL274,0.11
C[N+]1(Cc2ccc(NC(=O)C3=Cc4cc(-c5ccccc5)ccc4CC3)cc2)CCCC1.[I-],CHEMBL65681,430.0,CHEMBL274,0.43
Cc1ccc(-c2ccc3c(c2)C=C(C(=O)Nc2ccc(C[N+](C)(C)C4CCOCC4)cc2)CCC3)cc1.[Cl-],CHEMBL41275,1.4,CHEMBL274,0.0014
Cc1ccc(-c2ccc3c(c2)C=C(C(=O)Nc2ccc(C[N+](C)(C)C4CCOCC4)cc2)CCO3)cc1.[I-],CHEMBL292548,1.4,CHEMBL274,0.0014
Cc1cccc[n+]1Cc1ccc(NC(=O)C2=Cc3cc(-c4ccccc4)ccc3CC2)cc1.[Cl-],CHEMBL65605,3200.0,CHEMBL274,3.2
Cc1ccc(-c2ccc3c(c2)C=C(C(=O)Nc2ccc(C[N+](C)(C)CCCO)cc2)CCO3)cc1.[I-],CHEMBL294501,6.8,CHEMBL274,0.0068
CCCN(c1ccccn1)C1CCN(C[C@H]2CN(C(=O)c3ccccc3Cl)C[C@@H]2c2ccccc2)CC1,CHEMBL138282,14.0,CHEMBL274,14.0
CCCN(c1ccccn1)C1CCN(C[C@H]2CN(C(=O)c3ccccc3Cl)C[C@@H]2c2ccccc2)CC1,CHEMBL138282,300.0,CHEMBL274,300.0
CN(C[C@@H](CCN1CCC(Cc2ccccc2)CC1)c1cccc(Cl)c1)S(=O)(=O)c1ccccc1,CHEMBL79958,250.0,CHEMBL274,250.0
CCCN(c1ccccn1)C1CCN(C[C@H]2CN(C(=O)N3CCCC3)C[C@@H]2c2ccccc2)CC1,CHEMBL137524,9.0,CHEMBL274,9.0
CCCN(c1ccccn1)C1CCN(C[C@H]2CN(C(=O)N3CCCC3)C[C@@H]2c2ccccc2)CC1,CHEMBL137524,300.0,CHEMBL274,300.0
CCCN(c1ccncn1)C1CCN(C[C@H]2CN([C@H](CC3CCC3)C(=O)O)C[C@@H]2c2cccc(F)c2)CC1,CHEMBL342842,1.2,CHEMBL274,1.2
CCCN(c1ccncn1)C1CCN(C[C@H]2CN([C@H](CC3CCC3)C(=O)O)C[C@@H]2c2cccc(F)c2)CC1,CHEMBL342842,33.0,CHEMBL274,33.0
CN(C[C@@H](CCN1CCC2(CC1)CNC(=O)c1ccccc12)c1cccc(Cl)c1)S(=O)(=O)c1ccccc1,CHEMBL83311,35.0,CHEMBL274,35.0
C=CCN(c1ccncc1)C1CCN(C[C@H]2CN(C(=O)C3CCCCC3)C[C@@H]2c2ccccc2)CC1,CHEMBL137650,66.0,CHEMBL274,66.0
Cc1ccccc1N1CCN(CC[C@H](CN(C)S(=O)(=O)c2ccccc2)c2cccc(Cl)c2)CC1,CHEMBL79369,2400.0,CHEMBL274,2400.0
C=CCN(c1ccccc1)C1CCN(C[C@H]2CN(C(=O)C3CCCCC3)C[C@@H]2c2ccccc2)CC1,CHEMBL137154,42.0,CHEMBL274,42.0
CCCN(c1ncccn1)C1CCN(C[C@H]2CN([C@@H](C(=O)O)C3CCCCC3)C[C@@H]2c2cccc(F)c2)CC1,CHEMBL138437,1.6,CHEMBL274,1.6
CCCN(c1ncccn1)C1CCN(C[C@H]2CN([C@@H](C(=O)O)C3CCCCC3)C[C@@H]2c2cccc(F)c2)CC1,CHEMBL138437,33.0,CHEMBL274,33.0
CN(C[C@@H](CCN1CCC2(CC1)CNc1ccccc12)c1cccc(Cl)c1)S(=O)(=O)c1ccccc1,CHEMBL312808,50.0,CHEMBL274,50.0
O=C(C1CCCCC1)N1C[C@H](CN2CCC(N(CC3CC3)c3ccccn3)CC2)[C@@H](c2ccccc2)C1,CHEMBL136977,9.0,CHEMBL274,9.0
O=C(C1CCCCC1)N1C[C@H](CN2CCC(N(CC3CC3)c3ccccn3)CC2)[C@@H](c2ccccc2)C1,CHEMBL136977,33.0,CHEMBL274,33.0
CN(C[C@@H](CCN1CCC2(CC1)C[S+]([O-])c1ccccc12)c1cccc(Cl)c1)S(=O)(=O)c1ccccc1,CHEMBL83338,10.0,CHEMBL274,10.0
CN(C[C@@H](CCN1CCC2(CC1)NC(=O)c1ccccc12)c1cccc(Cl)c1)S(=O)(=O)c1ccccc1,CHEMBL310305,45.0,CHEMBL274,45.0
CN(C[C@@H](CCN1CCC(CCc2ccccc2)CC1)c1cccc(Cl)c1)S(=O)(=O)c1ccccc1,CHEMBL83882,65.0,CHEMBL274,65.0
C=CCN(c1cccnc1)C1CCN(C[C@H]2CN(C(=O)C3CCCCC3)C[C@@H]2c2ccccc2)CC1,CHEMBL137206,23.0,CHEMBL274,23.0
C=CCN(c1cccnc1)C1CCN(C[C@H]2CN(C(=O)C3CCCCC3)C[C@@H]2c2ccccc2)CC1,CHEMBL137206,12.0,CHEMBL274,12.0
CCCN(c1ncccn1)C1CCN(C[C@H]2CN([C@@H](C(=O)O)C3CCCCC3)C[C@@H]2c2ccccc2)CC1,CHEMBL137038,6.6,CHEMBL274,6.6
CCCN(c1ncccn1)C1CCN(C[C@H]2CN([C@@H](C(=O)O)C3CCCCC3)C[C@@H]2c2ccccc2)CC1,CHEMBL137038,33.0,CHEMBL274,33.0
CN(C[C@@H](CCN1CCC2(CC1)C[S+]([O-])c1ccccc12)c1ccc(Cl)c(Cl)c1)S(=O)(=O)c1ccccc1,CHEMBL79504,35.0,CHEMBL274,35.0
CCCN(c1cccnc1)C1CCN(C[C@H]2CN([C@@H](C(=O)O)C3CCCCC3)C[C@@H]2c2ccccc2)CC1,CHEMBL137728,5.0,CHEMBL274,5.0
CCCN(c1cccnc1)C1CCN(C[C@H]2CN([C@@H](C(=O)O)C3CCCCC3)C[C@@H]2c2ccccc2)CC1,CHEMBL137728,33.0,CHEMBL274,33.0
CCCN(c1ncccn1)C1CCN(C[C@H]2CN([C@H](CC3CCC3)C(=O)O)C[C@@H]2c2cccc(F)c2)CC1,CHEMBL428104,1.8,CHEMBL274,1.8
CCCN(c1ncccn1)C1CCN(C[C@H]2CN([C@H](CC3CCC3)C(=O)O)C[C@@H]2c2cccc(F)c2)CC1,CHEMBL428104,11.0,CHEMBL274,11.0
CCCN(c1ncc(F)cn1)C1CCN(C[C@H]2CN([C@H](CC3CCC3)C(=O)O)C[C@@H]2c2cccc(F)c2)CC1,CHEMBL344261,0.4,CHEMBL274,0.4
CCCN(c1ncc(F)cn1)C1CCN(C[C@H]2CN([C@H](CC3CCC3)C(=O)O)C[C@@H]2c2cccc(F)c2)CC1,CHEMBL344261,33.0,CHEMBL274,33.0
CN(C[C@@H](CCN1CCC(CCCc2ccccc2)CC1)c1cccc(Cl)c1)S(=O)(=O)c1ccccc1,CHEMBL310780,5.0,CHEMBL274,5.0
COc1ccccc1C1CCN(CC[C@H](CN(C)S(=O)(=O)c2ccccc2)c2cccc(Cl)c2)CC1,CHEMBL431795,70.0,CHEMBL274,70.0
C=CCN(c1ncccn1)C1CCN(C[C@H]2CN(C(=O)C3CCCCC3)C[C@@H]2c2ccccc2)CC1,CHEMBL135432,12.0,CHEMBL274,12.0
C=CCN(c1ncccn1)C1CCN(C[C@H]2CN(C(=O)C3CCCCC3)C[C@@H]2c2ccccc2)CC1,CHEMBL135432,12.0,CHEMBL274,12.0
CCN(c1ncccn1)C1CCN(C[C@H]2CN([C@H](CC3CCC3)C(=O)O)C[C@@H]2c2cccc(F)c2)CC1,CHEMBL343366,1.5,CHEMBL274,1.5
CCN(c1ncccn1)C1CCN(C[C@H]2CN([C@H](CC3CCC3)C(=O)O)C[C@@H]2c2cccc(F)c2)CC1,CHEMBL343366,100.0,CHEMBL274,100.0
O=C(O)[C@@H](CC1CCC1)N1C[C@H](CN2CCC(N(CC3CC3)c3ncccn3)CC2)[C@@H](c2cccc(F)c2)C1,CHEMBL137327,1.1,CHEMBL274,1.1
O=C(O)[C@@H](CC1CCC1)N1C[C@H](CN2CCC(N(CC3CC3)c3ncccn3)CC2)[C@@H](c2cccc(F)c2)C1,CHEMBL137327,11.0,CHEMBL274,11.0
CN(C[C@@H](CCN1CCN(c2ccccc2)CC1)c1cccc(Cl)c1)S(=O)(=O)c1ccccc1,CHEMBL79697,700.0,CHEMBL274,700.0
CN(C[C@@H](CCN1CCC2(CC1)CC(=O)c1ccccc12)c1cccc(Cl)c1)S(=O)(=O)c1ccccc1,CHEMBL82880,5.0,CHEMBL274,5.0
CCCN(c1nccc(OC)n1)C1CCN(C[C@H]2CN([C@H](CC3CCC3)C(=O)O)C[C@@H]2c2cccc(F)c2)CC1,CHEMBL275998,0.8,CHEMBL274,0.8
CCCN(c1nccc(OC)n1)C1CCN(C[C@H]2CN([C@H](CC3CCC3)C(=O)O)C[C@@H]2c2cccc(F)c2)CC1,CHEMBL275998,100.0,CHEMBL274,100.0
CN(C[C@@H](CCN1CCC2(CC1)CS(=O)(=O)c1ccccc12)c1cccc(Cl)c1)S(=O)(=O)c1ccccc1,CHEMBL83107,15.0,CHEMBL274,15.0
CN1C(=O)c2ccccc2C12CCN(CC[C@H](CN(C)S(=O)(=O)c1ccccc1)c1cccc(Cl)c1)CC2,CHEMBL83745,100.0,CHEMBL274,100.0
CCCN(c1ccccn1)C1CCN(C[C@H]2CN(C(=O)C3CCC3)C[C@@H]2c2ccccc2)CC1,CHEMBL138645,10.0,CHEMBL274,10.0
CCCN(c1ccccn1)C1CCN(C[C@H]2CN(C(=O)C3CCC3)C[C@@H]2c2ccccc2)CC1,CHEMBL138645,300.0,CHEMBL274,300.0
CN(C[C@@H](CCN1CCC2(CC1)CC(O)c1ccccc12)c1cccc(Cl)c1)S(=O)(=O)c1ccccc1,CHEMBL79566,100.0,CHEMBL274,100.0
CCCN(c1ccccn1)C1CCN(C[C@H]2CN([C@@H](C(=O)O)C3CCCCC3)C[C@@H]2c2ccccc2)CC1,CHEMBL343160,3.9,CHEMBL274,3.9
CCCN(c1ccccn1)C1CCN(C[C@H]2CN([C@@H](C(=O)O)C3CCCCC3)C[C@@H]2c2ccccc2)CC1,CHEMBL343160,100.0,CHEMBL274,100.0
CCCN(c1ncc(C(F)(F)F)cn1)C1CCN(C[C@H]2CN([C@H](CC3CCC3)C(=O)O)C[C@@H]2c2cccc(F)c2)CC1,CHEMBL344641,0.5,CHEMBL274,0.5
CCCN(c1ncc(C(F)(F)F)cn1)C1CCN(C[C@H]2CN([C@H](CC3CCC3)C(=O)O)C[C@@H]2c2cccc(F)c2)CC1,CHEMBL344641,100.0,CHEMBL274,100.0
CCCN(c1cncnc1)C1CCN(C[C@H]2CN([C@H](CC3CCC3)C(=O)O)C[C@@H]2c2cccc(F)c2)CC1,CHEMBL335562,1.7,CHEMBL274,1.7
CCCN(c1cncnc1)C1CCN(C[C@H]2CN([C@H](CC3CCC3)C(=O)O)C[C@@H]2c2cccc(F)c2)CC1,CHEMBL335562,11.0,CHEMBL274,11.0
C=CCN(c1ccccn1)C1CCN(C[C@H]2CN(C(=O)C3CCCCC3)C[C@@H]2c2ccccc2)CC1,CHEMBL137419,6.0,CHEMBL274,6.0
C=CCN(c1ccccn1)C1CCN(C[C@H]2CN(C(=O)C3CCCCC3)C[C@@H]2c2ccccc2)CC1,CHEMBL137419,11.0,CHEMBL274,11.0
CCCN(c1ccccn1)C1CCN(C[C@H]2CN(C(=O)C3CCCCC3)C[C@@H]2c2ccccc2)CC1,CHEMBL137072,12.0,CHEMBL274,12.0
CCCN(c1ccccn1)C1CCN(C[C@H]2CN(C(=O)C3CCCCC3)C[C@@H]2c2ccccc2)CC1,CHEMBL137072,100.0,CHEMBL274,100.0
CN(C[C@@H](CCN1CCC2(CCc3ccccc32)CC1)c1cccc(Cl)c1)S(=O)(=O)c1ccccc1,CHEMBL84374,180.0,CHEMBL274,180.0
CN(C[C@@H](CCN1CCC2(CC1)Cc1ccccc1O2)c1cccc(Cl)c1)S(=O)(=O)c1ccccc1,CHEMBL83818,260.0,CHEMBL274,260.0
C=CCN(c1ccc(C(F)(F)F)cn1)C1CCN(C[C@H]2CN(C(=O)C3CCCCC3)C[C@@H]2c2ccccc2)CC1,CHEMBL137272,21.0,CHEMBL274,21.0
C=CCN(c1ccc(C(F)(F)F)cn1)C1CCN(C[C@H]2CN(C(=O)C3CCCCC3)C[C@@H]2c2ccccc2)CC1,CHEMBL137272,37.0,CHEMBL274,37.0
CN(C[C@@H](CCN1CCC2(CC1)CC(=O)Nc1ccccc12)c1cccc(Cl)c1)S(=O)(=O)c1ccccc1,CHEMBL83683,35.0,CHEMBL274,35.0
CN(C[C@@H](CCN1CCC(c2ccc(Cl)cc2)CC1)c1cccc(Cl)c1)S(=O)(=O)c1ccccc1,CHEMBL83963,200.0,CHEMBL274,200.0
CN(C[C@@H](CCN1CCC(c2cccc(C(F)(F)F)c2)CC1)c1cccc(Cl)c1)S(=O)(=O)c1ccccc1,CHEMBL82838,120.0,CHEMBL274,120.0
CCCN(c1nccc(C(F)(F)F)n1)C1CCN(C[C@H]2CN([C@H](CC3CCC3)C(=O)O)C[C@@H]2c2cccc(F)c2)CC1,CHEMBL343745,1.2,CHEMBL274,1.2
CCCN(c1nccc(C(F)(F)F)n1)C1CCN(C[C@H]2CN([C@H](CC3CCC3)C(=O)O)C[C@@H]2c2cccc(F)c2)CC1,CHEMBL343745,450.0,CHEMBL274,450.0
CN(C[C@@H](CCN1CCC(c2ccc(F)cc2)CC1)c1cccc(Cl)c1)S(=O)(=O)c1ccccc1,CHEMBL83957,25.0,CHEMBL274,25.0
C=CCN(C(=O)OCc1ccc([N+](=O)[O-])cc1)C1CCN(C[C@H]2CN(C(=O)c3ccccc3Cl)C[C@@H]2c2ccccc2)CC1,CHEMBL328297,0.8,CHEMBL274,0.8
CN(C[C@@H](CCN1CCC(c2ccccc2)CC1)c1cccc(Cl)c1)S(=O)(=O)c1ccccc1,CHEMBL312701,30.0,CHEMBL274,30.0
Cc1ccccc1C1CCN(CC[C@H](CN(C)S(=O)(=O)c2ccccc2)c2cccc(Cl)c2)CC1,CHEMBL84120,400.0,CHEMBL274,400.0
CN(C[C@@H](CCN1CCC2(CC1)CSc1ccccc12)c1cccc(Cl)c1)S(=O)(=O)c1ccccc1,CHEMBL79716,270.0,CHEMBL274,270.0
C=CCN(C(=O)OCc1ccccc1)C1CCN(CCC(C)(CN2C(=O)N[C@H](Cc3c[nH]c4ccccc34)C2=O)c2ccccc2)CC1,CHEMBL104698,5.0,CHEMBL274,5.0
CCN(C(=O)OCc1ccccc1)C1CCN(CCC(C)(CN2C(=O)N[C@H](Cc3c[nH]c4ccccc34)C2=O)c2cccc(Cl)c2)CC1,CHEMBL319233,77.0,CHEMBL274,77.0
O=C1N[C@H](Cc2c[nH]c3ccccc23)C(=O)N1CC(CCN1CCC(c2ccccc2)CC1)c1cccc(Cl)c1,CHEMBL106381,25.0,CHEMBL274,25.0
O=C1N[C@H](Cc2ccccc2)C(=O)N1CC(CCN1CCC(c2ccccc2)CC1)c1cccc(Cl)c1,CHEMBL105109,250.0,CHEMBL274,250.0
C=CCN(C(=O)OCc1ccccc1)C1CCN(CCC(CN2C(=O)N[C@H](Cc3c[nH]c4ccccc34)C2=O)c2cccc(Cl)c2)CC1,CHEMBL107128,3.0,CHEMBL274,3.0
O=C1N[C@H](Cc2c[nH]c3ccccc23)C(=O)N1CC(CCN1CCC(c2ccccc2)CC1)c1cccc(Cl)c1,CHEMBL106381,80.0,CHEMBL274,80.0
CC(CCN1CCC(c2ccccc2)CC1)(CN1C(=O)N[C@H](Cc2c[nH]c3ccccc23)C1=O)c1cccc(Cl)c1,CHEMBL107749,100.0,CHEMBL274,100.0
CCN(C(=O)OCc1ccccc1)C1CCN(CCC(CN2C(=O)N[C@H](Cc3c[nH]c4ccccc34)C2=O)c2ccccc2)CC1,CHEMBL317860,13.0,CHEMBL274,13.0
C=CCN(C(=O)OCc1ccccc1)C1CCN(CCC(CN2C(=O)N[C@H](Cc3c[nH]c4ccccc34)C2=O)c2ccccc2)CC1,CHEMBL104793,7.0,CHEMBL274,7.0
CN(C[C@@H](CCN1CCC2(CC1)C[S+]([O-])c1ccccc12)c1ccc(Cl)c(Cl)c1)S(=O)(=O)c1ccccc1,CHEMBL79504,35.0,CHEMBL274,35.0
O=C1CC2(CCN(CCC(CN3C(=O)N[C@H](Cc4ccccc4)C3=O)c3cccc(Cl)c3)CC2)c2ccccc21,CHEMBL319697,200.0,CHEMBL274,200.0
CN(C[C@@H](CCN1CCC2(CC1)C[S+]([O-])c1ccccc12)c1ccc(Cl)c(Cl)c1)C(=O)Cc1ccccc1,CHEMBL314342,640.0,CHEMBL274,640.0
O=C1CC2(CCN(CCC(CN3C(=O)N[C@H](c4ccccc4)C3=O)c3cccc(Cl)c3)CC2)c2ccccc21,CHEMBL419172,606.0,CHEMBL274,606.0
CCN(C(=O)OCc1ccccc1)C1CCN(CCC(CN2C(=O)N[C@H](Cc3c[nH]c4ccccc34)C2=O)c2cccc(Cl)c2)CC1,CHEMBL105975,2.0,CHEMBL274,2.0
CCN(C(=O)OCc1ccccc1)C1CCN(CCC(C)(CN2C(=O)N[C@H](Cc3c[nH]c4ccccc34)C2=O)c2ccccc2)CC1,CHEMBL106907,4.0,CHEMBL274,4.0
CN(C[C@@H](CCN1CCC2(CC1)C[S+]([O-])c1ccccc12)c1cccc(Cl)c1)S(=O)(=O)c1ccccc1,CHEMBL83338,10.0,CHEMBL274,10.0
C=CCN(C(=O)OCc1ccccc1)C1CCN(CCC(C)(CN2C(=O)N[C@H](Cc3c[nH]c4ccccc34)C2=O)c2cccc(Cl)c2)CC1,CHEMBL107439,32.0,CHEMBL274,32.0
Cc1ccc(-c2ccc3c(c2)C=C(C(=O)Nc2ccc(C[N+](C)(C)C4CCOCC4)cc2)CCC3)cc1.[Cl-],CHEMBL41275,1.4,CHEMBL274,1.4
c1ccc(C2CCN(C[C@H]3CN4O[C@H](c5ccccc5)C[C@H]4[C@@H]3c3ccccc3)CC2)cc1,CHEMBL159097,27.0,CHEMBL274,27.0
C=CCN(C(=O)OCc1ccc([N+](=O)[O-])cc1)C1CCN(C[C@@H]2[C@@H](c3ccccc3)CN3OC4(CCCCC4)C[C@@H]23)CC1,CHEMBL157983,14.0,CHEMBL274,14.0
CCN(C(=O)OCc1ccccc1)C1CCN(C[C@H]2CN3O[C@H](c4ccccc4)C[C@H]3[C@@H]2c2ccccc2)CC1,CHEMBL351973,27.0,CHEMBL274,27.0
C=CCN(C(=O)OCc1ccc([N+](=O)[O-])cc1)C1CCN(C[C@H]2CN3OC4(CCCCC4)C[C@H]3[C@@H]2c2ccccc2)CC1,CHEMBL157491,0.13,CHEMBL274,0.13
C=CCN(C(=O)OCc1ccc([N+](=O)[O-])cc1)C1CCN(C[C@@H]2[C@@H](c3ccccc3)CN3O[C@H](c4ccccc4)C[C@@H]23)CC1,CHEMBL158754,6.0,CHEMBL274,6.0
c1ccc(C2CCN(C[C@@H]3[C@@H](c4ccccc4)CN4OC5(CCCCC5)C[C@@H]34)CC2)cc1,CHEMBL539943,33.0,CHEMBL274,33.0
c1ccc(CCCC2CCN(C[C@H]3CN4OC5(CCCCC5)C[C@H]4[C@@H]3c3ccccc3)CC2)cc1,CHEMBL159018,8.0,CHEMBL274,8.0
c1ccc(CCCC2CCN(C[C@@H]3[C@@H](c4ccccc4)CN4OC5(CCCCC5)C[C@@H]34)CC2)cc1,CHEMBL436245,69.0,CHEMBL274,69.0
c1ccc(C2CCN(C[C@H]3CN4OC5(CCCCC5)C[C@H]4[C@@H]3c3ccccc3)CC2)cc1,CHEMBL350027,43.0,CHEMBL274,43.0
c1ccc(CCCC2CCN(C[C@H]3CN4O[C@H](c5ccccc5)C[C@H]4[C@@H]3c3ccccc3)CC2)cc1,CHEMBL161093,5.0,CHEMBL274,5.0
c1ccc(CCCC2CCN(C[C@@H]3[C@@H](c4ccccc4)CN4O[C@H](c5ccccc5)C[C@@H]34)CC2)cc1,CHEMBL350763,11.0,CHEMBL274,11.0
CCN(C(=O)OCc1ccccc1)C1CCN(C[C@@H]2[C@@H](c3ccccc3)CN3OC4(CCCCC4)C[C@@H]23)CC1,CHEMBL161480,86.0,CHEMBL274,86.0
CCN(C(=O)OCc1ccccc1)C1CCN(C[C@H]2CN3OC4(CCCCC4)C[C@H]3[C@@H]2c2ccccc2)CC1,CHEMBL423427,5.0,CHEMBL274,5.0
CCN(C(=O)OCc1ccccc1)C1CCN(C[C@@H]2[C@@H](c3ccccc3)CN3O[C@H](c4ccccc4)C[C@@H]23)CC1,CHEMBL158438,46.0,CHEMBL274,46.0
Cc1ccc(-c2ccc3c(c2)C=C(C(=O)Nc2ccc(C[N+](C)(C)C4CCOCC4)cc2)CCC3)cc1.[Cl-],CHEMBL41275,1.2,CHEMBL274,1.2
c1ccc(C2CCN(C[C@@H]3[C@@H](c4ccccc4)CN4O[C@H](c5ccccc5)C[C@@H]34)CC2)cc1,CHEMBL161594,30.0,CHEMBL274,30.0
C=CCN(C(=O)OCc1ccc([N+](=O)[O-])cc1)C1CCN(C[C@H]2CN(C(=O)C3CCCCC3)C[C@@H]2c2ccccc2)CC1,CHEMBL328260,0.8,CHEMBL274,0.8
C=CCN(C(=O)OCc1ccc([N+](=O)[O-])cc1)C1CCN(C[C@H]2CN3O[C@H](c4ccccc4)C[C@H]3[C@@H]2c2ccccc2)CC1,CHEMBL435259,2.5,CHEMBL274,2.5
O=S(=O)(c1cccs1)N1CC(CN2CCC(O)(CCCc3ccccc3)CC2)[C@@H](c2ccccc2)C1,CHEMBL432010,20.0,CHEMBL274,20.0
CN(CC(CCN1CCC(O)(CCCc2ccccc2)CC1)c1ccccc1)S(=O)(=O)c1ccc(-c2ccccn2)s1,CHEMBL326111,4.0,CHEMBL274,4.0
CN(CC(CCN1CCC2(CC1)C[S+]([O-])c1ccccc12)c1ccccc1)S(=O)(=O)c1ccccc1,CHEMBL408438,35.0,CHEMBL274,35.0
CN(CC(CCN1CCC(c2ccccc2)CC1)c1cccc(F)c1)S(=O)(=O)c1ccccc1,CHEMBL89715,100.0,CHEMBL274,100.0
CC[C@H](CN(C)S(=O)(=O)c1ccccc1)c1ccccc1,CHEMBL327880,4000.0,CHEMBL274,4000.0
CN(C[C@@H](CCN1CCC2(CC1)C[S+]([O-])c1ccccc12)c1ccc2c(c1)OCO2)S(=O)(=O)c1ccccc1,CHEMBL328339,200.0,CHEMBL274,200.0
CN(CC(CCN1CCC2(CC1)CS(=O)(=O)c1ccccc12)c1ccsc1)S(=O)(=O)c1ccccc1,CHEMBL418954,50.0,CHEMBL274,50.0
CN(CC(CCN1CCC(c2ccccc2)CC1)c1cccs1)S(=O)(=O)c1ccccc1,CHEMBL328888,400.0,CHEMBL274,400.0
Cc1ccc(C(CCN2CCC(c3ccccc3)CC2)CN(C)S(=O)(=O)c2ccccc2)cc1C,CHEMBL316189,60.0,CHEMBL274,60.0
CN(CC(CCN1CCC(c2ccccc2)CC1)c1ccc(F)c(F)c1)S(=O)(=O)c1ccccc1,CHEMBL313950,570.0,CHEMBL274,570.0
CN(C[C@@H](CCN1CCC2(CC1)CS(=O)(=O)c1ccccc12)c1ccc2c(c1)OCO2)S(=O)(=O)c1ccccc1,CHEMBL328898,80.0,CHEMBL274,80.0
O=S(=O)(c1ccc(-c2ccccn2)s1)N1C[C@H](CN2CCC(O)(CCCc3ccccc3)CC2)[C@@H](c2ccccc2)C1,CHEMBL107425,41.0,CHEMBL274,41.0
CN(CC(CCN1CCC(c2ccccc2)CC1)c1cccc(C(F)(F)F)c1)S(=O)(=O)c1ccccc1,CHEMBL91413,500.0,CHEMBL274,500.0
COc1ccc(C(CCN2CCC(c3ccccc3)CC2)CN(C)S(=O)(=O)c2ccccc2)cc1,CHEMBL92791,1000.0,CHEMBL274,1000.0
Cc1cc(C(CCN2CCC(c3ccccc3)CC2)CN(C)S(=O)(=O)c2ccccc2)ccc1F,CHEMBL88219,180.0,CHEMBL274,180.0
CN(C[C@@H](CCN1CCC(c2ccccc2)CC1)c1cccc(Cl)c1)S(=O)(=O)c1ccccc1,CHEMBL312701,30.0,CHEMBL274,30.0
CN(CC(CCN1CCC(CCCc2ccccc2)CC1)c1ccccc1)S(=O)(=O)c1cccs1,CHEMBL105987,3.0,CHEMBL274,3.0
CN(CC(CCN1CCC2(CC1)C[S+]([O-])c1ccccc12)c1cc(Cl)cc(Cl)c1)S(=O)(=O)c1ccccc1,CHEMBL92147,90.0,CHEMBL274,90.0
CN(C[C@@H](CCN1CCC(c2ccccc2)CC1)c1cccc(Cl)c1)S(=O)(=O)c1ccccc1,CHEMBL312701,30.0,CHEMBL274,30.0
CN(CC(CCN1CCC(c2ccccc2)CC1)c1ccsc1)S(=O)(=O)c1ccccc1,CHEMBL91522,100.0,CHEMBL274,100.0
Cc1cccc(C(CCN2CCC(c3ccccc3)CC2)CN(C)S(=O)(=O)c2ccccc2)c1,CHEMBL88197,80.0,CHEMBL274,80.0
CN(C[C@@H](CCN1CCC2(CC1)CSc1ccccc12)c1cccc(Cl)c1)S(=O)(=O)c1ccccc1,CHEMBL79716,270.0,CHEMBL274,270.0
CN(C[C@@H](CCN1CCC2(CC1)CS(=O)(=O)c1ccccc12)c1cccc(Cl)c1)S(=O)(=O)c1ccccc1,CHEMBL83107,15.0,CHEMBL274,15.0
CN(CC(CCN1CCC2(CC1)CS(=O)(=O)c1ccccc12)c1cccs1)S(=O)(=O)c1ccccc1,CHEMBL328908,110.0,CHEMBL274,110.0
CN(CC(CCN1CCC(c2ccccc2)CC1)c1ccc2ccccc2c1)S(=O)(=O)c1ccccc1,CHEMBL329190,720.0,CHEMBL274,720.0
CN(CC(CCN1CCC2(CC1)CS(=O)(=O)c1ccccc12)c1ccccc1)S(=O)(=O)c1ccccc1,CHEMBL89958,30.0,CHEMBL274,30.0
CN(CC(CCN1CCC2(CC1)C[S+]([O-])c1ccccc12)c1ccccc1Cl)S(=O)(=O)c1ccccc1,CHEMBL89929,2000.0,CHEMBL274,2000.0
CN(CC(CCN1CCC(O)(CCCc2ccccc2)CC1)c1ccccc1)S(=O)(=O)c1cccs1,CHEMBL421598,6.5,CHEMBL274,6.5
COc1cccc(C(CCN2CCC(c3ccccc3)CC2)CN(C)S(=O)(=O)c2ccccc2)c1,CHEMBL316280,1000.0,CHEMBL274,1000.0
CN(C[C@@H](CCN1CCC2(CC1)C[S+]([O-])c1ccccc12)c1ccc(Cl)cc1)S(=O)(=O)c1ccccc1,CHEMBL432040,270.0,CHEMBL274,270.0
CN(C[C@@H](CCN1CCC2(CC1)C[S+]([O-])c1ccccc12)c1ccc(Cl)c(Cl)c1)S(=O)(=O)c1ccccc1,CHEMBL79504,35.0,CHEMBL274,35.0
CN(CC(CCN1CCC2(CC1)CSc1ccccc12)c1ccccc1)S(=O)(=O)c1ccccc1,CHEMBL88455,450.0,CHEMBL274,450.0
CN(CC(CCN1CCC(CCCc2ccccc2)CC1)c1ccccc1)S(=O)(=O)c1ccc(-c2ccccn2)s1,CHEMBL106569,2.0,CHEMBL274,2.0
CN(CC(CCN1CCC2(CC1)CS(=O)(=O)c1ccccc12)c1ccccc1Cl)S(=O)(=O)c1ccccc1,CHEMBL328438,1300.0,CHEMBL274,1300.0
CN(CC(CCN1CCC2(CC1)CS(=O)(=O)c1ccccc12)c1cc(Cl)cc(Cl)c1)S(=O)(=O)c1ccccc1,CHEMBL91374,110.0,CHEMBL274,110.0
CN(CC(CCN1CCC2(CC1)C[S+]([O-])c1ccccc12)c1ccsc1)S(=O)(=O)c1ccccc1,CHEMBL90747,100.0,CHEMBL274,100.0
CN(CC(CCN1CCC2(CC1)C[S+]([O-])c1ccccc12)C1CCCCC1)S(=O)(=O)c1ccccc1,CHEMBL88928,1000.0,CHEMBL274,1000.0
CN(CC(CCN1CCC2(CC1)CS(=O)(=O)c1ccccc12)C1CCCCC1)S(=O)(=O)c1ccccc1,CHEMBL90152,1000.0,CHEMBL274,1000.0
Cc1ccc(C(CCN2CCC(c3ccccc3)CC2)CN(C)S(=O)(=O)c2ccccc2)cc1F,CHEMBL88164,110.0,CHEMBL274,110.0
O=C(c1ccccc1)N1C[C@H](CN2CCC(c3ccccc3)CC2)[C@@H](c2ccccc2)C1,CHEMBL327846,67.0,CHEMBL274,67.0
c1ccc(CCCC2CCN(C[C@H]3CN(CC4CCCCC4)C[C@@H]3c3ccccc3)CC2)cc1,CHEMBL321267,6.5,CHEMBL274,6.5
CN(CC(CCN1CCC2(CC1)C[S+]([O-])c1ccccc12)c1cccs1)S(=O)(=O)c1ccccc1,CHEMBL90291,180.0,CHEMBL274,180.0
CN(CC(CCN1CCC(c2ccccc2)CC1)c1cc(Cl)cc(Cl)c1)S(=O)(=O)c1ccccc1,CHEMBL90691,300.0,CHEMBL274,300.0
O=S(=O)(c1ccc(-c2ccccn2)s1)N1C[C@H](CN2CCC(CCCc3ccccc3)CC2)[C@@H](c2ccccc2)C1,CHEMBL107170,60.0,CHEMBL274,60.0
OC1(CCCc2ccccc2)CCN(C[C@H]2CN(CC3CCCCC3)C[C@@H]2c2ccccc2)CC1,CHEMBL317710,1.0,CHEMBL274,1.0
CN(CC(CCN1CCC(c2ccccc2)CC1)c1ccccc1)S(=O)(=O)c1ccccc1,CHEMBL327484,120.0,CHEMBL274,120.0
CN(C[C@@H](CCN1CCC2(CC1)CS(=O)(=O)c1ccccc12)c1ccc(Cl)c(Cl)c1)S(=O)(=O)c1ccccc1,CHEMBL421356,100.0,CHEMBL274,100.0
CN(C[C@@H](CCN1CCC2(CC1)C[S+]([O-])c1ccccc12)c1cccc(Cl)c1)S(=O)(=O)c1ccccc1,CHEMBL83338,10.0,CHEMBL274,10.0
CN(CC(CCN1CCC(c2ccccc2)CC1)c1ccccc1Cl)S(=O)(=O)c1ccccc1,CHEMBL420242,3000.0,CHEMBL274,3000.0
CN(C[C@@H](CCN1CCC(c2ccccc2)CC1)c1ccc2c(c1)OCO2)S(=O)(=O)c1ccccc1,CHEMBL330486,300.0,CHEMBL274,300.0
CN(CC(CCN1CCC(c2ccccc2)CC1)C1CCCCC1)S(=O)(=O)c1ccccc1,CHEMBL328088,1000.0,CHEMBL274,1000.0
Cc1ccc(C(CCN2CCC(c3ccccc3)CC2)CN(C)S(=O)(=O)c2ccccc2)cc1,CHEMBL92094,200.0,CHEMBL274,200.0
O=S(=O)(c1cccs1)N1C[C@H](CN2CCC(CCCc3ccccc3)CC2)[C@@H](c2ccccc2)C1,CHEMBL104628,25.0,CHEMBL274,25.0
CN(C[C@@H](CCN1CCC(c2ccccc2)CC1)c1ccc(F)cc1)S(=O)(=O)c1ccccc1,CHEMBL91387,1000.0,CHEMBL274,1000.0
CN(C[C@@H](CCN1CCC2(CC1)CSc1ccccc12)c1ccc(Cl)c(Cl)c1)S(=O)(=O)c1ccccc1,CHEMBL420057,1000.0,CHEMBL274,1000.0
CCc1cccc(C(CCN2CCC(c3ccccc3)CC2)CN(C)S(=O)(=O)c2ccccc2)c1,CHEMBL90141,110.0,CHEMBL274,110.0
CN(C[C@@H](CCN1CCC2(CC1)C[S+]([O-])c1ccccc12)c1ccc(F)cc1)S(=O)(=O)c1ccccc1,CHEMBL88927,570.0,CHEMBL274,570.0
Cc1cc(C)cc(C(CCN2CCC(c3ccccc3)CC2)CN(C)S(=O)(=O)c2ccccc2)c1,CHEMBL91892,160.0,CHEMBL274,160.0
O=C(O)[C@@H](CC1CCC1)N1C[C@H](CN2CCC(c3cnc4ccc(C(F)(F)F)cn34)CC2)[C@@H](c2cccc(F)c2)C1,CHEMBL435886,0.82,CHEMBL274,0.82
O=C(O)[C@@H](CC1CCC1)N1C[C@H](CN2CCC(c3cnc4c(Cl)cc(Cl)cn34)CC2)[C@@H](c2cccc(F)c2)C1,CHEMBL371177,0.5,CHEMBL274,0.5
O=C(O)[C@@H](CC1CCC1)N1C[C@H](CN2CCC(c3cnc4ccc(F)cn34)CC2)[C@@H](c2cccc(F)c2)C1,CHEMBL194497,0.3,CHEMBL274,0.3
CC(=O)c1cccc(NC(=O)N[C@@H]2CCCC[C@H]2CN2CCC[C@@H](Cc3ccc(F)cc3)C2)c1,CHEMBL250689,1000.0,CHEMBL274,1000.0
CN(C[C@](C)(CCN1CCC2C(CCN2C(=O)OCc2ccc([N+](=O)[O-])cc2)C1)c1ccccc1)S(=O)(=O)c1ccccc1,CHEMBL178189,3.6,CHEMBL274,3.6
CN(C[C@@](C)(CCN1CCC2C(CCN2C(=O)Cc2ccccc2)C1)c1ccccc1)S(=O)(=O)c1ccccc1,CHEMBL426048,6.4,CHEMBL274,6.4
CN(CC(C)(CCN1CCC2C(CCN2C(=O)OC(C)(C)C)C1)c1ccccc1)S(=O)(=O)c1ccccc1,CHEMBL179141,2000.0,CHEMBL274,2000.0
CN(CC(C)(CCN1CCC2C(CCN2C(=O)OC(C)(C)C)C1)c1ccccc1)S(=O)(=O)c1ccccc1,CHEMBL179141,2.0,CHEMBL274,2.0
CN(CC(C)(CCN1CCC2C(CCN2C(=O)OCc2ccc([N+](=O)[O-])cc2)C1)c1ccccc1)S(=O)(=O)c1ccccc1,CHEMBL179209,21.0,CHEMBL274,21.0
CN(CC(C)(CCN1CCC2C(CCN2C(=O)OCc2ccc([N+](=O)[O-])cc2)C1)c1ccccc1)S(=O)(=O)c1ccccc1,CHEMBL179209,2.0,CHEMBL274,2.0
CN1C(=O)CCC2CN(CC[C@](C)(CN(C)S(=O)(=O)c3ccccc3)c3ccccc3)CCC21,CHEMBL182188,28.0,CHEMBL274,28.0
CN(C[C@@](C)(CCN1CCC2C(CCC(=O)N2Cc2ccccc2)C1)c1ccccc1)S(=O)(=O)c1ccccc1,CHEMBL361585,10.0,CHEMBL274,10.0
CN(C[C@@](C)(CCN1CCC2C(CCC(=O)N2Cc2ccc([N+](=O)[O-])cc2)C1)c1ccccc1)S(=O)(=O)c1ccccc1,CHEMBL180274,5.3,CHEMBL274,5.3
CCN(C(=O)OCc1ccccc1)C1CCN(CC[C@H](CN(C)S(=O)(=O)c2ccccc2)c2ccccc2)CC1,CHEMBL85086,2.0,CHEMBL274,2.0
C=CCN(C(=O)OCc1ccc([N+](=O)[O-])cc1)C1CCN(CC[C@](C)(CN(C)S(=O)(=O)c2ccccc2)c2ccccc2)CC1,CHEMBL93139,1.0,CHEMBL274,1.0
CN(C[C@@H](CCN1CCC(N2C[C@@H](c3ccccc3)OC2=O)CC1)c1ccccc1)S(=O)(=O)c1ccccc1,CHEMBL359752,31.9,CHEMBL274,31.9
CN(C[C@@H](CCN1CCC(N2C[C@H](c3ccccc3)OC2=O)CC1)c1ccccc1)S(=O)(=O)c1ccccc1,CHEMBL178319,100.0,CHEMBL274,100.0
C[C@H]1[C@@H](c2ccccc2)OC(=O)N1C1CCN(CC[C@H](CN(C)S(=O)(=O)c2ccccc2)c2ccccc2)CC1,CHEMBL178337,36.7,CHEMBL274,36.7
C[C@@H]1[C@@H](c2ccccc2)OC(=O)N1C1CCN(CC[C@H](CN(C)S(=O)(=O)c2ccccc2)c2ccccc2)CC1,CHEMBL359687,350.0,CHEMBL274,350.0
CN(C[C@@H](CCN1CCC2C(CCN2C(=O)OC(C)(C)C)C1)c1ccccc1)S(=O)(=O)c1ccccc1,CHEMBL360522,16.0,CHEMBL274,16.0
CN(C[C@@](C)(CCN1CCC2C(CCN2C(=O)OC(C)(C)C)C1)c1ccccc1)S(=O)(=O)c1ccccc1,CHEMBL360667,11.0,CHEMBL274,11.0
CN(C[C@@](C)(CCN1CCC2NCCC2C1)c1ccccc1)S(=O)(=O)c1ccccc1,CHEMBL362637,2000.0,CHEMBL274,2000.0
CN(C[C@@](C)(CCN1CCC2C(CCN2C(=O)OCc2ccccc2)C1)c1ccccc1)S(=O)(=O)c1ccccc1,CHEMBL180013,9.0,CHEMBL274,9.0
CN(C(=O)Cc1ccc(F)c(F)c1)C1CCN(CCC(c2ccccc2)c2ccccc2)CC1,CHEMBL182274,690.0,CHEMBL274,0.69
COc1cccc(CC(=O)N(C)C2CCN(CCC(c3ccccc3)c3ccccc3)CC2)c1,CHEMBL183769,680.0,CHEMBL274,0.68
COc1ccc(CC(=O)N(C)C2CCN(CCC(c3ccccc3)c3ccccc3)CC2)cc1,CHEMBL180498,580.0,CHEMBL274,0.58
COc1ccc(CC(=O)N(C)C2CCN(CCC(c3ccccc3)c3ccccc3)CC2)cc1OC,CHEMBL182682,650.0,CHEMBL274,0.65
COc1cc(CC(=O)N(C)C2CCN(CCC(c3ccccc3)c3ccccc3)CC2)cc(OC)c1,CHEMBL182010,2700.0,CHEMBL274,2.7
COc1cc(OC)c(OC)cc1CC(=O)N(C)C1CCN(CCC(c2ccccc2)c2ccccc2)CC1,CHEMBL427144,1100.0,CHEMBL274,1.1
CN(C(=O)Cc1ccc(Br)cc1)C1CCN(CCC(c2ccccc2)c2ccccc2)CC1,CHEMBL180685,580.0,CHEMBL274,0.58
CN(C(=O)Cc1ccc(OCc2ccccc2)cc1)C1CCN(CCC(c2ccccc2)c2ccccc2)CC1,CHEMBL183554,3500.0,CHEMBL274,3.5
CN(C(=O)Cc1ccc(-c2ccccc2)cc1)C1CCN(CCC(c2ccccc2)c2ccccc2)CC1,CHEMBL179950,2300.0,CHEMBL274,2.3
CN(C(=O)Cc1ccc(C(F)(F)F)cc1)C1CCN(CCC(c2ccccc2)c2ccccc2)CC1,CHEMBL360524,370.0,CHEMBL274,0.37
CN(C(=O)Cc1ccc(OC(F)(F)F)cc1)C1CCN(CCC(c2ccccc2)c2ccccc2)CC1,CHEMBL182684,290.0,CHEMBL274,0.29
CC(=O)Nc1ccc(CC(=O)N(C)C2CCN(CCC(c3ccccc3)c3ccccc3)CC2)cc1,CHEMBL182878,680.0,CHEMBL274,0.68
CN(C(=O)Cc1ccc(C#N)cc1)C1CCN(CCC(c2ccccc2)c2ccccc2)CC1,CHEMBL180656,60.0,CHEMBL274,0.06
CN(C(=O)Cc1ccc(S(N)(=O)=O)cc1)C1CCN(CCC(c2ccccc2)c2ccccc2)CC1,CHEMBL181913,91.0,CHEMBL274,0.091
CN(C(=O)Cc1ccc(S(=O)(=O)N(C)C)cc1)C1CCN(CCC(c2ccccc2)c2ccccc2)CC1,CHEMBL179858,46.0,CHEMBL274,0.046
CSc1ccc(CC(=O)N(C)C2CCN(CCC(c3ccccc3)c3ccccc3)CC2)cc1,CHEMBL183409,560.0,CHEMBL274,0.56
COC(=O)c1ccc(CC(=O)N(C)C2CCN(CCC(c3ccccc3)c3ccccc3)CC2)cc1,CHEMBL182731,630.0,CHEMBL274,0.63
CN(C(=O)Cc1ccc(O)cc1)C1CCN(CCC(c2ccccc2)c2ccccc2)CC1,CHEMBL183709,470.0,CHEMBL274,0.47
CN(C(=O)Cc1ccc([N+](=O)[O-])cc1)C1CCN(CCC(c2ccccc2)c2ccccc2)CC1,CHEMBL360044,150.0,CHEMBL274,0.15
CCN(C(=O)Cc1ccc(OC(F)(F)F)cc1)C1CCN(CCC(c2ccccc2)c2ccccc2)CC1,CHEMBL182817,310.0,CHEMBL274,0.31
CCN(C(=O)Cc1ccc(C#N)cc1)C1CCN(CCC(c2ccccc2)c2ccccc2)CC1,CHEMBL182279,66.0,CHEMBL274,0.066
CCN(C(=O)Cc1ccc(S(N)(=O)=O)cc1)C1CCN(CCC(c2ccccc2)c2ccccc2)CC1,CHEMBL179877,38.0,CHEMBL274,0.038
CCN(C(=O)Cc1ccc(S(=O)(=O)N(C)C)cc1)C1CCN(CCC(c2ccccc2)c2ccccc2)CC1,CHEMBL179993,10.0,CHEMBL274,0.01
CCN(C(=O)Cc1ccc(S(C)(=O)=O)cc1)C1CCN(CCC(c2ccccc2)c2ccccc2)CC1,CHEMBL369311,76.0,CHEMBL274,0.076
CCN(C(=O)Cc1ccc([N+](=O)[O-])cc1)C1CCN(CCC(c2ccccc2)c2ccccc2)CC1,CHEMBL360106,110.0,CHEMBL274,0.11
NS(=O)(=O)c1ccc(CC(=O)N(C2CC2)C2CCN(CCC(c3ccccc3)c3ccccc3)CC2)cc1,CHEMBL369352,33.0,CHEMBL274,0.033
CS(=O)(=O)c1ccc(CC(=O)N(C2CC2)C2CCN(CCC(c3ccccc3)c3ccccc3)CC2)cc1,CHEMBL182074,51.0,CHEMBL274,0.051
O=C(Cc1ccc([N+](=O)[O-])cc1)N(C1CC1)C1CCN(CCC(c2ccccc2)c2ccccc2)CC1,CHEMBL182929,310.0,CHEMBL274,0.31
C=CCN(C(=O)Cc1ccc(OC(F)(F)F)cc1)C1CCN(CCC(c2ccccc2)c2ccccc2)CC1,CHEMBL182083,350.0,CHEMBL274,0.35
C=CCN(C(=O)Cc1ccc(S(C)(=O)=O)cc1)C1CCN(CCC(c2ccccc2)c2ccccc2)CC1,CHEMBL180155,37.0,CHEMBL274,0.037
C=CCN(C(=O)Cc1ccc([N+](=O)[O-])cc1)C1CCN(CCC(c2ccccc2)c2ccccc2)CC1,CHEMBL426960,180.0,CHEMBL274,0.18
CN(C(=O)NC1CCCCC1)C1CCN(CCC(c2ccccc2)c2ccccc2)CC1,CHEMBL361444,1800.0,CHEMBL274,1.8
CN(C(=O)Nc1cccc(C#N)c1)C1CCN(CCC(c2ccccc2)c2ccccc2)CC1,CHEMBL425168,4900.0,CHEMBL274,4.9
Cc1cccc(NC(=O)N(C)C2CCN(CCC(c3ccccc3)c3ccccc3)CC2)c1,CHEMBL183710,5900.0,CHEMBL274,5.9
C=CCN(C(=O)Nc1ccccc1)C1CCN(CCC(c2ccccc2)c2ccccc2)CC1,CHEMBL183492,2100.0,CHEMBL274,2.1
CN(C(=O)Nc1ccc(Cl)c(Cl)c1)C1CCN(CCC(c2ccccc2)c2ccccc2)CC1,CHEMBL181967,370.0,CHEMBL274,0.37
CN(C(=O)Nc1ccc(F)cc1)C1CCN(CCC(c2ccccc2)c2ccccc2)CC1,CHEMBL178477,190.0,CHEMBL274,0.19
CCN(C(=O)Nc1ccc(C)cc1)C1CCN(CCC(c2ccccc2)c2ccccc2)CC1,CHEMBL426250,320.0,CHEMBL274,0.32
CN(C(=O)NCc1ccccc1)C1CCN(CCC(c2ccccc2)c2ccccc2)CC1,CHEMBL183406,100.0,CHEMBL274,0.1
CCN(C(=O)NCc1ccccc1)C1CCN(CCC(c2ccccc2)c2ccccc2)CC1,CHEMBL180184,62.0,CHEMBL274,0.062
CCN(C(=O)NC(C)c1ccccc1)C1CCN(CCC(c2ccccc2)c2ccccc2)CC1,CHEMBL183746,5400.0,CHEMBL274,5.4
C=CCN(C(=O)NCc1cccc(C)c1)C1CCN(CCC(c2ccccc2)c2ccccc2)CC1,CHEMBL183261,240.0,CHEMBL274,0.24
CN(C(=O)N1Cc2ccccc2C1=O)C1CCN(CCC(c2ccccc2)c2ccccc2)CC1,CHEMBL183885,4100.0,CHEMBL274,4.1
C=CCN(C(=O)NCc1ccc(OC)cc1)C1CCN(CCC(c2ccccc2)c2ccccc2)CC1,CHEMBL181858,110.0,CHEMBL274,0.11
CCN(C(=O)NCc1cccc(C)c1)C1CCN(CCC(c2ccccc2)c2ccccc2)CC1,CHEMBL182940,35.0,CHEMBL274,0.035
CCN(C(=O)NCc1ccc(OC)cc1)C1CCN(CCC(c2ccccc2)c2ccccc2)CC1,CHEMBL182780,42.0,CHEMBL274,0.042
CCN(C(=O)NCc1ccc(S(C)(=O)=O)cc1)C1CCN(CCC(c2ccccc2)c2ccccc2)CC1,CHEMBL182380,49.0,CHEMBL274,0.049
CN(C(=O)c1ccncc1)C1CCN(CCC(c2ccccc2)c2ccccc2)CC1,CHEMBL182266,6100.0,CHEMBL274,6.1
CN(C(=O)c1ccc(F)cc1)C1CCN(CCC(c2ccccc2)c2ccccc2)CC1,CHEMBL183907,7200.0,CHEMBL274,7.2
CN(C(=O)c1cccc([N+](=O)[O-])c1)C1CCN(CCC(c2ccccc2)c2ccccc2)CC1,CHEMBL361414,5100.0,CHEMBL274,5.1
CN(C(=O)c1cccs1)C1CCN(CCC(c2ccccc2)c2ccccc2)CC1,CHEMBL181260,8700.0,CHEMBL274,8.7
CN(C(=O)c1ccco1)C1CCN(CCC(c2ccccc2)c2ccccc2)CC1,CHEMBL362388,7900.0,CHEMBL274,7.9
CN(C(=O)C1CCC1)C1CCN(CCC(c2ccccc2)c2ccccc2)CC1,CHEMBL181502,7400.0,CHEMBL274,7.4
CC(C)CC(=O)N(C)C1CCN(CCC(c2ccccc2)c2ccccc2)CC1,CHEMBL182234,3400.0,CHEMBL274,3.4
CN(C(=O)CC(C)(C)C)C1CCN(CCC(c2ccccc2)c2ccccc2)CC1,CHEMBL427137,5500.0,CHEMBL274,5.5
CN(C(=O)Cc1ccccc1)C1CCN(CCC(c2ccccc2)c2ccccc2)CC1,CHEMBL367586,810.0,CHEMBL274,0.81
CN(C(=O)Cc1ccccc1)C1CCN(CCC(c2ccccc2)c2ccccc2)CC1,CHEMBL367586,770.0,CHEMBL274,0.77
CN(C(=O)C(=O)c1ccccc1)C1CCN(CCC(c2ccccc2)c2ccccc2)CC1,CHEMBL182403,5900.0,CHEMBL274,5.9
CC(C(=O)N(C)C1CCN(CCC(c2ccccc2)c2ccccc2)CC1)c1ccccc1,CHEMBL362168,6800.0,CHEMBL274,6.8
CN(C(=O)Cc1ccccc1Cl)C1CCN(CCC(c2ccccc2)c2ccccc2)CC1,CHEMBL183553,3600.0,CHEMBL274,3.6
CN(C(=O)Cc1cccc(Cl)c1)C1CCN(CCC(c2ccccc2)c2ccccc2)CC1,CHEMBL180095,2200.0,CHEMBL274,2.2
CN(C(=O)Cc1ccc(Cl)cc1)C1CCN(CCC(c2ccccc2)c2ccccc2)CC1,CHEMBL183293,800.0,CHEMBL274,0.8
CN(C(=O)Cc1ccc(Cl)c(Cl)c1)C1CCN(CCC(c2ccccc2)c2ccccc2)CC1,CHEMBL360120,780.0,CHEMBL274,0.78
CN(C(=O)Cc1ccc(Cl)cc1Cl)C1CCN(CCC(c2ccccc2)c2ccccc2)CC1,CHEMBL183875,2600.0,CHEMBL274,2.6
CN(C(=O)Cc1ccccc1F)C1CCN(CCC(c2ccccc2)c2ccccc2)CC1,CHEMBL182557,1900.0,CHEMBL274,1.9
CN(C(=O)Cc1cccc(F)c1)C1CCN(CCC(c2ccccc2)c2ccccc2)CC1,CHEMBL183514,1400.0,CHEMBL274,1.4
CN(C(=O)Cc1ccc(F)cc1)C1CCN(CCC(c2ccccc2)c2ccccc2)CC1,CHEMBL180334,660.0,CHEMBL274,0.66
COc1ccc(/C=C/C(=O)OC(C)C(=O)[C@H]2C[C@@H]2[C@H](O)[C@H]2CC=CC(=O)O2)cc1,CHEMBL359986,5500.0,CHEMBL274,5.5
COc1ccc(/C=C/C(=O)OC(C)C(=O)[C@H]2C[C@@H]2[C@H](O)[C@H]2CC=CC(=O)O2)cc1,CHEMBL359986,8700.0,CHEMBL274,8.7
COc1ccc(/C=C\C(=O)OC(C)C(=O)[C@H]2C[C@@H]2[C@H](O)[C@H]2CC=CC(=O)O2)cc1,CHEMBL366260,8800.0,CHEMBL274,8.8
COc1ccc(/C=C\C(=O)OC(C)C(=O)[C@H]2C[C@@H]2[C@H](O)[C@H]2CC=CC(=O)O2)cc1,CHEMBL366260,6000.0,CHEMBL274,6.0
CC(OC(=O)/C=C/c1ccc(O)cc1)C(=O)[C@H]1C[C@@H]1[C@H](O)[C@H]1CC=CC(=O)O1,CHEMBL363999,7200.0,CHEMBL274,7.2
O=C(O)[C@@H](CC1CCC1)N1C[C@H](CN2CCC(c3cnc4ccc(Cl)cn34)CC2)[C@@H](c2cccc(F)c2)C1,CHEMBL193988,0.89,CHEMBL274,0.89
O=C(O)[C@@H](C1CCCCC1)N1C[C@H](CN2CCC(n3cnc4ccccc43)CC2)[C@@H](c2ccccc2)C1,CHEMBL364070,2.5,CHEMBL274,2.5
O=C(O)[C@@H](C1CCCCC1)N1C[C@H](CN2CCC(Cn3cnc4ccccc43)CC2)[C@@H](c2ccccc2)C1,CHEMBL191139,6.3,CHEMBL274,6.3
O=C(O)[C@@H](C1CCCCC1)N1C[C@H](CN2CCC(CCn3cnc4ccccc43)CC2)[C@@H](c2ccccc2)C1,CHEMBL193972,2.6,CHEMBL274,2.6
O=C(O)[C@@H](C1CCCCC1)N1C[C@H](CN2CCC(CCCn3cnc4ccccc43)CC2)[C@@H](c2ccccc2)C1,CHEMBL193440,0.84,CHEMBL274,0.84
O=C(O)[C@@H](C1CCCCC1)N1C[C@H](CN2CCC(n3c(=O)[nH]c4ccccc43)CC2)[C@@H](c2ccccc2)C1,CHEMBL195199,63.0,CHEMBL274,63.0
O=C(O)[C@@H](C1CCCCC1)N1C[C@H](CN2CCC(n3cnc4cccnc43)CC2)[C@@H](c2ccccc2)C1,CHEMBL436290,2.8,CHEMBL274,2.8
O=C(O)[C@@H](C1CCCCC1)N1C[C@H](CN2CCC(c3c[nH]c4ccccc34)CC2)[C@@H](c2ccccc2)C1,CHEMBL445925,10.0,CHEMBL274,10.0
O=C(O)[C@@H](C1CCCCC1)N1C[C@H](CN2CCC(n3nnc4ccccc43)CC2)[C@@H](c2ccccc2)C1,CHEMBL196087,8.2,CHEMBL274,8.2
O=C(O)[C@@H](C1CCCCC1)N1C[C@H](CN2CCC(n3cnc4ccccc4c3=O)CC2)[C@@H](c2ccccc2)C1,CHEMBL194078,12.0,CHEMBL274,12.0
O=C(O)[C@@H](C1CCCCC1)N1C[C@H](CN2CCC(n3cnc(=O)c4ccccc43)CC2)[C@@H](c2ccccc2)C1,CHEMBL192456,100.0,CHEMBL274,100.0
O=C(O)[C@@H](CC1CCC1)N1C[C@H](CN2CCC(c3ncc4ccccn34)CC2)[C@@H](c2cccc(F)c2)C1,CHEMBL470512,13.0,CHEMBL274,13.0
O=C(O)[C@@H](CC1CCC1)N1C[C@H](CN2CCC(c3cnc4ccccn34)CC2)[C@@H](c2cccc(F)c2)C1,CHEMBL2113086,0.42,CHEMBL274,0.42
O=C(O)[C@@H](CC1CCC1)N1C[C@H](CN2CCC(c3nnc4ccccn34)CC2)[C@@H](c2ccccc2)C1,CHEMBL191803,12.0,CHEMBL274,12.0
O=C(O)[C@@H](CC1CCC1)N1C[C@H](CN2CCC(c3cnc4cnccn34)CC2)[C@@H](c2cccc(F)c2)C1,CHEMBL2113088,1.0,CHEMBL274,1.0
O=C(O)[C@@H](CC1CCC1)N1C[C@H](CN2CCC(c3cnc4ncccn34)CC2)[C@@H](c2cccc(F)c2)C1,CHEMBL472798,3.5,CHEMBL274,3.5
O=C(O)[C@@H](CC1CCC1)N1C[C@H](CN2CCC(c3cnc4cccnn34)CC2)[C@@H](c2cccc(F)c2)C1,CHEMBL475606,3.0,CHEMBL274,3.0
Cc1cc(C)n2ncc(C3CCN(C[C@H]4CN([C@H](CC5CCC5)C(=O)O)C[C@@H]4c4cccc(F)c4)CC3)c2n1,CHEMBL2113084,7.0,CHEMBL274,7.0
O=C(O)[C@@H](CC1CCC1)N1C[C@H](CN2CCC(c3cn4ccccc4n3)CC2)[C@@H](c2cccc(F)c2)C1,CHEMBL475777,65.0,CHEMBL274,65.0
O=C(O)[C@@H](CC1CCC1)N1C[C@H](CN2CCC(c3cn4ccncc4n3)CC2)[C@@H](c2cccc(F)c2)C1,CHEMBL472799,29.0,CHEMBL274,29.0
O=C(O)[C@@H](CC1CCC1)N1C[C@H](CN2CCC(c3cn4cccnc4n3)CC2)[C@@H](c2ccccc2)C1,CHEMBL363564,200.0,CHEMBL274,200.0
O=C(O)[C@@H](CC1CCC1)N1C[C@H](CN2CCC(c3cnc4ccc(-c5ccccc5)cn34)CC2)[C@@H](c2cccc(F)c2)C1,CHEMBL193822,0.8,CHEMBL274,0.8
CCc1ccn2c(C3CCN(C[C@H]4CN([C@H](CC5CCC5)C(=O)O)C[C@@H]4c4cccc(F)c4)CC3)cnc2c1,CHEMBL193984,0.35,CHEMBL274,0.35
Cn1nnnc1-c1cccc(NC(=O)N[C@@H]2CCCC[C@H]2CN2CCC[C@@H](Cc3ccc(F)cc3)C2)c1,CHEMBL363840,1000.0,CHEMBL274,1000.0
O=C(O)[C@@H](CC1CCC1)N1C[C@H](CN2CCC(c3cnc4ccc([N+](=O)[O-])cn34)CC2)[C@@H](c2cccc(F)c2)C1,CHEMBL195753,0.6,CHEMBL274,0.6
O=C(O)[C@@H](C1CCCCC1)N1C[C@H](CN2CCC(n3cnc4ncccc43)CC2)[C@@H](c2ccccc2)C1,CHEMBL195930,23.0,CHEMBL274,23.0
O=C(O)[C@@H](CC1CCC1)N1C[C@H](CN2CCC(CCCc3ccccc3)CC2)[C@@H](c2ccccc2)C1,CHEMBL20896,0.1,CHEMBL274,0.1
CC(=O)c1sc(NC(=O)N[C@@H]2CCCC[C@H]2CN2CCC[C@@H](Cc3ccc(F)cc3)C2)nc1C,CHEMBL195433,1000.0,CHEMBL274,1000.0
C=CCN(C(=O)Cc1ccc(S(C)(=O)=O)cc1)C1CCN(CCC(c2ccccc2)c2ccccc2)CC1,CHEMBL180155,13.0,CHEMBL274,13.0
CS(=O)(=O)c1ccc(CC(=O)N(C2CC2)C2CCN(CCC(c3ccccc3)c3ccccc3)CC2)cc1,CHEMBL182074,32.0,CHEMBL274,32.0
CCN(C(=O)Cc1ccc(S(C)(=O)=O)cc1)C1CCN(CCC(c2ccccc2)c2ccccc2)CC1,CHEMBL369311,18.0,CHEMBL274,18.0
CCN(C(=O)Cc1ccc(S(C)(=O)=O)cc1)C1CCN(CCC(c2ccc(F)cc2)c2ccc(F)cc2)CC1,CHEMBL199147,780.0,CHEMBL274,780.0
CCN(C(=O)Cc1ccc(S(C)(=O)=O)cc1)C1CCN(CCC(c2ccccc2)c2ccc(F)cc2)CC1,CHEMBL199258,310.0,CHEMBL274,310.0
CCN(C(=O)Cc1ccc(S(C)(=O)=O)cc1)C1CCN(CCC(c2ccccc2)c2ccc(Cl)cc2)CC1,CHEMBL198277,8.5,CHEMBL274,8.5
CCN(C(=O)Cc1ccc(S(C)(=O)=O)cc1)C1CCN(CCC(c2ccc(Cl)cc2)c2ccc(Cl)cc2)CC1,CHEMBL372852,760.0,CHEMBL274,760.0
CCN(C(=O)Cc1ccc(S(C)(=O)=O)cc1)C1CCN(CCC(c2ccccc2)c2cccc(Cl)c2)CC1,CHEMBL197907,58.0,CHEMBL274,58.0
CCN(C(=O)Cc1ccc(S(C)(=O)=O)cc1)C1CCN(CCC(c2ccccc2)c2ccc(Cl)c(Cl)c2)CC1,CHEMBL371865,78.0,CHEMBL274,78.0
CCN(C(=O)Cc1ccc(S(C)(=O)=O)cc1)C1CCN(CCC(c2ccccc2)c2ccc(C)cc2)CC1,CHEMBL197714,28.0,CHEMBL274,28.0
CCN(C(=O)Cc1ccc(S(C)(=O)=O)cc1)C1CCN(CCC(c2ccccc2)c2ccc(C(F)(F)F)cc2)CC1,CHEMBL197641,2.3,CHEMBL274,2.3
CCN(C(=O)Cc1ccc(S(C)(=O)=O)cc1)C1CCN(CCC(c2ccccc2)c2ccc(C(=O)OC)cc2)CC1,CHEMBL197680,7.1,CHEMBL274,7.1
CCN(C(=O)Cc1ccc(S(C)(=O)=O)cc1)C1CCN(CCC(c2ccccc2)c2ccc(C(N)=O)cc2)CC1,CHEMBL198777,260.0,CHEMBL274,260.0
CCN(C(=O)Cc1ccc(S(C)(=O)=O)cc1)C1CCN(CCC(c2ccccc2)c2ccc(C#N)cc2)CC1,CHEMBL198758,1.0,CHEMBL274,1.0
CCN(C(=O)Cc1ccc(S(C)(=O)=O)cc1)C1CCN(CCC(c2ccccc2)c2ccc(OC)cc2)CC1,CHEMBL371691,6.3,CHEMBL274,6.3
CCN(C(=O)Cc1ccc(S(C)(=O)=O)cc1)C1CCN(CCC(c2ccccc2)c2ccc(-c3ccccc3)cc2)CC1,CHEMBL372297,85.0,CHEMBL274,85.0
CCN(C(=O)Cc1ccc(S(C)(=O)=O)cc1)C1CCN(CCC(c2ccccc2)c2ccc(SC)cc2)CC1,CHEMBL372134,12.0,CHEMBL274,12.0
CCN(C(=O)Cc1ccc(S(C)(=O)=O)cc1)C1CCN(CCC(c2ccccc2)c2ccc(S(C)(=O)=O)cc2)CC1,CHEMBL198150,1.7,CHEMBL274,1.7
CCN(C(=O)Cc1ccc(S(C)(=O)=O)cc1)C1CCN(CCC(c2ccccc2)c2ccc(NOC(C)(C)C)cc2)CC1,CHEMBL382079,200.0,CHEMBL274,200.0
CCN(C(=O)Cc1ccc(S(C)(=O)=O)cc1)C1CCN(CCC(c2ccccc2)c2ccc(N)cc2)CC1,CHEMBL369947,200.0,CHEMBL274,200.0
CCN(C(=O)Cc1ccc(S(C)(=O)=O)cc1)C1CCN(CCC(c2ccccc2)c2ccc(NC(C)=O)cc2)CC1,CHEMBL198497,26.0,CHEMBL274,26.0
CCN(C(=O)Cc1ccc(S(C)(=O)=O)cc1)C1CCN(CCC(c2ccccc2)c2ccc(NC(=O)Cc3ccccc3)cc2)CC1,CHEMBL199118,5.9,CHEMBL274,5.9
CCN(C(=O)Cc1ccc(S(C)(=O)=O)cc1)C1CCN(CCC(c2ccccc2)c2ccc(NC(=O)c3ccccc3)cc2)CC1,CHEMBL199119,130.0,CHEMBL274,130.0
CCN(C(=O)Cc1ccc(S(C)(=O)=O)cc1)C1CCN(CCC(c2ccccc2)c2ccc(NC(=O)C(C)(C)C)cc2)CC1,CHEMBL370552,22.0,CHEMBL274,22.0
CCN(C(=O)Cc1ccc(S(C)(=O)=O)cc1)C1CCN(CCC(c2ccccc2)c2ccc(NS(C)(=O)=O)cc2)CC1,CHEMBL198114,18.0,CHEMBL274,18.0
CCN(C(=O)Cc1ccc(S(C)(=O)=O)cc1)C1CCN(CCC(c2ccccc2)c2ccc(NS(C)(=O)=O)cc2)CC1,CHEMBL198114,24.0,CHEMBL274,24.0
CCN(C(=O)Cc1ccc(S(C)(=O)=O)cc1)C1CCN(CCC(c2ccccc2)c2ccc(NS(=O)(=O)Cc3ccccc3)cc2)CC1,CHEMBL372733,11.0,CHEMBL274,11.0
CCN(C(=O)Cc1ccc(S(C)(=O)=O)cc1)C1CCN(CCC(c2ccccc2)c2ccc(NS(=O)(=O)c3ccccc3)cc2)CC1,CHEMBL198884,740.0,CHEMBL274,740.0
CCN(C(=O)Cc1ccc(S(C)(=O)=O)cc1)C1CCN(CCC(c2ccc(Cl)cc2)c2cccc(F)c2)CC1,CHEMBL370998,19.0,CHEMBL274,19.0
CCN(C(=O)Cc1ccc(S(C)(=O)=O)cc1)C1CCN(CCC(c2ccc(NC(=O)OC(C)(C)C)cc2)c2cccc(F)c2)CC1,CHEMBL2113131,89.0,CHEMBL274,89.0
CCN(C(=O)Cc1ccc(S(C)(=O)=O)cc1)C1CCN(CCC(c2ccc(N)cc2)c2cccc(F)c2)CC1,CHEMBL372640,105.0,CHEMBL274,105.0
CCN(C(=O)Cc1ccc(S(C)(=O)=O)cc1)C1CCN(CCC(c2ccc(NC(C)=O)cc2)c2cccc(F)c2)CC1,CHEMBL370826,7.9,CHEMBL274,7.9
CCN(C(=O)Cc1ccc(S(C)(=O)=O)cc1)C1CCN(CCC(c2ccc(NS(C)(=O)=O)cc2)c2cccc(F)c2)CC1,CHEMBL373214,9.1,CHEMBL274,9.1
CCCCOCCOc1ccc(-c2ccc3c(c2)/C=C(/C(=O)Nc2ccc([S@@+]([O-])Cc4cncn4CCC)cc2)CCCN3CCC)cc1,CHEMBL3085307,1.7,CHEMBL274,1.7
CCCCOCCOc1ccc(-c2ccc3c(c2)/C=C(/C(=O)Nc2ccc([S@@+]([O-])Cc4cncn4CCC)cc2)CCCN3CCC)cc1,CHEMBL3085307,0.24,CHEMBL274,0.24
CCCCOCCOc1ccc(-c2ccc3c(c2)C=C(C(=O)Nc2ccc([S+]([O-])Cc4cncn4CCC)cc2)CCN3CC(C)C)cc1,CHEMBL204821,1.9,CHEMBL274,1.9
Cc1ccc(-c2ccc3c(c2)C=C(C(=O)Nc2ccc(C[N+](C)(C)C4CCOCC4)cc2)CCC3)cc1.[Cl-],CHEMBL41275,1.4,CHEMBL274,1.4
CCCCOCCOc1ccc(-c2ccc3c(c2)/C=C(/C(=O)Nc2ccc([S@@+]([O-])Cc4cncn4CCC)cc2)CCCCCN3CC(C)C)cc1,CHEMBL3085305,67.0,CHEMBL274,67.0
CCCCOCCOc1ccc(-c2ccc3c(c2)/C=C(/C(=O)Nc2ccc([S@@+]([O-])Cc4cncn4CCC)cc2)CCCCCN3CCC)cc1,CHEMBL3085312,25.0,CHEMBL274,25.0
CCCCOCCOc1ccc(-c2ccc3c(c2)/C=C(/C(=O)Nc2ccc([S@@+]([O-])Cc4cncn4CCC)cc2)CCCCN3CC(C)C)cc1,CHEMBL3085311,6.8,CHEMBL274,6.8
CCCCOCCOc1ccc(-c2ccc3c(c2)/C=C(/C(=O)Nc2ccc([S@@+]([O-])Cc4cncn4CCC)cc2)CCCCN3CCC)cc1,CHEMBL3085313,4.7,CHEMBL274,4.7
CCCCOCCOc1ccc(-c2ccc3c(c2)/C=C(/C(=O)Nc2ccc([S@@+]([O-])Cc4cncn4CCC)cc2)CCCN3Cc2cnn(C)c2)cc1,CHEMBL3085309,1.7,CHEMBL274,1.7
CCCCOCCOc1ccc(-c2ccc3c(c2)/C=C(/C(=O)Nc2ccc([S@@+]([O-])Cc4nncn4CCC)cc2)CCCN3CC(C)C)cc1,CHEMBL3085308,2.4,CHEMBL274,2.4
CCCCOCCOc1ccc(-c2ccc3c(c2)/C=C(/C(=O)Nc2ccc([S@@+]([O-])Cc4nncn4CCC)cc2)CCCN3CCC)cc1,CHEMBL3085310,2.2,CHEMBL274,2.2
CCCCOCCOc1ccc(-c2ccc3c(c2)/C=C(/C(=O)Nc2ccc([S@@+]([O-])Cc4cncn4CCC)cc2)CCCN3CC(C)C)cc1.CS(=O)(=O)O,CHEMBL2105686,3.1,CHEMBL274,3.1
CCCCOCCOc1ccc(-c2ccc3c(c2)C=C(C(=O)Nc2ccc([S+]([O-])Cc4cncn4CCC)cc2)CCN3CC(C)C)cc1,CHEMBL204821,1.0,CHEMBL274,1.0
Cc1ccc(-c2ccc3c(c2)C=C(C(=O)Nc2ccc(C[N+](C)(C)C4CCOCC4)cc2)CCC3)cc1.[Cl-],CHEMBL41275,1.4,CHEMBL274,1.4
CCCCOCCOc1ccc(-c2ccc3c(c2)/C=C(/C(=O)Nc2ccc([S@@+]([O-])Cc4cncn4CCC)cc2)CCCN3CCC)cc1,CHEMBL3085307,1.4,CHEMBL274,1.4
CCCCOCCOc1ccc(-c2ccc3c(c2)/C=C(/C(=O)Nc2ccc([S@@+]([O-])Cc4cncn4CCC)cc2)CCCCN3CC(C)C)cc1,CHEMBL3085311,0.48,CHEMBL274,0.48
CCCCOCCOc1ccc(-c2ccc3c(c2)/C=C(/C(=O)Nc2ccc([S@@+]([O-])Cc4cncn4CCC)cc2)CCCN3Cc2cnn(C)c2)cc1,CHEMBL3085309,0.21,CHEMBL274,0.21
CCCCOCCOc1ccc(-c2ccc3c(c2)/C=C(/C(=O)Nc2ccc([S@@+]([O-])Cc4nncn4CCC)cc2)CCCN3CC(C)C)cc1,CHEMBL3085308,0.19,CHEMBL274,0.19
CCCCOCCOc1ccc(-c2ccc3c(c2)/C=C(/C(=O)Nc2ccc([S@@+]([O-])Cc4nncn4CCC)cc2)CCCN3CCC)cc1,CHEMBL3085310,0.95,CHEMBL274,0.95
CCCCOCCOc1ccc(-c2ccc3c(c2)/C=C(/C(=O)Nc2ccc([S@@+]([O-])Cc4cncn4CCC)cc2)CCCN3CC(C)C)cc1.CS(=O)(=O)O,CHEMBL2105686,0.1,CHEMBL274,0.1
CCCCOCCOc1ccc(-c2ccc3c(c2)/C=C(/C(=O)Nc2ccc([S@@+]([O-])Cc4cncn4CCC)cc2)CCCN3CC(C)C)cc1.CS(=O)(=O)O,CHEMBL2105686,0.2,CHEMBL274,0.2
CCCCOCCOc1ccc(-c2ccc3c(c2)C=C(C(=O)Nc2ccc([S+]([O-])Cc4cncn4CCC)cc2)CCN3CC(C)C)cc1,CHEMBL204821,5.3,CHEMBL274,5.3
CCCCOCCOc1ccc(-c2ccc3c(c2)/C=C(/C(=O)Nc2ccc([S@@+]([O-])Cc4cncn4CCC)cc2)CCCCN3CC(C)C)cc1,CHEMBL3085311,2.1,CHEMBL274,2.1
CCCCOCCOc1ccc(-c2ccc3c(c2)/C=C(/C(=O)Nc2ccc([S@@+]([O-])Cc4cncn4CCC)cc2)CCCN3Cc2cnn(C)c2)cc1,CHEMBL3085309,2.3,CHEMBL274,2.3
CCCCOCCOc1ccc(-c2ccc3c(c2)/C=C(/C(=O)Nc2ccc([S@@+]([O-])Cc4nncn4CCC)cc2)CCCN3CC(C)C)cc1,CHEMBL3085308,1.6,CHEMBL274,1.6
CS(=O)(=O)c1ccc(CC2CCN(CCCN(C(=O)C3CCN(S(C)(=O)=O)CC3)c3ccc(Cl)c(Cl)c3)CC2)cc1,CHEMBL207487,2.2,CHEMBL274,2.2
CC(=O)N1CCC(C(=O)N(CCCN2CCC(Cc3ccc(C(N)=O)cc3)CC2)c2ccc(C)c(Cl)c2)CC1,CHEMBL207004,3.5,CHEMBL274,3.5
CC(=O)N1CCC(C(=O)N(CCCN2CCC(Cc3ccc(C(N)=O)cc3)CC2)c2ccc(Cl)c(Cl)c2)CC1,CHEMBL377026,3.8,CHEMBL274,3.8
CN(C)C(=O)c1ccc(CC2CCN(CCCN(C(=O)C3CCN(S(C)(=O)=O)CC3)c3ccc(Cl)c(Cl)c3)CC2)cc1,CHEMBL205706,19.0,CHEMBL274,19.0
CC(C)(C)NC(=O)c1ccc(CC2CCN(CCCN(C(=O)C3CCN(S(C)(=O)=O)CC3)c3ccc(Cl)c(Cl)c3)CC2)cc1,CHEMBL205964,11.0,CHEMBL274,11.0
CNC(=O)c1ccc(CC2CCN(CCCN(C(=O)C3CCN(S(C)(=O)=O)CC3)c3ccc(Cl)c(Cl)c3)CC2)cc1,CHEMBL264832,5.1,CHEMBL274,5.1
CS(=O)(=O)N1CCC(C(=O)N(CCCN2CCC(Cc3ccccc3C(N)=O)CC2)c2ccc(Cl)c(Cl)c2)CC1,CHEMBL206088,12.0,CHEMBL274,12.0
CS(=O)(=O)N1CCC(C(=O)N(CCCN2CCC(Cc3cccc(C(N)=O)c3)CC2)c2ccc(Cl)c(Cl)c2)CC1,CHEMBL382252,2.8,CHEMBL274,2.8
CS(=O)(=O)N1CCC(C(=O)N(CCCN2CCC(Cc3ccc(C(N)=O)cc3)CC2)c2ccc(Cl)c(Cl)c2)CC1,CHEMBL207485,8.9,CHEMBL274,8.9
CS(=O)(=O)N1CCC(C(=O)N(CCCN2CCC(Cc3ccc(C(=O)O)cc3)CC2)c2ccc(Cl)c(Cl)c2)CC1,CHEMBL207633,66.0,CHEMBL274,66.0
COC(=O)c1ccc(CC2CCN(CCCN(C(=O)C3CCN(S(C)(=O)=O)CC3)c3ccc(Cl)c(Cl)c3)CC2)cc1,CHEMBL207301,4.6,CHEMBL274,4.6
CS(=O)(=O)N1CCC(C(=O)N(CCCN2CCC(Cc3ccc(C#N)cc3)CC2)c2ccc(Cl)c(Cl)c2)CC1,CHEMBL207630,1.7,CHEMBL274,1.7
CS(=O)(=O)N1CCC(C(=O)N(CCCN2CCC(NC(=O)c3ccc(F)cc3)CC2)c2ccc(Cl)c(Cl)c2)CC1,CHEMBL210327,730.0,CHEMBL274,730.0
CS(=O)(=O)N1CCC(C(=O)N(CCCN2CCC(NS(=O)(=O)c3ccc(F)cc3)CC2)c2ccc(Cl)c(Cl)c2)CC1,CHEMBL207447,4.6,CHEMBL274,4.6
CC(=O)N1CCC(C(=O)N(CCCN2CCC(Nc3ccc(F)cc3)CC2)c2ccc(Cl)c(Cl)c2)CC1,CHEMBL205851,20.0,CHEMBL274,20.0
CC(=O)N1CCC(C(=O)N(CCCN2CCC(S(=O)(=O)c3ccc(F)cc3)CC2)c2ccc(Cl)c(Cl)c2)CC1,CHEMBL205539,2.9,CHEMBL274,2.9
CC(=O)N1CCC(C(=O)N(CCCN2CCC([S+]([O-])c3ccc(F)cc3)CC2)c2ccc(Cl)c(Cl)c2)CC1,CHEMBL207654,3.2,CHEMBL274,3.2
CC(=O)N1CCC(C(=O)N(CCCN2CCC(Sc3ccc(F)cc3)CC2)c2ccc(Cl)c(Cl)c2)CC1,CHEMBL437494,1.7,CHEMBL274,1.7
CC(=O)N1CCC(C(=O)N(CCCN2CCC(Cc3ccccc3)CC2)c2ccccc2)CC1,CHEMBL207085,16.0,CHEMBL274,16.0
CC(=O)N1CCC(C(=O)N(CCCN2CCC(Cc3ccc(F)cc3)CC2)c2ccc(Cl)c(Cl)c2)CC1,CHEMBL207182,1.2,CHEMBL274,1.2
CS(=O)(=O)N1CCC(C(=O)N(CCCN2CCC(Cc3ccc(F)cc3)CC2)c2ccc(Cl)c(Cl)c2)CC1,CHEMBL207190,3.3,CHEMBL274,3.3
CS(=O)(=O)c1ccc(CC2CCN(CCCN(C(=O)C3CCN(S(C)(=O)=O)CC3)c3ccc(Cl)c(Cl)c3)CC2)cc1,CHEMBL207487,0.8,CHEMBL274,0.8
CC(=O)N1CCC(C(=O)N(CCCN2CCC(Cc3ccc(C(N)=O)cc3)CC2)c2ccc(C)c(Cl)c2)CC1,CHEMBL207004,0.42,CHEMBL274,0.42
CC(=O)N1CCC(C(=O)N(CCCN2CCC(Cc3ccc(C(N)=O)cc3)CC2)c2ccc(Cl)c(Cl)c2)CC1,CHEMBL377026,2.2,CHEMBL274,2.2
CN(C)C(=O)c1ccc(CC2CCN(CCCN(C(=O)C3CCN(S(C)(=O)=O)CC3)c3ccc(Cl)c(Cl)c3)CC2)cc1,CHEMBL205706,8.2,CHEMBL274,8.2
CC(C)(C)NC(=O)c1ccc(CC2CCN(CCCN(C(=O)C3CCN(S(C)(=O)=O)CC3)c3ccc(Cl)c(Cl)c3)CC2)cc1,CHEMBL205964,12.0,CHEMBL274,12.0
CNC(=O)c1ccc(CC2CCN(CCCN(C(=O)C3CCN(S(C)(=O)=O)CC3)c3ccc(Cl)c(Cl)c3)CC2)cc1,CHEMBL264832,9.8,CHEMBL274,9.8
CS(=O)(=O)N1CCC(C(=O)N(CCCN2CCC(Cc3ccccc3C(N)=O)CC2)c2ccc(Cl)c(Cl)c2)CC1,CHEMBL206088,6.4,CHEMBL274,6.4
CS(=O)(=O)N1CCC(C(=O)N(CCCN2CCC(Cc3cccc(C(N)=O)c3)CC2)c2ccc(Cl)c(Cl)c2)CC1,CHEMBL382252,2.0,CHEMBL274,2.0
CS(=O)(=O)N1CCC(C(=O)N(CCCN2CCC(Cc3ccc(C(N)=O)cc3)CC2)c2ccc(Cl)c(Cl)c2)CC1,CHEMBL207485,5.8,CHEMBL274,5.8
CS(=O)(=O)N1CCC(C(=O)N(CCCN2CCC(Cc3ccc(C(=O)O)cc3)CC2)c2ccc(Cl)c(Cl)c2)CC1,CHEMBL207633,44.0,CHEMBL274,44.0
COC(=O)c1ccc(CC2CCN(CCCN(C(=O)C3CCN(S(C)(=O)=O)CC3)c3ccc(Cl)c(Cl)c3)CC2)cc1,CHEMBL207301,7.0,CHEMBL274,7.0
CS(=O)(=O)N1CCC(C(=O)N(CCCN2CCC(Cc3ccc(C#N)cc3)CC2)c2ccc(Cl)c(Cl)c2)CC1,CHEMBL207630,1.4,CHEMBL274,1.4
CS(=O)(=O)N1CCC(C(=O)N(CCCN2CCC(NS(=O)(=O)c3ccc(F)cc3)CC2)c2ccc(Cl)c(Cl)c2)CC1,CHEMBL207447,4.1,CHEMBL274,4.1
CC(=O)N1CCC(C(=O)N(CCCN2CCC(Nc3ccc(F)cc3)CC2)c2ccc(Cl)c(Cl)c2)CC1,CHEMBL205851,26.0,CHEMBL274,26.0
CC(=O)N1CCC(C(=O)N(CCCN2CCC(S(=O)(=O)c3ccc(F)cc3)CC2)c2ccc(Cl)c(Cl)c2)CC1,CHEMBL205539,3.9,CHEMBL274,3.9
CC(=O)N1CCC(C(=O)N(CCCN2CCC([S+]([O-])c3ccc(F)cc3)CC2)c2ccc(Cl)c(Cl)c2)CC1,CHEMBL207654,2.7,CHEMBL274,2.7
CC(=O)N1CCC(C(=O)N(CCCN2CCC(Sc3ccc(F)cc3)CC2)c2ccc(Cl)c(Cl)c2)CC1,CHEMBL437494,1.8,CHEMBL274,1.8
CC(=O)N1CCC(C(=O)N(CCCN2CCC(Cc3ccccc3)CC2)c2ccccc2)CC1,CHEMBL207085,72.0,CHEMBL274,72.0
CC(=O)N1CCC(C(=O)N(CCCN2CCC(Cc3ccc(F)cc3)CC2)c2ccc(Cl)c(Cl)c2)CC1,CHEMBL207182,3.0,CHEMBL274,3.0
CS(=O)(=O)N1CCC(C(=O)N(CCCN2CCC(Cc3ccc(F)cc3)CC2)c2ccc(Cl)c(Cl)c2)CC1,CHEMBL207190,2.1,CHEMBL274,2.1
CCN(C(=O)Cc1ccc(S(C)(=O)=O)cc1)C1CCN(CC[C@@H](c2ccc(S(C)(=O)=O)cc2)c2cc(F)cc(F)c2)CC1,CHEMBL380083,40.0,CHEMBL274,40.0
CCN(C(=O)Cc1ccc(S(C)(=O)=O)cc1)C1CCN(CC[C@H](c2ccc(S(C)(=O)=O)cc2)c2cccc(OC)c2)CC1,CHEMBL212408,25.0,CHEMBL274,25.0
CCN(C(=O)Cc1ccc(S(C)(=O)=O)cc1)C1CCN(CC[C@H](c2ccc(S(C)(=O)=O)cc2)c2cccc(C#N)c2)CC1,CHEMBL209278,56.0,CHEMBL274,56.0
CCN(C(=O)Cc1ccc(S(C)(=O)=O)cc1)C1CCN(CC[C@H](c2ccc(S(C)(=O)=O)cc2)c2cccc(C(C)C)c2)CC1,CHEMBL382436,110.0,CHEMBL274,110.0
CCN(C(=O)Cc1ccc(S(C)(=O)=O)cc1)C1CCN(CC[C@H](c2ccc(S(C)(=O)=O)cc2)c2cccc(C(C)(C)C)c2)CC1,CHEMBL446187,500.0,CHEMBL274,500.0
CCN(C(=O)Cc1ccc(S(C)(=O)=O)cc1)C1CCN(CC[C@H](c2ccc(S(C)(=O)=O)cc2)c2cc(F)cc(Cl)c2)CC1,CHEMBL382435,1.1,CHEMBL274,1.1
CCN(C(=O)Cc1ccc(S(C)(=O)=O)cc1)C1CCN(CC[C@H](c2ccc(S(C)(=O)=O)cc2)c2cc(F)ccc2F)CC1,CHEMBL212243,32.0,CHEMBL274,32.0
CCN(C(=O)Cc1ccc(S(C)(=O)=O)cc1)C1CCN(CC[C@H](c2ccc(S(C)(=O)=O)cc2)c2c(F)cccc2F)CC1,CHEMBL211903,560.0,CHEMBL274,560.0
CCN(C(=O)Cc1ccc(S(C)(=O)=O)cc1)C1CCN(CC[C@H](c2ccc(S(C)(=O)=O)cc2)c2cccc(F)c2F)CC1,CHEMBL265131,20.0,CHEMBL274,20.0
CCN(C(=O)Cc1ccc(S(C)(=O)=O)cc1)C1CCN(CC[C@H](c2ccc(S(C)(=O)=O)cc2)c2cc(F)c(F)c(F)c2)CC1,CHEMBL211175,25.0,CHEMBL274,25.0
CCN(C(=O)Cc1ccc(S(C)(=O)=O)cc1)C1CCN(CC[C@H](c2ccc(S(C)(=O)=O)cc2)c2cccc(C(F)(F)F)c2)CC1,CHEMBL377551,20.0,CHEMBL274,20.0
CCN(C(=O)Cc1ccc(S(C)(=O)=O)cc1)C1CCN(CC[C@H](c2ccc(S(C)(=O)=O)cc2)c2cc(F)cc(F)c2)CC1,CHEMBL212689,0.32,CHEMBL274,0.32
CCN(C(=O)Cc1ccc(S(C)(=O)=O)cc1)C1CCN(CC[C@@H](c2ccc(OC)cc2)c2ccc(S(C)(=O)=O)cc2)CC1,CHEMBL378035,132.0,CHEMBL274,132.0
CCN(C(=O)Cc1ccc(S(C)(=O)=O)cc1)C1CCN(CC[C@H](c2ccc(S(C)(=O)=O)cc2)c2ccc(F)c(F)c2)CC1,CHEMBL209251,21.0,CHEMBL274,21.0
CCN(C(=O)Cc1ccc(S(C)(=O)=O)cc1)C1CCN(CC[C@H](c2ccc(S(C)(=O)=O)cc2)c2cccc(Cl)c2)CC1,CHEMBL379082,1.0,CHEMBL274,1.0
CCN(C(=O)Cc1ccc(S(C)(=O)=O)cc1)C1CCN(CC[C@@H](c2ccc(F)cc2)c2ccc(S(C)(=O)=O)cc2)CC1,CHEMBL380005,46.0,CHEMBL274,46.0
CCN(C(=O)Cc1ccc(S(C)(=O)=O)cc1)C1CCN(CC[C@H](c2ccc(S(C)(=O)=O)cc2)c2cccc(F)c2)CC1,CHEMBL212731,0.22,CHEMBL274,0.22
CCN(C(=O)Cc1ccc(S(C)(=O)=O)cc1)C1CCN(CC[C@@H](c2ccccc2)c2ccc(S(C)(=O)=O)cc2)CC1,CHEMBL211866,0.76,CHEMBL274,0.76
CCN(C(=O)Cc1ccc(S(C)(=O)=O)cc1)C1CCN(CCC(c2ccc(F)cc2)c2ccc(F)cc2)CC1,CHEMBL199147,780.0,CHEMBL274,780.0
CCN(C(=O)Cc1ccc(S(C)(=O)=O)cc1)C1CCN(CCC(c2ccccc2)c2ccc(S(C)(=O)=O)cc2)CC1,CHEMBL198150,1.7,CHEMBL274,1.7
O=C(NCc1cc(C(F)(F)F)cc(C(F)(F)F)c1)[C@@H](NCCN1CCCCC1)c1ccsc1,CHEMBL211775,1000.0,CHEMBL274,1000.0
C=CCOc1ccc(CN2CCC3(CC2)C(=O)NC(CC2CCCCC2)C(=O)N3CCCC)cc1.Cl,CHEMBL540108,11.0,CHEMBL274,0.011
C=CCOc1ccc(CN2CCC3(CC2)C(=O)NC(CC2CCCCC2)C(=O)N3CCCC)cc1.Cl,CHEMBL540108,50.0,CHEMBL274,0.05
CCCCN1C(=O)C(CC2CCCCC2)NC(=O)C12CCN(Cc1ccc3c(c1)OCCO3)CC2.Cl,CHEMBL556798,2.5,CHEMBL274,0.0025
CCCCN1C(=O)C(CC2CCCCC2)NC(=O)C12CCN(Cc1ccc3c(c1)OCCO3)CC2.Cl,CHEMBL556798,20.0,CHEMBL274,0.02
CCCCN1C(=O)C(CC(C)C)NC(=O)C12CCN(Cc1ccc3c(c1)OCCO3)CC2.Cl,CHEMBL540366,20.0,CHEMBL274,0.02
CCCCN1C(=O)C(CC(C)C)NC(=O)C12CCN(Cc1ccc3c(c1)OCCO3)CC2.Cl,CHEMBL540366,170.0,CHEMBL274,0.17
CCCCN1C(=O)C(CC2CCCCC2)NC(=O)C12CCN(Cc1ccc(Oc3ccccc3)cc1)CC2.Cl,CHEMBL536743,6.1,CHEMBL274,0.0061
CCCCN1C(=O)C(CC2CCCCC2)NC(=O)C12CCN(Cc1ccc(Oc3ccccc3)cc1)CC2.Cl,CHEMBL536743,170.0,CHEMBL274,0.17
CCCCN1C(=O)C(CC(C)C)NC(=O)C12CCN(Cc1ccc(Oc3ccccc3)cc1)CC2.Cl,CHEMBL537424,83.0,CHEMBL274,0.083
CCCCN1C(=O)C(CC(C)C)NC(=O)C12CCN(Cc1ccc(Oc3ccccc3)cc1)CC2.Cl,CHEMBL537424,120.0,CHEMBL274,0.12
CCCCN1C(=O)C(CC2CCCCC2)NC(=O)C12CCN(Cc1ccc(OC)cc1)CC2.Cl,CHEMBL557015,4.5,CHEMBL274,0.0045
CCCCN1C(=O)C(CC2CCCCC2)NC(=O)C12CCN(Cc1ccc(OC)cc1)CC2.Cl,CHEMBL557015,120.0,CHEMBL274,0.12
CCCN1C(=O)[C@H](CC2CCCCC2)NC(=O)C12CCN(CCCCCCc1ccccc1)CC2.Cl,CHEMBL538084,610.0,CHEMBL274,0.61
CCCN1C(=O)[C@H](CC2CCCCC2)NC(=O)C12CCN(CCCCCCc1ccccc1)CC2.Cl,CHEMBL538084,300.0,CHEMBL274,0.3
CCCN1C(=O)[C@@H](CC2CCCCC2)NC(=O)C12CCN(CCCCCCc1ccccc1)CC2.Cl,CHEMBL537425,860.0,CHEMBL274,0.86
CCCN1C(=O)[C@@H](CC2CCCCC2)NC(=O)C12CCN(CCCCCCc1ccccc1)CC2.Cl,CHEMBL537425,270.0,CHEMBL274,0.27
CCCCN1C(=O)C(CC(C)C)NC(=O)C12CCN(Cc1ccccc1)CC2.Cl,CHEMBL557199,560.0,CHEMBL274,0.56
CCCCN1C(=O)C(CC(C)C)NC(=O)C12CCN(Cc1ccccc1)CC2.Cl,CHEMBL557199,900.0,CHEMBL274,0.9
CCCCN1C(=O)C(CC(C)C)NC(=O)C12CCN(CCCCCCc1ccccc1)CC2.Cl,CHEMBL536288,38.0,CHEMBL274,0.038
CCCCN1C(=O)C(CC(C)C)NC(=O)C12CCN(CCCCCCc1ccccc1)CC2.Cl,CHEMBL536288,270.0,CHEMBL274,0.27
CCCN1C(=O)C(CC(C)C)NC(=O)C12CCN(Cc1ccc(Oc3ccccc3)cc1)CC2.Cl,CHEMBL557150,17.0,CHEMBL274,0.017
CCCN1C(=O)C(CC(C)C)NC(=O)C12CCN(Cc1ccc(Oc3ccccc3)cc1)CC2.Cl,CHEMBL557150,500.0,CHEMBL274,0.5
CCCN1C(=O)[C@@H](CC(C)C)NC(=O)C12CCN(CCCCCCc1ccccc1)CC2.Cl,CHEMBL535616,3000.0,CHEMBL274,3.0
CCCN1C(=O)[C@H](CC(C)C)NC(=O)C12CCN(CCCCCCc1ccccc1)CC2.Cl,CHEMBL536063,2000.0,CHEMBL274,2.0
CC(C)C[C@H]1NC(=O)C2(CCN(Cc3ccccc3)CC2)N(Cc2ccccc2)C1=O.Cl,CHEMBL556188,7600.0,CHEMBL274,7.6
CC(C)C[C@@H]1NC(=O)C2(CCN(Cc3ccccc3)CC2)N(Cc2ccccc2)C1=O.Cl,CHEMBL539854,3200.0,CHEMBL274,3.2
O=C(NCc1cc(C(F)(F)F)cc(C(F)(F)F)c1)[C@@H](CCN1CCC2(C=Cc3ccccc32)CC1)c1ccc(F)cc1,CHEMBL277279,30.0,CHEMBL274,0.03
O=C(NCc1cc(C(F)(F)F)cc(C(F)(F)F)c1)[C@@H](CCN1CCC(c2ccccc2)CC1)c1ccc(F)cc1,CHEMBL209899,72.0,CHEMBL274,0.072
Cc1nc2ccccc2n1C1CC2CCC(C1)N2CC[C@H](NC(=O)C1CCC1)c1ccccc1,CHEMBL214818,2.0,CHEMBL274,2.0
Cc1nc2ccccc2n1C1CC12CC1CCC2N1CC[C@H](NC(=O)C1CCC1)c1ccccc1,CHEMBL213914,6.0,CHEMBL274,6.0
Cc1nc2ccccc2n1C1CC2COCC(C1)N2CC[C@H](NC(=O)C1CCC1)c1ccccc1,CHEMBL413501,39.0,CHEMBL274,39.0
O=C(N[C@@H](CCN1CCC(n2cnc(Cc3ccccc3)n2)CC1)c1ccccc1)C1CCC1,CHEMBL212437,5.0,CHEMBL274,5.0
Cc1nnc(C)n1C1CCN(CC[C@H](NC(=O)C2CCC2)c2ccccc2)CC1,CHEMBL212087,50.0,CHEMBL274,50.0
Cc1nc(C2CCN(CC[C@H](NC(=O)C3CCC3)c3ccccc3)CC2)no1,CHEMBL213009,70.0,CHEMBL274,70.0
Cc1nnc(Cc2ccccc2)n1C1CCN(CC[C@H](NC(=O)C2CCC2)c2ccccc2)CC1,CHEMBL212017,250.0,CHEMBL274,250.0
O=C(Cc1ccc(F)cc1)NC1CCN(CC[C@H](NC(=O)C2CCC2)c2ccccc2)CC1,CHEMBL377914,0.7,CHEMBL274,0.7
O=C(N[C@@H](CCN1CCC(c2noc(Cc3ccccc3)n2)CC1)c1ccccc1)C1CCC1,CHEMBL213541,20.0,CHEMBL274,20.0
Cc1ccc(CN2CCC(CNC(=O)C3CCN(c4ccc(-c5cccs5)nn4)CC3)C2)cc1,CHEMBL220199,5800.0,CHEMBL274,5.8
C[C@H]1CN([C@@H]2CC[C@](C)(C(=O)NCc3cc(C(F)(F)F)cc(C(F)(F)F)c3)C2)CC[C@@]12C=Cc1ccccc12,CHEMBL226066,630.0,CHEMBL274,630.0
CCCCN1C(=O)C(CC(C)C)NC(=O)C12CCN(Cc1ccc(Oc3ccccc3)cc1)CC2.Cl,CHEMBL537424,94.0,CHEMBL274,94.0
CCCCN1C(=O)C(CC(C)C)NC(=O)C12CCN(Cc1ccc(Oc3ccccc3)cc1)CC2.Cl,CHEMBL537424,8.3,CHEMBL274,8.3
CCCCN1C(=O)C(CC(C)(C)O)NC(=O)C12CCN(Cc1ccc(Oc3ccccc3)cc1)CC2.Cl,CHEMBL535172,79.0,CHEMBL274,79.0
CCCCN1C(=O)C(CC(C)(C)O)NC(=O)C12CCN(Cc1ccc(Oc3ccccc3)cc1)CC2.Cl,CHEMBL535172,28.0,CHEMBL274,28.0
CCCCN1C(=O)[C@H]([C@@H](O)C(C)C)NC(=O)C12CCN(Cc1ccc(Oc3ccccc3)cc1)CC2.Cl,CHEMBL558043,150.0,CHEMBL274,150.0
CCCCN1C(=O)[C@H]([C@H](O)C(C)C)NC(=O)C12CCN(Cc1ccc(Oc3ccccc3)cc1)CC2.Cl,CHEMBL536751,400.0,CHEMBL274,400.0
CCCCN1C(=O)[C@@H]([C@@H](O)C(C)C)NC(=O)C12CCN(Cc1ccc(Oc3ccccc3)cc1)CC2.Cl,CHEMBL557789,210.0,CHEMBL274,210.0
CCCCN1C(=O)[C@@H]([C@H](O)C(C)C)NC(=O)C12CCN(Cc1ccc(Oc3ccccc3)cc1)CC2.Cl,CHEMBL559168,33.0,CHEMBL274,33.0
CCCCN1C(=O)[C@H](CC(C)C)NC(=O)C12CCN(Cc1ccc(Oc3ccccc3)cc1)CC2.Cl,CHEMBL556995,84.0,CHEMBL274,84.0
CCCCN1C(=O)[C@@H](CC(C)C)NC(=O)C12CCN(Cc1ccc(Oc3ccccc3)cc1)CC2.Cl,CHEMBL536298,130.0,CHEMBL274,130.0
CCCCN1C(=O)[C@H]([C@@H](O)C(C)C)NC(=O)C12CCN(Cc1ccc(Oc3ccccc3)cc1)CC2.Cl,CHEMBL558043,53.0,CHEMBL274,53.0
CCCCN1C(=O)[C@H]([C@H](O)C(C)C)NC(=O)C12CCN(Cc1ccc(Oc3ccccc3)cc1)CC2.Cl,CHEMBL536751,68.0,CHEMBL274,68.0
CCCCN1C(=O)[C@@H]([C@@H](O)C(C)C)NC(=O)C12CCN(Cc1ccc(Oc3ccccc3)cc1)CC2.Cl,CHEMBL557789,24.0,CHEMBL274,24.0
CCCCN1C(=O)[C@@H]([C@H](O)C(C)C)NC(=O)C12CCN(Cc1ccc(Oc3ccccc3)cc1)CC2.Cl,CHEMBL559168,3.5,CHEMBL274,3.5
CCCCN1C(=O)[C@H](CC(C)C)NC(=O)C12CCN(Cc1ccc(Oc3ccccc3)cc1)CC2.Cl,CHEMBL556995,11.0,CHEMBL274,11.0
CCCCN1C(=O)[C@@H](CC(C)C)NC(=O)C12CCN(Cc1ccc(Oc3ccccc3)cc1)CC2.Cl,CHEMBL536298,29.0,CHEMBL274,29.0
CCCCN1C(=O)[C@@H]([C@H](O)C2CCCCC2)NC(=O)C12CCN(Cc1ccc(Oc3ccccc3)cc1)CC2.Cl,CHEMBL536754,53.0,CHEMBL274,53.0
CCCCN1C(=O)C(CC2CCCCC2)NC(=O)C12CCN(Cc1ccc(Oc3ccccc3)cc1)CC2.Cl,CHEMBL536743,28.0,CHEMBL274,28.0
CCCCN1C(=O)[C@@H]([C@H](O)C2CCCCC2)NC(=O)C12CCN(Cc1ccc(Oc3ccccc3)cc1)CC2.Cl,CHEMBL536754,1.1,CHEMBL274,1.1
CCCCN1C(=O)C(CC2CCCCC2)NC(=O)C12CCN(Cc1ccc(Oc3ccccc3)cc1)CC2.Cl,CHEMBL536743,6.1,CHEMBL274,6.1
O=C(NCC1(O)CCN(Cc2cc(Br)ccc2OCc2ccc(Cl)cc2)CC1)Nc1ccc(F)cc1,CHEMBL238118,1500.0,CHEMBL274,1.5
O=C(NCC1(O)CCN(Cc2cc(Br)ccc2OCc2ccc(Cl)cc2)CC1)Nc1c(Cl)cccc1Cl,CHEMBL236622,57.0,CHEMBL274,0.057
O=C(NCC1(O)CCN(Cc2cc(Br)ccc2OCc2ccc(Cl)cc2)CC1)Nc1c(Cl)cc(Cl)cc1Cl,CHEMBL234017,450.0,CHEMBL274,0.45
O=C(NCC1(O)CCN(Cc2cc(Br)ccc2OCc2ccc(Cl)cc2)CC1)Nc1c(F)cccc1F,CHEMBL236421,320.0,CHEMBL274,0.32
COc1cccc(OC)c1NC(=O)NCC1(O)CCN(Cc2cc(Br)ccc2OCc2ccc(Cl)cc2)CC1,CHEMBL429442,27.0,CHEMBL274,0.027
CC(C)c1cccc(C(C)C)c1NC(=O)NCC1(O)CCN(Cc2cc(Br)ccc2OCc2ccc(Cl)cc2)CC1,CHEMBL392536,35.0,CHEMBL274,0.035
CCc1cccc(CC)c1NC(=O)NCC1(O)CCN(Cc2cc(Br)ccc2OCc2ccc(Cl)cc2)CC1,CHEMBL233847,11.0,CHEMBL274,0.011
Cc1cc(C)c(NC(=O)NCC2(O)CCN(Cc3cc(Br)ccc3OCc3ccc(Cl)cc3)CC2)c(C)c1,CHEMBL234208,100.0,CHEMBL274,0.1
NCc1cc(Br)ccc1OCc1ccc(Cl)cc1,CHEMBL233845,1700.0,CHEMBL274,1.7
Cc1cccc(C)c1NC(=O)NCC1(O)CCN(Cc2cc(Br)ccc2OCc2ccc(Cl)cc2)CC1,CHEMBL233846,47.0,CHEMBL274,0.047
Cc1cc(Br)cc(C)c1NC(=O)NCC1(O)CCN(Cc2cc(Br)ccc2OCc2ccc(Cl)cc2)CC1,CHEMBL393002,170.0,CHEMBL274,0.17
CN1CCN(CC2(O)CCN(Cc3cc(Br)ccc3OCc3ccc(Cl)cc3)CC2)CC1,CHEMBL391886,210.0,CHEMBL274,0.21
OC1CCN(CC2(O)CCN(Cc3cc(Br)ccc3OCc3ccc(Cl)cc3)CC2)CC1,CHEMBL237896,1100.0,CHEMBL274,1.1
NCC1(O)CCN(Cc2cc(Br)ccc2OCc2ccc(Cl)cc2)CC1,CHEMBL234896,580.0,CHEMBL274,0.58
OC1(c2ccc(Br)cc2)CCN(Cc2cc(Br)ccc2OCc2ccc(Cl)cc2)CC1,CHEMBL234894,4800.0,CHEMBL274,4.8
OC1(C(F)(F)F)CCN(Cc2cc(Br)ccc2OCc2ccc(Cl)cc2)CC1,CHEMBL393004,580.0,CHEMBL274,0.58
O=C(O)C1CCN(Cc2cc(Br)ccc2OCc2ccc(Cl)cc2)CC1,CHEMBL234676,8500.0,CHEMBL274,8.5
CCOC(=O)C1CCN(Cc2cc(Br)ccc2OCc2ccc(Cl)cc2)CC1,CHEMBL232412,1300.0,CHEMBL274,1.3
Clc1ccc(COc2ccc(Br)cc2CN2CCC(N3CCNCC3)CC2)cc1,CHEMBL232409,350.0,CHEMBL274,0.35
NCC1CCN(Cc2cc(Br)ccc2OCc2ccc(Cl)cc2)CC1,CHEMBL234844,1300.0,CHEMBL274,1.3
COC(=O)NC1CCN(Cc2cc(Br)ccc2OCc2ccc(Cl)cc2)CC1,CHEMBL234843,400.0,CHEMBL274,0.4
CC(=O)NC1CCN(Cc2cc(Br)ccc2OCc2ccc(Cl)cc2)CC1,CHEMBL394256,390.0,CHEMBL274,0.39
CCNC1CCN(Cc2cc(Br)ccc2OCc2ccc(Cl)cc2)CC1,CHEMBL234674,3100.0,CHEMBL274,3.1
NC1CCN(Cc2cc(Br)ccc2OCc2ccc(Cl)cc2)CC1,CHEMBL234673,4700.0,CHEMBL274,4.7
FC1CCN(Cc2cc(Br)ccc2OCc2ccc(Cl)cc2)CC1,CHEMBL234672,280.0,CHEMBL274,0.28
CCOC1CCN(Cc2cc(Br)ccc2OCc2ccc(Cl)cc2)CC1,CHEMBL394115,450.0,CHEMBL274,0.45
OC1CCCN(Cc2cc(Br)ccc2OCc2ccc(Cl)cc2)C1,CHEMBL392868,150.0,CHEMBL274,0.15
OC1CCN(Cc2cc(Br)ccc2OCc2ccc(Cl)cc2)CC1,CHEMBL392659,49.0,CHEMBL274,0.049
OC1CCN(Cc2cc(Br)ccc2OCc2ccc(Cl)cc2)C1,CHEMBL233638,350.0,CHEMBL274,0.35
O=C1CCN(Cc2cc(Br)ccc2OCc2ccc(Cl)cc2)CC1,CHEMBL234206,150.0,CHEMBL274,0.15
Clc1ccc(COc2ccc(Br)cc2CN2CCOCC2)cc1,CHEMBL391379,1000.0,CHEMBL274,1.0
Clc1ccc(COc2ccc(Br)cc2CN2CCCC2)cc1,CHEMBL391378,1300.0,CHEMBL274,1.3
CCN(CC)Cc1cc(Br)ccc1OCc1ccc(Cl)cc1,CHEMBL234634,1400.0,CHEMBL274,1.4
CN(C)Cc1cc(Br)ccc1OCc1ccc(Cl)cc1,CHEMBL234461,600.0,CHEMBL274,0.6
CCNCc1cc(Br)ccc1OCc1ccc(Cl)cc1,CHEMBL233385,1100.0,CHEMBL274,1.1
N=C(N)N/N=C/c1cc(Br)ccc1OCc1ccc(Cl)cc1,CHEMBL429641,840.0,CHEMBL274,0.84
Clc1ccc(COc2ccc(Br)cc2CN2CCOCC2)cc1,CHEMBL391379,1000.0,CHEMBL274,1.0
CCN(CC)Cc1cc(Br)ccc1OCc1ccc(Cl)cc1,CHEMBL234634,1400.0,CHEMBL274,1.4
CN(C)Cc1cc(Br)ccc1OCc1ccc(Cl)cc1,CHEMBL234461,600.0,CHEMBL274,0.6
Clc1ccc(COc2ccc(Br)cc2/C=N/NC2=NCCCN2)cc1,CHEMBL439223,2000.0,CHEMBL274,2.0
Clc1ccc(COc2ccc(Br)cc2/C=N/NC2=NCCN2)cc1,CHEMBL394685,750.0,CHEMBL274,0.75
CCCC/C(=N\NC(=N)N)c1cc(Cl)ccc1OCc1ccc(F)cc1,CHEMBL394684,4200.0,CHEMBL274,4.2
CC/C(=N\NC(=N)N)c1cc(Br)cc(OC)c1OCc1ccc(Cl)cc1,CHEMBL241476,400.0,CHEMBL274,0.4
COc1cc(Br)cc(/C(C)=N/NC(=N)N)c1OCc1ccc(C#N)cc1,CHEMBL241475,93.0,CHEMBL274,0.093
C/C(=N\NC(=N)N)c1cc(Cl)ccc1OCc1ccc(Cl)cc1,CHEMBL393274,140.0,CHEMBL274,0.14
C/C(=N/NC(=N)N)c1cc(Cl)ccc1OCc1ccc(Cl)cc1,CHEMBL240018,8500.0,CHEMBL274,8.5
C/C(=N\NC(=N)N)c1cc(Br)ccc1OCc1ccc(Cl)cc1,CHEMBL241097,200.0,CHEMBL274,0.2
N#Cc1ccc(OCc2ccc(Cl)cc2)c(/C=N/NC(=N)N)c1,CHEMBL241057,600.0,CHEMBL274,0.6
N=C(N)N/N=C/c1cc(Cl)cc(Cl)c1OCc1ccc(Cl)cc1,CHEMBL240641,3100.0,CHEMBL274,3.1
N=C(N)N/N=C/c1cc(F)ccc1OCc1ccc(Cl)cc1,CHEMBL240640,3400.0,CHEMBL274,3.4
N=C(N)N/N=C/c1cc([N+](=O)[O-])ccc1OCc1ccc(Cl)cc1,CHEMBL395843,1200.0,CHEMBL274,1.2
N=C(N)N/N=C/c1cc(Cl)ccc1OCc1ccc(Cl)cc1,CHEMBL240639,600.0,CHEMBL274,0.6
COc1ccc([N+](=O)[O-])cc1COc1ccc(Br)cc1/C=N/NC(=N)N,CHEMBL238549,8700.0,CHEMBL274,8.7
N=C(N)N/N=C/c1cc(Br)ccc1OCc1ccc(F)cc1F,CHEMBL393069,3700.0,CHEMBL274,3.7
N=C(N)N/N=C/c1cc(Br)ccc1OCc1cccc2ccccc12,CHEMBL239998,1100.0,CHEMBL274,1.1
N=C(N)N/N=C/c1cc(Br)ccc1OCc1ccc(-c2ccccc2)cc1,CHEMBL393068,1700.0,CHEMBL274,1.7
N=C(N)N/N=C/c1cc(Br)ccc1OCc1ccc(OCc2ccccc2)cc1,CHEMBL238546,2900.0,CHEMBL274,2.9
COc1ccc(COc2ccc(Br)cc2/C=N/NC(=N)N)cc1,CHEMBL238545,700.0,CHEMBL274,0.7
Cc1cccc(COc2ccc(Br)cc2/C=N/NC(=N)N)c1,CHEMBL239783,1700.0,CHEMBL274,1.7
Cc1ccc(COc2ccc(Br)cc2/C=N/NC(=N)N)cc1,CHEMBL239154,500.0,CHEMBL274,0.5
COC(=O)c1cccc(COc2ccc(Br)cc2/C=N/NC(=N)N)c1,CHEMBL238949,1600.0,CHEMBL274,1.6
COC(=O)c1ccc(COc2ccc(Br)cc2/C=N/NC(=N)N)cc1,CHEMBL241251,1300.0,CHEMBL274,1.3
N=C(N)N/N=C/c1cc(Br)ccc1OCc1ccccc1[N+](=O)[O-],CHEMBL240655,5700.0,CHEMBL274,5.7
N=C(N)N/N=C/c1cc(Br)ccc1OCc1cccc([N+](=O)[O-])c1,CHEMBL240638,1700.0,CHEMBL274,1.7
N=C(N)N/N=C/c1cc(Br)ccc1OCc1ccc([N+](=O)[O-])cc1,CHEMBL395607,900.0,CHEMBL274,0.9
N#Cc1cccc(COc2ccc(Br)cc2/C=N/NC(=N)N)c1,CHEMBL240637,2000.0,CHEMBL274,2.0
N#Cc1ccc(COc2ccc(Br)cc2/C=N/NC(=N)N)cc1,CHEMBL240636,480.0,CHEMBL274,0.48
N=C(N)N/N=C/c1cc(Br)ccc1OCc1ccc(Br)cc1,CHEMBL240260,600.0,CHEMBL274,0.6
N=C(N)N/N=C/c1cc(Br)ccc1OCc1ccc(F)cc1,CHEMBL397296,800.0,CHEMBL274,0.8
N=C(N)N/N=C/c1cc(Br)ccc1OCc1ccccc1,CHEMBL397295,1900.0,CHEMBL274,1.9
COC(=O)[C@H](CCCNC(=N)N)NC(=O)CCCc1cc(-c2cc(Cl)cc(Cl)c2)nn1-c1ccc2ccccc2c1,CHEMBL241497,63.0,CHEMBL274,63.0
CCN(CC)CCCC(NC(=O)CCOc1cc(-c2cc(Cl)cc(Cl)c2)nn1-c1ccc2ccccc2c1)C(C)C,CHEMBL239144,1610.0,CHEMBL274,1610.0
CCN(CC)CCCC(C)NC(=O)CCCc1cc(-c2cc(Cl)cc(Cl)c2)nn1-c1ccc2ccccc2c1,CHEMBL241502,220.0,CHEMBL274,220.0
C[N+](C)(Cc1ccc(NC(=O)c2ccc(Cl)c(Cl)c2)cc1)C1CCOCC1,CHEMBL397647,1000.0,CHEMBL274,1.0
Cc1nc[n+]([O-])c(C)c1C(=O)N1CCC(C)(N2CCC(N(c3ccccc3)c3ccccc3)CC2)CC1,CHEMBL58004,2.9,CHEMBL274,2.9
Cc1cc[n+]([O-])c(C)c1C(=O)N1CCC(C)(N2CCC(N(c3ccccc3)c3cccnc3)CC2)CC1,CHEMBL255858,5.1,CHEMBL274,5.1
Cc1nc(CN(c2ccccc2)C2CCN(C3(C)CCN(C(=O)c4c(C)cc[n+]([O-])c4C)CC3)CC2)cs1,CHEMBL255857,1.7,CHEMBL274,1.7
Cc1ccnc(C)c1C(=O)N1CCC(C)(N2CCC(N(c3ccccc3)c3cccnc3)CC2)CC1,CHEMBL255856,0.9,CHEMBL274,0.9
Cc1cc[n+]([O-])c(C)c1C(=O)N1CCC(C)(N2CCC(N(c3ccccc3)c3ccccn3)CC2)CC1,CHEMBL255646,1.8,CHEMBL274,1.8
CC1(N2CCC(N(c3ccccc3)c3cccnc3)CC2)CCN(C(=O)c2c(Cl)c[n+]([O-])cc2Cl)CC1,CHEMBL255645,1.0,CHEMBL274,1.0
CC1(N2CCC(N(c3ccccc3)c3cccnc3)CC2)CCN(C(=O)c2c(Cl)cncc2Cl)CC1,CHEMBL255644,0.8,CHEMBL274,0.8
Cc1cccnc1C(=O)N1CCC(C)(N2CCC(N(c3ccccc3)c3cccnc3)CC2)CC1,CHEMBL255431,6.5,CHEMBL274,6.5
CC1(N2CCC(N(c3ccccc3)c3cccnc3)CC2)CCN(C(=O)c2cccc3ccccc23)CC1,CHEMBL401929,1.3,CHEMBL274,1.3
Cc1cccc(C)c1C(=O)N1CCC(C)(N2CCC(N(c3ccccc3)c3ccncc3)CC2)CC1,CHEMBL255430,2.0,CHEMBL274,2.0
Cc1cccc(C)c1C(=O)N1CCC(C)(N2CCC(N(c3ccccc3)c3cccnc3)CC2)CC1,CHEMBL255429,0.5,CHEMBL274,0.5
Cc1cc[n+]([O-])c(C)c1C(=O)N1CCC(C)(N2CCC(N(Cc3cccc(C#N)c3)c3ccccc3)CC2)CC1,CHEMBL59511,0.6,CHEMBL274,0.6
Cc1cccc(C)c1C(=O)N1CCC(C)(N2CCC(N(Cc3ccccc3)c3ccccc3)CC2)CC1,CHEMBL301454,1.4,CHEMBL274,1.4
Cc1cccc(C)c1C(=O)N1CCC(C)(N2CCC(N(c3ccccc3)c3ccccc3)CC2)CC1,CHEMBL62152,2.6,CHEMBL274,2.6
Cc1cc[n+]([O-])c(C)c1C(=O)N1CCC(C)(N2CCC(N(Cc3ccccc3)c3ccccc3)CC2)CC1,CHEMBL61536,2.0,CHEMBL274,2.0
Cc1cc[n+]([O-])c(C)c1C(=O)N1CCC(C)(N2CCC(N(c3ccccc3)c3ccccc3)CC2)CC1,CHEMBL556314,3.3,CHEMBL274,3.3
Cc1ccnc(C)c1C(=O)N1CCC(C)(N2CCC(N(c3ccccc3)c3ccccc3)CC2)CC1,CHEMBL58387,2.3,CHEMBL274,2.3
Cc1ncnc(C)c1C(=O)N1CCC(C)(N2CCC(N(c3ccccc3)c3ccccc3)CC2)CC1,CHEMBL61424,1.0,CHEMBL274,1.0
Cc1cc[n+]([O-])c(C)c1C(=O)N1CCC(C)(N2CCC(N(c3ccccc3)c3cccnc3)CC2)CC1,CHEMBL255858,43.6,CHEMBL274,43.6
Cc1cc[n+]([O-])c(C)c1C(=O)N1CCC(C)(N2CCC(N(c3ccccc3)c3cccnc3)CC2)CC1,CHEMBL255858,16.2,CHEMBL274,16.2
Cc1nnc(C(C)C)n1[C@H]1C[C@H]2CC[C@@H](C1)N2CCN(C(=O)C1CCCCC1)c1ccccc1,CHEMBL255535,970.0,CHEMBL274,0.97
Cc1nnc(C(C)C)n1[C@H]1C[C@H]2CC[C@@H](C1)N2CCCN(C(=O)Nc1cccc(Cl)c1Cl)c1ccccc1,CHEMBL272064,48.0,CHEMBL274,0.048
Cc1nnc(C(C)C)n1[C@H]1C[C@H]2CC[C@@H](C1)N2CCCN(C(=O)Nc1c(Cl)cccc1Cl)c1ccccc1,CHEMBL404056,539.0,CHEMBL274,0.539
Cc1nnc(C(C)C)n1[C@H]1C[C@H]2CC[C@@H](C1)N2CCCN(C(=O)Nc1ccc(Cl)cc1)c1ccccc1,CHEMBL272716,4.0,CHEMBL274,0.004
Cc1nnc(C(C)C)n1[C@H]1C[C@H]2CC[C@@H](C1)N2CCCN(C(=O)Nc1cccc(Cl)c1)c1ccccc1,CHEMBL271075,15.0,CHEMBL274,0.015
Cc1nnc(C(C)C)n1[C@H]1C[C@H]2CC[C@@H](C1)N2CCCN(C(=O)Nc1ccccc1Cl)c1ccccc1,CHEMBL271076,100.0,CHEMBL274,0.1
COc1ccc(NC(=O)N(CCCN2[C@@H]3CC[C@H]2C[C@@H](n2c(C)nnc2C(C)C)C3)c2ccccc2)cc1,CHEMBL402242,27.0,CHEMBL274,0.027
COc1cccc(NC(=O)N(CCCN2[C@@H]3CC[C@H]2C[C@@H](n2c(C)nnc2C(C)C)C3)c2ccccc2)c1,CHEMBL255854,53.0,CHEMBL274,0.053
COc1ccccc1NC(=O)N(CCCN1[C@@H]2CC[C@H]1C[C@@H](n1c(C)nnc1C(C)C)C2)c1ccccc1,CHEMBL255855,381.0,CHEMBL274,0.381
Cc1ccc(NC(=O)N(CCCN2[C@@H]3CC[C@H]2C[C@@H](n2c(C)nnc2C(C)C)C3)c2ccccc2)cc1,CHEMBL257081,4.0,CHEMBL274,0.004
Cc1cccc(NC(=O)N(CCCN2[C@@H]3CC[C@H]2C[C@@H](n2c(C)nnc2C(C)C)C3)c2ccccc2)c1,CHEMBL257728,29.0,CHEMBL274,0.029
Cc1ccccc1NC(=O)N(CCCN1[C@@H]2CC[C@H]1C[C@@H](n1c(C)nnc1C(C)C)C2)c1ccccc1,CHEMBL405634,271.0,CHEMBL274,0.271
Cc1nnc(C(C)C)n1[C@H]1C[C@H]2CC[C@@H](C1)N2CCCN(C(=O)NCc1ccccc1)c1ccccc1,CHEMBL272581,323.0,CHEMBL274,0.323
Cc1nnc(C(C)C)n1[C@H]1C[C@H]2CC[C@@H](C1)N2CCCN(C(=O)Nc1ccccc1)c1ccccc1,CHEMBL272490,20.0,CHEMBL274,0.02
Cc1nnc(C(C)C)n1[C@H]1C[C@H]2CC[C@@H](C1)N2CCCN(C(=O)NC(C)C)c1ccccc1,CHEMBL402776,96.0,CHEMBL274,0.096
CCCNC(=O)N(CCCN1[C@@H]2CC[C@H]1C[C@@H](n1c(C)nnc1C(C)C)C2)c1ccccc1,CHEMBL411640,271.0,CHEMBL274,0.271
Cc1nnc(C(C)C)n1[C@H]1C[C@H]2CC[C@@H](C1)N2CCCN(C(=O)NC1CCCC1)c1ccccc1,CHEMBL272556,78.0,CHEMBL274,0.078
Cc1nnc(C(C)C)n1[C@H]1C[C@H]2CC[C@@H](C1)N2CCCN(C(=O)NC1CCCCC1)c1ccccc1,CHEMBL256584,31.0,CHEMBL274,0.031
Cc1nnc(C(C)C)n1[C@H]1C[C@H]2CC[C@@H](C1)N2CCCN(C(=O)C1CCCCC1)c1ccccc1,CHEMBL256792,310.0,CHEMBL274,0.31
CC(=O)N1CCc2c(nc(C)n2[C@@H]2C[C@H]3CC[C@@H](C2)N3CCCN(C(=O)Nc2ccc(C(F)(F)F)cc2)c2ccccc2)C1,CHEMBL257000,0.4,CHEMBL274,0.4
CCCCC1CN(C(=O)C2CCOCC2)CCC12CCN(C1(C)CCN(C(=O)c3c(C)ncnc3C)CC1)CC2,CHEMBL515097,500.0,CHEMBL274,500.0
CCCCC1CN(C(=O)C2CCOCC2)CCC12CCN(C1(C)CCN(C(=O)c3c(C)cc(C#N)nc3C)CC1)CC2,CHEMBL505595,217.0,CHEMBL274,217.0
CCCCC1CN(C(=O)OC2CCOCC2)CCC12CCN(C1(C)CCN(C(=O)c3c(C)ncnc3C)CC1)CC2,CHEMBL499729,349.0,CHEMBL274,349.0
CCCCC1CN(CC2CCOCC2)CCC12CCN(C1(C)CCN(C(=O)c3c(C)ncnc3C)CC1)CC2,CHEMBL473651,500.0,CHEMBL274,500.0
CCCCC1CN(S(=O)(=O)c2ccccc2)CCC12CCN(C1(C)CCN(C(=O)c3c(C)ncnc3C)CC1)CC2,CHEMBL448610,19.0,CHEMBL274,19.0
CCCC[C@H]1CN(C(=O)NC)CCC12CCN(C1(C)CCN(C(=O)c3c(C)ncnc3C)CC1)CC2,CHEMBL519278,35.0,CHEMBL274,35.0
CCCCC1CN(S(=O)(=O)c2ccccn2)CCC12CCN(C1(C)CCN(C(=O)c3c(C)ncnc3C)CC1)CC2,CHEMBL444255,18.0,CHEMBL274,18.0
CCCCC1CN(S(C)(=O)=O)CCC12CCN(C1(C)CCN(C(=O)c3c(C)ncnc3C)CC1)CC2,CHEMBL479627,25.0,CHEMBL274,25.0
CCCCC1CN(S(=O)(=O)C2CC2)CCC12CCN(C1(C)CCN(C(=O)c3c(C)ncnc3C)CC1)CC2,CHEMBL481980,22.0,CHEMBL274,22.0
CCCCC1CN(S(=O)(=O)N(C)C)CCC12CCN(C1(C)CCN(C(=O)c3c(C)ncnc3C)CC1)CC2,CHEMBL519298,60.0,CHEMBL274,60.0
CCCCC1CN(S(=O)(=O)C2CCOCC2)CCC12CCN(C1(C)CCN(C(=O)c3c(C)ncnc3C)CC1)CC2,CHEMBL454253,22.0,CHEMBL274,22.0
CCCCC1CN(S(=O)(=O)c2cn(C)cn2)CCC12CCN(C1(C)CCN(C(=O)c3c(C)ncnc3C)CC1)CC2,CHEMBL450639,27.0,CHEMBL274,27.0
CCCCC1CN(S(=O)(=O)N2CCOCC2)CCC12CCN(C1(C)CCN(C(=O)c3c(C)ncnc3C)CC1)CC2,CHEMBL502927,11.0,CHEMBL274,11.0
CCCCC1CN(S(=O)(=O)C2CCN(C(C)=O)CC2)CCC12CCN(C1(C)CCN(C(=O)c3c(C)ncnc3C)CC1)CC2,CHEMBL454493,78.0,CHEMBL274,78.0
CCCCC1CN(S(=O)(=O)C2CCN(C=O)CC2)CCC12CCN(C1(C)CCN(C(=O)c3c(C)ncnc3C)CC1)CC2,CHEMBL506958,64.0,CHEMBL274,64.0
CCCC[C@H]1CN(S(=O)(=O)CC(F)(F)F)CCC12CCN(C1(C)CCN(C(=O)c3c(C)ncnc3C)CC1)CC2,CHEMBL463874,19.0,CHEMBL274,19.0
CCCCC1C(=O)C(CC2CCOCC2)CCC12CCN(C1(C)CCN(C(=O)c3c(C)ncnc3C)CC1)CC2,CHEMBL464054,30.0,CHEMBL274,30.0
CCCCC1C(=O)N(Cc2ccc(F)cc2)CCC12CCN(C1(C)CCN(C(=O)c3c(C)ncnc3C)CC1)CC2,CHEMBL451400,19.0,CHEMBL274,19.0
CCCCC1C(=O)N(C[C@H]2CC[C@H](OCC)CC2)CCC12CCN(C1(C)CCN(C(=O)c3c(C)ncnc3C)CC1)CC2,CHEMBL449621,30.0,CHEMBL274,30.0
CCCCC1C(=O)N(C[C@H]2CC[C@H](OC)CC2)CCC12CCN(C1(C)CCN(C(=O)c3c(C)ncnc3C)CC1)CC2,CHEMBL502432,37.0,CHEMBL274,37.0
CCCCC1C(=O)N(C[C@H]2CC[C@H](O)CC2)CCC12CCN(C1(C)CCN(C(=O)c3c(C)ncnc3C)CC1)CC2,CHEMBL444667,76.0,CHEMBL274,76.0
CCCCC1C(=O)N(CC2CCN(C(=O)OC)CC2)CCC12CCN(C1(C)CCN(C(=O)c3c(C)ncnc3C)CC1)CC2,CHEMBL501383,60.0,CHEMBL274,60.0
CCCCC1C(=O)N(CC2CCN(CC(F)F)CC2)CCC12CCN(C1(C)CCN(C(=O)c3c(C)ncnc3C)CC1)CC2,CHEMBL447808,70.0,CHEMBL274,70.0
CCCCC1C(=O)N(C[C@H]2CC[C@H](O)CC2)CCC12CCN(C1(C)CCN(C(=O)c3c(C)cc(C#N)nc3C)CC1)CC2,CHEMBL2374447,31.0,CHEMBL274,31.0
CCCOC1CN(S(=O)(=O)C2CC2)CCC12CCN(C1(C)CCN(C(=O)c3c(C)ncnc3C)CC1)CC2,CHEMBL464055,80.0,CHEMBL274,80.0
Cc1ncnc(C)c1C(=O)N1CCC(C)(N2CCC3(CC2)CCN(S(C)(=O)=O)CC3c2ccccc2)CC1,CHEMBL465106,104.0,CHEMBL274,104.0
Cc1nc2ccccc2n1[C@H]1C[C@H]2CC[C@@H](C1)N2CCC1(c2ccccc2)CCN(c2ncccn2)CC1,CHEMBL522669,320.0,CHEMBL274,0.32
Cc1nc2ccccc2n1[C@H]1C[C@H]2CC[C@@H](C1)N2CCC1(c2ccccc2)CCN(c2nnn[nH]2)CC1,CHEMBL493312,129.0,CHEMBL274,0.129
Cc1nc2ccccc2n1[C@H]1C[C@H]2CC[C@@H](C1)N2CCC1(c2ccccc2)CCN(Cc2ncc[nH]2)CC1,CHEMBL492503,74.0,CHEMBL274,0.074
Cc1nc2ccccc2n1[C@H]1C[C@H]2CC[C@@H](C1)N2CCC1(c2ccccc2)CCN(Cc2ncco2)CC1,CHEMBL522659,13.0,CHEMBL274,0.013
Cc1nc2ccccc2n1[C@H]1C[C@H]2CC[C@@H](C1)N2CCC1(c2ccccc2)CCN(Cc2ccco2)CC1,CHEMBL492728,3.0,CHEMBL274,0.003
Cc1nc2ccccc2n1[C@H]1C[C@H]2CC[C@@H](C1)N2CCC1(c2ccccc2)CCN(C(=O)NC(C)C)CC1,CHEMBL524050,4.0,CHEMBL274,0.004
Cc1nc2ccccc2n1[C@H]1C[C@H]2CC[C@@H](C1)N2CCC1(c2ccccc2)CCN(C(=O)NC(C)(C)C)CC1,CHEMBL445003,7.0,CHEMBL274,0.007
Cc1nc2ccccc2n1[C@H]1C[C@H]2CC[C@@H](C1)N2CCC1(c2ccccc2)CCN(C(=O)NC2CCCCC2)CC1,CHEMBL471149,6.0,CHEMBL274,0.006
Cc1nc2ccccc2n1[C@H]1C[C@H]2CC[C@@H](C1)N2CCC1(c2ccccc2)CCN(C(=O)Nc2ccc(C(F)(F)F)cc2)CC1,CHEMBL505908,265.0,CHEMBL274,0.265
Cc1nc2ccccc2n1[C@H]1C[C@H]2CC[C@@H](C1)N2CCC1(c2ccccc2)CCN(C(=O)N(C)C)CC1,CHEMBL492544,21.0,CHEMBL274,0.021
CCN(CC)C(=O)N1CCC(CCN2[C@@H]3CC[C@H]2C[C@@H](n2c(C)nc4ccccc42)C3)(c2ccccc2)CC1,CHEMBL509179,24.0,CHEMBL274,0.024
Cc1nc2ccccc2n1[C@H]1C[C@H]2CC[C@@H](C1)N2CCC1(c2ccccc2)CCN(C(=O)N(C(C)C)C(C)C)CC1,CHEMBL506788,18.0,CHEMBL274,0.018
CO/C(=N/C#N)N1CCC(CCN2[C@@H]3CC[C@H]2C[C@@H](n2c(C)nc4ccccc42)C3)(c2ccccc2)CC1,CHEMBL524001,2.0,CHEMBL274,0.002
Cc1nc2ccccc2n1[C@H]1C[C@H]2CC[C@@H](C1)N2CCC1(c2ccccc2)CCN(/C(=N\C#N)OC(C)C)CC1,CHEMBL509665,3.0,CHEMBL274,0.003
Cc1nc2ccccc2n1[C@H]1C[C@H]2CC[C@@H](C1)N2CCC1(c2ccccc2)CCN(/C(=N\C#N)OC2CCCC2)CC1,CHEMBL506795,7.0,CHEMBL274,0.007
CS/C(=N/C#N)N1CCC(CCN2[C@@H]3CC[C@H]2C[C@@H](n2c(C)nc4ccccc42)C3)(c2ccccc2)CC1,CHEMBL523512,23.0,CHEMBL274,0.023
Cc1nc2ccccc2n1[C@H]1C[C@H]2CC[C@@H](C1)N2CCC1(c2ccccc2)CCN(/C(=N\C#N)SC(C)C)CC1,CHEMBL443730,13.0,CHEMBL274,0.013
Cc1nc2ccccc2n1[C@H]1C[C@H]2CC[C@@H](C1)N2CCC1(c2ccccc2)CCN(/C(=N\C#N)SC2CCCC2)CC1,CHEMBL502909,40.0,CHEMBL274,0.04
CN/C(=N/C#N)N1CCC(CCN2[C@@H]3CC[C@H]2C[C@@H](n2c(C)nc4ccccc42)C3)(c2ccccc2)CC1,CHEMBL492960,11.0,CHEMBL274,0.011
Cc1nc2ccccc2n1[C@H]1C[C@H]2CC[C@@H](C1)N2CCC1(c2ccccc2)CCN(/C(=N\C#N)N2CCOCC2)CC1,CHEMBL508250,5.0,CHEMBL274,0.005
Cc1nc2ccccc2n1[C@H]1C[C@H]2CC[C@@H](C1)N2CCC1(c2ccccc2)CCN(C(C(=O)O)c2ccccc2)CC1,CHEMBL443936,8.0,CHEMBL274,0.008
COc1ccc(C(C(=O)O)N2CCC(CCN3[C@@H]4CC[C@H]3C[C@@H](n3c(C)nc5ccccc53)C4)(c3ccccc3)CC2)cc1,CHEMBL499109,7.0,CHEMBL274,0.007
Cc1nc2ccccc2n1[C@H]1C[C@H]2CC[C@@H](C1)N2CCC1(c2cccc(F)c2)CCN(C(C(=O)O)c2ccc(F)cc2)CC1,CHEMBL505443,4.0,CHEMBL274,0.004
Cc1nc2ccccc2n1[C@H]1C[C@H]2CC[C@@H](C1)N2CCC1(c2ccccc2)CCN(C(C(=O)O)c2ccc3c(c2)OCO3)CC1,CHEMBL443106,7.0,CHEMBL274,0.007
Cc1cccc(C)c1C(C(=O)O)N1CCC(CCN2[C@@H]3CC[C@H]2C[C@@H](n2c(C)nc4ccccc42)C3)(c2ccccc2)CC1,CHEMBL442619,5.0,CHEMBL274,0.005
Cc1cccc(C(C(=O)O)N2CCC(CCN3[C@@H]4CC[C@H]3C[C@@H](n3c(C)nc5ccccc53)C4)(c3ccccc3)CC2)c1C,CHEMBL508114,3.0,CHEMBL274,0.003
Cc1nc2ccccc2n1[C@H]1C[C@H]2CC[C@@H](C1)N2CCC1(c2ccccc2)CCN(C(C(=O)O)c2ccc(Cl)s2)CC1,CHEMBL452913,23.0,CHEMBL274,0.023
COC(=O)C(c1ccc(F)cc1)N1CCC(CCN2[C@@H]3CC[C@H]2C[C@@H](n2c(C)nc4ccccc42)C3)(c2ccccc2)CC1,CHEMBL444497,0.9,CHEMBL274,0.0009
COC(=O)C(c1cccc(C)c1C)N1CCC(CCN2[C@@H]3CC[C@H]2C[C@@H](n2c(C)nc4ccccc42)C3)(c2ccccc2)CC1,CHEMBL500824,13.0,CHEMBL274,0.013
Cc1ccc(-c2ccc3c(c2)C=C(C(=O)Nc2ccc(C[N+](C)(C)C4CCOCC4)cc2)CCC3)cc1.[Cl-],CHEMBL41275,1.4,CHEMBL274,1.4
COC(=O)C(c1ccccc1)N1CCC(CCN2[C@@H]3CC[C@H]2C[C@@H](n2c(C)nc4ccccc42)C3)(c2ccccc2)CC1,CHEMBL506273,5.0,CHEMBL274,0.005
Cc1nnc(C(C)C)n1[C@H]1C[C@H]2CC[C@@H](C1)N2CC[C@H](NC(=O)C1CCC(F)(F)CC1)c1ccccc1,CHEMBL256907,0.2,CHEMBL274,0.2
Cc1nnc(C(C)C)n1C1CCN(C(C)C[C@H](NC(=O)C2CCCC2)c2ccccc2)CC1,CHEMBL473558,0.137,CHEMBL274,0.137
Cc1nnc(C(C)C)n1C1CCN(C(C)C[C@H](NC(=O)C2CC(F)(F)C2)c2ccccc2)CC1,CHEMBL489513,0.38,CHEMBL274,0.38
Cc1nnc(C(C)C)n1C1CCN(C(C)C[C@H](NC(=O)C2CCCCC2)c2ccccc2)CC1,CHEMBL473759,0.513,CHEMBL274,0.513
Cc1nnc(C(C)C)n1C1CCN(C(C)C[C@H](NC(=O)C2CCC(F)(F)CC2)c2ccccc2)CC1,CHEMBL522259,0.84,CHEMBL274,0.84
Cc1nnc(C(C)C)n1C1CCN(C(C)C[C@H](NC(=O)C(C)C)c2ccccc2)CC1,CHEMBL474154,3.11,CHEMBL274,3.11
Cc1nnc(C(C)C)n1C1CCN(C(C)C[C@H](NC(=O)CC2CC2)c2ccccc2)CC1,CHEMBL515261,3.16,CHEMBL274,3.16
Cc1nnc(C(C)C)n1C1CCN(C(C)C[C@H](NC(=O)C2CC2)c2ccccc2)CC1,CHEMBL472953,3.93,CHEMBL274,3.93
Cc1nnc(C(C)C)n1C1CCN(C(C)C[C@H](NC(=O)C2CC[S+]([O-])CC2)c2ccccc2)CC1,CHEMBL523267,4.87,CHEMBL274,4.87
Cc1nnc(C(C)C)n1C1CCN(C(C)C[C@H](NC(=O)C2CCS(=O)(=O)CC2)c2ccccc2)CC1,CHEMBL491153,6.12,CHEMBL274,6.12
CC(=O)N1CCC(C(=O)N[C@@H](CC(C)N2CCC(n3c(C)nnc3C(C)C)CC2)c2ccccc2)CC1,CHEMBL491154,28.7,CHEMBL274,28.7
Cc1nnc(C(C)C)n1C1CCN(C(C)C[C@H](NC(=O)COCC(F)(F)F)c2ccccc2)CC1,CHEMBL473353,52.8,CHEMBL274,52.8
Cc1nnc(C(C)C)n1C1CCN(C(C)C[C@H](NC(=O)CC(F)(F)F)c2ccccc2)CC1,CHEMBL473352,85.3,CHEMBL274,85.3
CC(=O)N[C@@H](CC(C)N1CCC(n2c(C)nnc2C(C)C)CC1)c1ccccc1,CHEMBL473348,89.2,CHEMBL274,89.2
Cc1nnc(C(C)C)n1C1CCN(C(C)C[C@H](NC(=O)C2CCOCC2)c2ccccc2)CC1,CHEMBL514000,164.0,CHEMBL274,164.0
Cc1nnc(C(C)C)n1C1CCN(C(C)C[C@H](NC(=O)N2CCOCC2)c2ccccc2)CC1,CHEMBL489323,176.0,CHEMBL274,176.0
Cc1nnc(C(C)C)n1C1CCN(C(C)C[C@H](NC(=O)N2CCN(C)CC2)c2ccccc2)CC1,CHEMBL489512,187.0,CHEMBL274,187.0
COC(=O)N[C@@H](CC(C)N1CCC(n2c(C)nnc2C(C)C)CC1)c1ccccc1,CHEMBL491328,315.0,CHEMBL274,315.0
Cc1nnc(C(C)C)n1C1CCN(C(C)C[C@H](NC(=O)C2CC(F)(F)C2)c2ccccc2)CC1.Cl,CHEMBL491679,1.3,CHEMBL274,1.3
Cc1nnc(C(C)C)n1C1CCN([C@@H](C)C[C@H](NC(=O)C2CCC(F)(F)CC2)c2ccccc2)CC1,CHEMBL491320,49.9,CHEMBL274,49.9
Cc1nnc(C(C)C)n1C1CCN([C@H](C)C[C@H](NC(=O)C2CC(F)(F)C2)c2ccccc2)CC1,CHEMBL491319,0.48,CHEMBL274,0.48
Cc1nnc(C(C)C)n1C1CCN(C(C)C[C@H](NC(=O)C2CCC(F)(F)CC2)c2ccccc2)CC1.Cl,CHEMBL489324,62.0,CHEMBL274,62.0
Cc1nc(C(C)C)n([C@@H]2C[C@H]3CC[C@@H](C2)N3CC[C@H](NC(=O)C2CCC(F)(F)CC2)c2ccccc2)n1,CHEMBL3085107,1.4,CHEMBL274,1.4
CCCCCCCC/C=C\c1c(C)c(/C=C\CCCCCCCC)c2[n+](c1C)CCC2.O=C([O-])C(F)(F)F,CHEMBL469649,1000.0,CHEMBL274,1.0
O=C(c1ccco1)N1CCC(OCCN2CCC3(CC2)C(=O)NCN3c2ccccc2)(c2ccc(Cl)c(Cl)c2)CC1,CHEMBL500523,3467.37,CHEMBL274,5.46
Cc1nc2ccccc2n1[C@H]1C[C@H]2CC[C@@H](C1)N2CCC1(c2cccc(Cl)c2)CCN(C(=O)OC(C)(C)C)CC1,CHEMBL3084500,5.012,CHEMBL274,8.3
Cc1nc2ccccc2n1[C@H]1C[C@H]2CC[C@@H](C1)N2CCC1(c2cccc(Cl)c2)CCN(C(=O)C(C)(C)C)CC1,CHEMBL3084499,1.0,CHEMBL274,9.0
Cc1nc2ccccc2n1[C@H]1C[C@H]2CC[C@@H](C1)N2CCC1(c2ccc(Cl)c(Cl)c2)CCN(C(=O)OC(C)(C)C)CC1,CHEMBL3084498,29.51,CHEMBL274,7.53
Cc1nc2ccccc2n1[C@H]1C[C@H]2CC[C@@H](C1)N2CCC1(c2ccc(Cl)c(Cl)c2)CCN(C(=O)C(C)(C)C)CC1,CHEMBL3084497,7.244,CHEMBL274,8.14
Cc1nc2ccccc2n1[C@H]1C[C@H]2CC[C@@H](C1)N2CCC1(c2cccc(Cl)c2)CCN(C(=O)c2ccccc2)CC1,CHEMBL3084496,5.248,CHEMBL274,8.28
Cc1nc2ccccc2n1[C@@H]1C[C@H]2CC[C@@H](C1)N2CCC1(c2ccccc2)CCN(C(=O)c2ccccc2)CC1,CHEMBL3084492,5.012,CHEMBL274,8.3
Cc1nc2ccccc2n1[C@H]1C[C@H]2CC[C@@H](C1)N2CCC1(c2ccc(Cl)c(Cl)c2)CCN(C(=O)c2ccccc2)CC1,CHEMBL3084495,15.85,CHEMBL274,7.8
Cc1nc2ccccc2n1[C@@H]1C[C@H]2CC[C@@H](C1)N2CCC1(c2ccccc2)CCN(C(=O)C2CCCC2)CC1,CHEMBL3084494,19.95,CHEMBL274,7.7
Cc1nc2ccccc2n1[C@@H]1C[C@H]2CC[C@@H](C1)N2CCC1(c2ccccc2)CCN(C(=O)OCc2ccccc2)CC1,CHEMBL3084493,63.1,CHEMBL274,7.2
Cc1nc2ccccc2n1[C@@H]1C[C@H]2CC[C@@H](C1)N2CCC1(c2ccccc2)CCN(C(=O)c2ccccc2)CC1,CHEMBL3084492,35.48,CHEMBL274,7.45
Cc1nc2ccccc2n1[C@@H]1C[C@H]2CC[C@@H](C1)N2CCC1(c2ccccc2)CCN(C(=O)OC(C)(C)C)CC1,CHEMBL3084491,63.1,CHEMBL274,7.2
CC(C)(C)OC(=O)N1CCC(CCN2CCC3(CC2)C(=O)NCN3c2ccccc2)(c2ccccc2)CC1,CHEMBL492292,4570.88,CHEMBL274,5.34
Cc1nc2ccccc2n1C1CC2COCC(C1)N2CCC1(c2ccccc2)CCN(C(=O)c2ccccc2)CC1,CHEMBL505556,3162.28,CHEMBL274,5.5
CC(C)(C)OC(=O)N1CCC(CCCN2CCC3(CC2)C(=O)NCN3c2ccccc2)(c2ccccc2)CC1,CHEMBL524159,8511.38,CHEMBL274,5.07
CC(C)(C)OC(=O)N1CCC(CCCN2CCC(n3c(=O)[nH]c4ccccc43)CC2)(c2ccccc2)CC1,CHEMBL492897,3981.07,CHEMBL274,5.4
CC(C)(C)OC(=O)N1CCC(CCCN2CCC(n3c(=O)[nH]c4ccccc43)CC2)(c2ccc(Cl)c(Cl)c2)CC1,CHEMBL492854,7943.28,CHEMBL274,5.1
Cc1nc2ccccc2n1[C@@H]1C[C@H]2CC[C@@H](C1)N2CCCC1(c2ccccc2)CCN(C(=O)c2ccccc2)CC1,CHEMBL3084490,1258.93,CHEMBL274,5.9
Cc1nc2ccccc2n1[C@@H]1C[C@H]2CC[C@@H](C1)N2CCCC1(c2ccccc2)CCN(C(=O)c2ccco2)CC1,CHEMBL3084489,5011.87,CHEMBL274,5.3
O=C1CCC(CCCN2CCC3(CC2)C(=O)NCN3c2ccccc2)(c2ccc(Cl)c(Cl)c2)CN1Cc1ccccc1,CHEMBL503631,1000.0,CHEMBL274,6.0
O=C(c1ccccc1)N1CCCC(CCCN2CCC3(CC2)C(=O)NCN3c2ccccc2)(c2ccc(Cl)c(Cl)c2)C1,CHEMBL509298,446.68,CHEMBL274,6.35
O=C(c1ccccc1)N1CCCC(CCCN2CCC(n3c(=O)[nH]c4ccccc43)CC2)(c2ccc(Cl)c(Cl)c2)C1,CHEMBL440465,1584.89,CHEMBL274,5.8
O=C1NCN(c2ccccc2)C12CCN(CCCC1(c3ccc(Cl)c(Cl)c3)CCN(Cc3ccco3)C1)CC2,CHEMBL495297,5248.07,CHEMBL274,5.28
O=C(c1ccco1)N1CCC(CCCN2CCC3(CC2)C(=O)NCN3c2ccccc2)(c2ccc(Cl)c(Cl)c2)C1,CHEMBL522493,141.25,CHEMBL274,6.85
CN1CN(c2ccccc2)C2(CCN(CCCC3(c4ccc(Cl)c(Cl)c4)CCN(C(=O)c4ccco4)C3)CC2)C1=O,CHEMBL444915,7079.46,CHEMBL274,5.15
O=C(c1ccco1)N1CCC(CCN2CCC3(CC2)C(=O)NCN3c2ccccc2)(c2ccccc2)C1,CHEMBL495298,9332.54,CHEMBL274,5.03
O=C(c1ccco1)N1CCC(CCN2CCC3(CC2)C(=O)NCN3c2ccccc2)(c2ccc(Cl)c(Cl)c2)C1,CHEMBL521699,1479.11,CHEMBL274,5.83
O=C1CC(CCCN2CCC3(CC2)C(=O)NCN3c2ccccc2)(c2ccc(Cl)c(Cl)c2)CN1Cc1ccccc1,CHEMBL449125,1023.29,CHEMBL274,5.99
O=C1CC(CCN2CCC3(CC2)C(=O)NCN3c2ccccc2)(c2ccc(Cl)c(Cl)c2)CN1Cc1ccccc1,CHEMBL495291,9332.54,CHEMBL274,5.03
O=C(C1CCCC1)N1CCC(OCCN2CCC3(CC2)C(=O)NCN3c2ccccc2)(c2ccc(Cl)c(Cl)c2)C1,CHEMBL521529,4786.3,CHEMBL274,5.32
O=C(c1ccco1)N1CCC(OCCN2CCC3(CC2)C(=O)NCN3c2ccccc2)(c2ccc(Cl)c(Cl)c2)C1,CHEMBL522158,3981.07,CHEMBL274,5.4
O=C1NCN(c2ccccc2)C12CCN(CCOC1(c3ccc(Cl)c(Cl)c3)CCN(S(=O)(=O)c3ccccc3)CC1)CC2,CHEMBL448199,2398.83,CHEMBL274,5.62
Cc1nc2ccccc2n1[C@H]1C[C@H]2CC[C@@H](C1)N2CCC1(c2ccc(Cl)c(Cl)c2)CCN(C(=O)OC(C)(C)C)C1,CHEMBL3084501,776.25,CHEMBL274,6.11
O=C1NCN(c2ccccc2)C12CCN(CCCC1(c3ccc(Cl)c(Cl)c3)CN(S(=O)(=O)c3ccccc3)C1)CC2,CHEMBL501077,9120.11,CHEMBL274,5.04
C=C(C)[C@H]1CC[C@@]2(C)CC[C@]3(C)C[C@H]4[C@@H](C)CC(=O)[C@H]4/C(C=O)=C\C[C@H]3[C@H]12,CHEMBL519317,9000.0,CHEMBL274,9.0
OC1(CCCc2cccnc2)CCN(C[C@H]2CN(CC3CCCCC3)C[C@@H]2c2ccccc2)CC1,CHEMBL419895,5.998,CHEMBL274,-0.778
O=C(O)c1ccccc1CCCC1(O)CCN(C[C@H]2CN(CC3CCCCC3)C[C@@H]2c2ccccc2)CC1,CHEMBL103268,100.0,CHEMBL274,-2.0
O=C(O)c1cccc(CCCC2(O)CCN(C[C@H]3CN(CC4CCCCC4)C[C@@H]3c3ccccc3)CC2)c1,CHEMBL318909,2.999,CHEMBL274,-0.477
O=C(O)c1ccc(CCCC2(O)CCN(C[C@H]3CN(CC4CCCCC4)C[C@@H]3c3ccccc3)CC2)cc1,CHEMBL319689,10.0,CHEMBL274,-1.0
OC1(CCCc2ccc(-c3nnn[nH]3)cc2)CCN(C[C@H]2CN(CC3CCCCC3)C[C@@H]2c2ccccc2)CC1,CHEMBL319593,0.2,CHEMBL274,0.699
O=C(O)[C@@H](c1ccccc1)N1C[C@H](CN2CCC(O)(CCCc3ccccc3)CC2)[C@@H](c2ccccc2)C1,CHEMBL101961,0.7998,CHEMBL274,0.097
CC(C)[C@H](C(=O)O)N1C[C@H](CN2CCC(O)(CCCc3ccccc3)CC2)[C@@H](c2ccccc2)C1,CHEMBL318210,2.0,CHEMBL274,-0.301
C[C@H](C(=O)O)N1C[C@H](CN2CCC(O)(CCCc3ccccc3)CC2)[C@@H](c2ccccc2)C1,CHEMBL102675,2.999,CHEMBL274,-0.477
O=C(O)CN1C[C@H](CN2CCC(O)(CCCc3ccccc3)CC2)[C@@H](c2ccccc2)C1,CHEMBL102674,5.998,CHEMBL274,-0.778
CC(C)[C@H](C(=O)O)N1C[C@H](CN2CCC(CCCc3ccccc3)CC2)[C@@H](c2ccccc2)C1,CHEMBL318406,0.6998,CHEMBL274,0.155
O=C(O)[C@@H](C1CCCCC1)N1C[C@H](CN2CCC(c3ccc(F)cc3)CC2)[C@@H](c2ccccc2)C1,CHEMBL103782,3.999,CHEMBL274,-0.602
O=C(O)[C@@H](C1CC1)N1C[C@H](CN2CCC(CCCc3ccccc3)CC2)[C@@H](c2ccccc2)C1,CHEMBL318681,2.999,CHEMBL274,-0.477
O=C(O)[C@@H](CC1CC1)N1C[C@H](CN2CCC(CCCc3ccccc3)CC2)[C@@H](c2ccccc2)C1,CHEMBL316475,0.1,CHEMBL274,1.0
CCCN(c1ccccn1)C1CCN(C[C@H]2CN(C(=O)N3CCCC3)C[C@@H]2c2ccccc2)CC1,CHEMBL137524,8.995,CHEMBL274,-0.954
CCCN(c1ccccn1)C1CCN(C[C@H]2CN(C(=O)C3CCC3)C[C@@H]2c2ccccc2)CC1,CHEMBL138645,10.0,CHEMBL274,-1.0
CCCN(c1ccccn1)C1CCN(C[C@H]2CN(C(=O)C3CCCCC3)C[C@@H]2c2ccccc2)CC1,CHEMBL137072,11.99,CHEMBL274,-1.079
C=CCN(c1cccnc1)C1CCN(C[C@H]2CN(C(=O)C3CCCCC3)C[C@@H]2c2ccccc2)CC1,CHEMBL137206,23.01,CHEMBL274,-1.362
C=CCN(c1ccncc1)C1CCN(C[C@H]2CN(C(=O)C3CCCCC3)C[C@@H]2c2ccccc2)CC1,CHEMBL137650,66.07,CHEMBL274,-1.82
CCCN(c1ncccn1)C1CCN(C[C@H]2CN([C@@H](C(=O)O)C3CCCCC3)C[C@@H]2c2ccccc2)CC1,CHEMBL137038,6.607,CHEMBL274,-0.82
O=C(O)[C@@H](CC1CCC1)N1C[C@H](CN2CCC(CCCc3ccc(F)cc3)CC2)[C@@H](c2cccc(F)c2)C1,CHEMBL281607,0.7998,CHEMBL274,0.097
O=C(O)[C@@H](CC1CCC1)N1C[C@H](CN2CCC(CCCc3ccc(C(F)(F)F)cc3)CC2)[C@@H](c2cccc(F)c2)C1,CHEMBL21147,0.2,CHEMBL274,0.699
CC(C)C[C@H](C(=O)O)N1C[C@H](CN2CCC(CCS(=O)(=O)c3ccc(F)cc3)CC2)[C@@H](c2cccc(F)c2)C1,CHEMBL470510,0.8995,CHEMBL274,0.046
O=C(O)[C@@H](CC1CCC1)N1C[C@H](CN2CCC(CCSc3ccc(F)cc3)CC2)[C@@H](c2cccc(F)c2)C1,CHEMBL20345,0.1,CHEMBL274,1.0
CC(C)C[C@H](C(=O)O)N1C[C@H](CN2CCC(CCC(F)(F)c3ccc(F)cc3)CC2)[C@@H](c2cccc(F)c2)C1,CHEMBL471920,0.5,CHEMBL274,0.301
O=C(O)[C@@H](CC1CC1)N1C[C@H](CN2CCC(CCC(F)(F)c3ccc(F)cc3)CC2)[C@@H](c2cccc(F)c2)C1,CHEMBL21106,0.05998,CHEMBL274,1.222
O=C(O)[C@@H](CC1CCC1)N1C[C@H](CN2CCC(CCC(F)(F)c3ccc(F)cc3)CC2)[C@@H](c2cccc(F)c2)C1,CHEMBL21117,0.2999,CHEMBL274,0.523
O=C(O)[C@@H](CC1CC1)N1C[C@H](CN2CCC(CCC(O)c3ccc(F)cc3)CC2)[C@@H](c2cccc(F)c2)C1,CHEMBL20453,0.3999,CHEMBL274,0.398
O=C(O)[C@@H](CC1CC1)N1C[C@H](CN2CCC(CCC(CO)c3ccc(F)cc3)CC2)[C@@H](c2cccc(F)c2)C1,CHEMBL417825,4.797,CHEMBL274,-0.681
CC(O)(CCC1CCN(C[C@H]2CN([C@H](CC3CC3)C(=O)O)C[C@@H]2c2cccc(F)c2)CC1)c1ccc(F)cc1,CHEMBL20598,1.6,CHEMBL274,-0.204
COC(=O)C(CCC1CCN(C[C@H]2CN([C@H](CC3CC3)C(=O)O)C[C@@H]2c2cccc(F)c2)CC1)c1ccc(F)cc1,CHEMBL283788,1.5,CHEMBL274,-0.176
c1ccc(C2CCN(C[C@@H]3[C@@H](c4ccccc4)CN4O[C@H](c5ccccc5)C[C@@H]34)CC2)cc1,CHEMBL161594,29.99,CHEMBL274,-1.477
CCN(C(=O)OCc1ccccc1)C1CCN(C[C@@H]2[C@@H](c3ccccc3)CN3O[C@H](c4ccccc4)C[C@@H]23)CC1,CHEMBL158438,46.03,CHEMBL274,-1.663
c1ccc(C2CCN(C[C@@H]3[C@@H](c4ccccc4)CN4OC5(CCCCC5)C[C@@H]34)CC2)cc1,CHEMBL539943,33.04,CHEMBL274,-1.519
CCN(C(=O)OCc1ccccc1)C1CCN(C[C@@H]2[C@@H](c3ccccc3)CN3OC4(CCCCC4)C[C@@H]23)CC1,CHEMBL161480,86.1,CHEMBL274,-1.935
C=CCN(C(=O)OCc1ccc([N+](=O)[O-])cc1)C1CCN(C[C@@H]2[C@@H](c3ccccc3)CN3OC4(CCCCC4)C[C@@H]23)CC1,CHEMBL157983,14.0,CHEMBL274,-1.146
O=C(O)[C@@H](C1CCCCC1)N1C[C@H](CN2CCC(c3cc(-c4ccccc4)no3)CC2)[C@@H](c2ccccc2)C1,CHEMBL511806,18.11,CHEMBL274,-1.258
O=C(O)[C@@H](C1CCCCC1)N1C[C@H](CN2CCC(c3nocc3-c3ccccc3)CC2)[C@@H](c2ccccc2)C1,CHEMBL470507,26.98,CHEMBL274,-1.431
O=C(O)[C@@H](C1CCCCC1)N1C[C@H](CN2CCC(c3nc(-c4ccccc4)c[nH]3)CC2)[C@@H](c2ccccc2)C1,CHEMBL471722,23.01,CHEMBL274,-1.362
O=C(O)[C@@H](C1CCCCC1)N1C[C@H](CN2CCC(c3cnc(-c4ccccc4)[nH]3)CC2)[C@@H](c2ccccc2)C1,CHEMBL511154,6.194,CHEMBL274,-0.792
O=C(O)[C@@H](C1CCCCC1)N1C[C@H](CN2CCC(c3ncc(Cc4ccccc4)s3)CC2)[C@@H](c2ccccc2)C1,CHEMBL511494,2.0,CHEMBL274,-0.301
O=C(O)[C@@H](C1CCCCC1)N1C[C@H](CN2CCC(c3cnc(Cc4ccccc4)s3)CC2)[C@@H](c2ccccc2)C1,CHEMBL480503,0.2897,CHEMBL274,0.538
O=C(O)[C@@H](CC1CC1)N1C[C@H](CN2CCC(c3cnc(Cc4ccccc4)o3)CC2)[C@@H](c2ccccc2)C1,CHEMBL480504,1.6,CHEMBL274,-0.204
O=C(O)[C@@H](CC1CCC1)N1C[C@H](CN2CCC(c3cnc(Cc4ccccc4)o3)CC2)[C@@H](c2ccccc2)C1,CHEMBL480693,0.3396,CHEMBL274,0.469
O=C(O)[C@@H](CC1CC1)N1C[C@H](CN2CCC(c3cnc(Cc4ccccc4)s3)CC2)[C@@H](c2ccccc2)C1,CHEMBL520091,0.2301,CHEMBL274,0.638
CCc1nc(Cc2ccccc2)oc1C1CCN(C[C@H]2CN([C@H](CC3CCC3)C(=O)O)C[C@@H]2c2ccccc2)CC1,CHEMBL449758,0.8892,CHEMBL274,0.051
CCc1nc(Cc2ccccc2)sc1C1CCN(C[C@H]2CN([C@H](CC3CCC3)C(=O)O)C[C@@H]2c2ccccc2)CC1,CHEMBL471251,0.7603,CHEMBL274,0.119
CCc1nc(Cc2ccccc2)sc1C1CCN(C[C@H]2CN([C@H](CC(C)C)C(=O)O)C[C@@H]2c2ccccc2)CC1,CHEMBL480890,1.0,CHEMBL274,0.0
O=C(O)[C@@H](C1CCCCC1)N1C[C@H](CN2CCC(n3c(=O)[nH]c4ccccc43)CC2)[C@@H](c2ccccc2)C1,CHEMBL195199,62.95,CHEMBL274,-1.799
O=C(O)[C@@H](C1CCCCC1)N1C[C@H](CN2CCC(n3cnc4ncccc43)CC2)[C@@H](c2ccccc2)C1,CHEMBL195930,23.01,CHEMBL274,-1.362
O=C(O)[C@@H](C1CCCCC1)N1C[C@H](CN2CCC(n3cnc4cccnc43)CC2)[C@@H](c2ccccc2)C1,CHEMBL436290,2.799,CHEMBL274,-0.447
O=C(O)[C@@H](CC1CCC1)N1C[C@H](CN2CCC(c3ncc4ccccn34)CC2)[C@@H](c2cccc(F)c2)C1,CHEMBL470512,13.0,CHEMBL274,-1.114
O=C(O)[C@@H](CC1CCC1)N1C[C@H](CN2CCC(c3cnc4ncccn34)CC2)[C@@H](c2cccc(F)c2)C1,CHEMBL472798,3.499,CHEMBL274,-0.544
O=C(O)[C@@H](CC1CCC1)N1C[C@H](CN2CCC(c3cn4ccncc4n3)CC2)[C@@H](c2cccc(F)c2)C1,CHEMBL472799,28.97,CHEMBL274,-1.462
O=C(O)[C@@H](CC1CCC1)N1C[C@H](CN2CCC(c3cn4cccnc4n3)CC2)[C@@H](c2cccc(F)c2)C1,CHEMBL516027,199.99,CHEMBL274,-2.301
CCn1nc(Cc2ccccc2)cc1C1CCN(C[C@H]2CN([C@@H](C(=O)O)C3CCCCC3)C[C@@H]2c2ccccc2)CC1,CHEMBL353331,1.199,CHEMBL274,-0.079
CCn1nc(Cc2ccccc2)cc1C1CCN(C[C@H]2CN([C@H](CC3CC3)C(=O)O)C[C@@H]2c2cccc(F)c2)CC1,CHEMBL175327,1.199,CHEMBL274,-0.079
CCn1nc(Cc2ccccc2)cc1C1CCN(C[C@H]2CN([C@@H](C(=O)O)C(C)C)C[C@@H]2c2cccc(F)c2)CC1,CHEMBL174304,1.5,CHEMBL274,-0.176
CCn1ncc(Cc2ccccc2)c1C1CCN(C[C@H]2CN([C@@H](C(=O)O)C3CCCCC3)C[C@@H]2c2ccccc2)CC1,CHEMBL368265,2.999,CHEMBL274,-0.477
CCn1cc(Cc2ccccc2)c(C2CCN(C[C@H]3CN([C@@H](C(=O)O)C4CCCCC4)C[C@@H]3c3ccccc3)CC2)n1,CHEMBL170987,20.0,CHEMBL274,-1.301
CCn1cc(CCc2ccccc2)c(C2CCN(C[C@H]3CN([C@@H](C(=O)O)C4CCCCC4)C[C@@H]3c3ccccc3)CC2)n1,CHEMBL366626,2.301,CHEMBL274,-0.362
O=C(O)[C@@H](C1CCCCC1)N1C[C@H](CN2CCC(c3cc(Cc4ccccc4)n[nH]3)CC2)[C@@H](c2ccccc2)C1,CHEMBL172659,2.198,CHEMBL274,-0.342
Cn1nc(Cc2ccccc2)cc1C1CCN(C[C@H]2CN([C@@H](C(=O)O)C3CCCCC3)C[C@@H]2c2ccccc2)CC1,CHEMBL176392,4.198,CHEMBL274,-0.623
O=C(O)[C@@H](C1CCCCC1)N1C[C@H](CN2CCC(c3cc(Cc4ccccc4)no3)CC2)[C@@H](c2ccccc2)C1,CHEMBL511634,0.7998,CHEMBL274,0.097
O=C(O)[C@@H](C1CCCCC1)N1C[C@H](CN2CCC(c3cc(Cc4ccccc4)on3)CC2)[C@@H](c2ccccc2)C1,CHEMBL471542,1.199,CHEMBL274,-0.079
CCn1nc(-c2ccccc2)cc1C1CCN(C[C@H]2CN([C@@H](C(=O)O)C3CCCCC3)C[C@@H]2c2ccccc2)CC1,CHEMBL366450,21.98,CHEMBL274,-1.342
CCn1nc(-c2ccc(C#N)cc2)cc1C1CCN(C[C@H]2CN([C@@H](C(=O)O)C3CCCCC3)C[C@@H]2c2ccccc2)CC1,CHEMBL172761,16.0,CHEMBL274,-1.204
CCn1nc(-c2ccc(CN)cc2)cc1C1CCN(C[C@H]2CN([C@@H](C(=O)O)C3CCCCC3)C[C@@H]2c2ccccc2)CC1,CHEMBL368757,121.9,CHEMBL274,-2.086
O=C(O)[C@@H](C1CCCCC1)N1C[C@H](CN2CCC(c3cc(C(F)(F)c4ccccc4)n[nH]3)CC2)[C@@H](c2ccccc2)C1,CHEMBL499483,2.099,CHEMBL274,-0.322
CCn1nc(C(C)(C)c2ccccc2)cc1C1CCN(C[C@H]2CN([C@@H](C(=O)O)C3CCCCC3)C[C@@H]2c2ccccc2)CC1,CHEMBL465416,6.902,CHEMBL274,-0.839
OC1(CCCc2ccccn2)CCN(C[C@H]2CN(CC3CCCCC3)C[C@@H]2c2ccccc2)CC1,CHEMBL323370,6.998,CHEMBL274,-0.845
O=C(O)Cc1cccc(CCCC2(O)CCN(C[C@H]3CN(CC4CCCCC4)C[C@@H]3c3ccccc3)CC2)c1,CHEMBL432596,5.998,CHEMBL274,-0.778
O=C(O)Cc1ccc(CCCC2(O)CCN(C[C@H]3CN(CC4CCCCC4)C[C@@H]3c3ccccc3)CC2)cc1,CHEMBL100336,5.0,CHEMBL274,-0.699
Cn1nnc(-c2ccc(CCCC3(O)CCN(C[C@H]4CN(CC5CCCCC5)C[C@@H]4c4ccccc4)CC3)cc2)n1,CHEMBL464132,0.3999,CHEMBL274,0.398
C=C(Cc1ccccc1)[C@@H](C1CCCCC1)N1C[C@H](CN2CCC(O)(CCCc3ccccc3)CC2)[C@@H](c2ccccc2)C1,CHEMBL468150,3.597,CHEMBL274,-0.556
COC(=O)[C@@H](C1CCCCC1)N1C[C@H](CN2CCC(O)(CCCc3ccccc3)CC2)[C@@H](c2ccccc2)C1,CHEMBL99788,1.0,CHEMBL274,0.0
COC(=O)[C@H](C1CCCCC1)N1C[C@H](CN2CCC(O)(CCCc3ccccc3)CC2)[C@@H](c2ccccc2)C1,CHEMBL100958,3.999,CHEMBL274,-0.602
O=C(O)[C@H](C1CCCCC1)N1C[C@H](CN2CCC(O)(CCCc3ccccc3)CC2)[C@@H](c2ccccc2)C1,CHEMBL100596,5.0,CHEMBL274,-0.699
CC(C)[C@H](C(=O)O)N1C[C@H](CN2CCC(c3ccc(F)cc3)CC2)[C@@H](c2ccccc2)C1,CHEMBL322693,35.97,CHEMBL274,-1.556
O=C(O)[C@@H](C1CCCC1)N1C[C@H](CN2CCC(CCCc3ccccc3)CC2)[C@@H](c2ccccc2)C1,CHEMBL99909,0.2,CHEMBL274,0.699
C=CCN(c1ncccn1)C1CCN(C[C@H]2CN(C(=O)C3CCCCC3)C[C@@H]2c2ccccc2)CC1,CHEMBL135432,11.99,CHEMBL274,-1.079
CCCN(c1cccnc1)C1CCN(C[C@H]2CN([C@@H](C(=O)O)C3CCCCC3)C[C@@H]2c2ccccc2)CC1,CHEMBL137728,5.0,CHEMBL274,-0.699
CCCN(c1ncccn1)C1CCN(C[C@H]2CN([C@H](CC3CCC3)C(=O)O)C[C@@H]2c2cccc(F)c2)CC1,CHEMBL428104,1.799,CHEMBL274,-0.255
CC(C)C[C@H](C(=O)O)N1C[C@H](CN2CCC(CCSc3ccc(F)cc3)CC2)[C@@H](c2cccc(F)c2)C1,CHEMBL471909,0.7998,CHEMBL274,0.097
O=C(O)[C@@H](CC1CCC1)N1C[C@H](CN2CCC(CCC(F)(F)c3ccc(F)cc3)CC2)[C@@H](c2ccccc2)C1,CHEMBL20622,0.2,CHEMBL274,0.699
O=C(O)[C@@H](CC1CCCCC1)N1C[C@H](CN2CCC(CCC(F)(F)c3ccc(F)cc3)CC2)[C@@H](c2ccccc2)C1,CHEMBL455073,0.2999,CHEMBL274,0.523
O=C(O)[C@@H](CC1CC1)N1C[C@H](CN2CCC(CCC(OCCO)c3ccc(F)cc3)CC2)[C@@H](c2cccc(F)c2)C1,CHEMBL504250,3.698,CHEMBL274,-0.568
O=C(O)[C@@H](C1CCCCC1)N1C[C@H](CN2CCC(c3cnc(Cc4ccccc4)[nH]3)CC2)[C@@H](c2ccccc2)C1,CHEMBL520755,0.6699,CHEMBL274,0.174
O=C(O)[C@@H](C1CCCCC1)N1C[C@H](CN2CCC(c3csc(Cc4ccccc4)n3)CC2)[C@@H](c2ccccc2)C1,CHEMBL481080,1.3,CHEMBL274,-0.114
O=C(O)[C@@H](C1CCCCC1)N1C[C@H](CN2CCC(c3ncc(Cc4ccccc4)o3)CC2)[C@@H](c2ccccc2)C1,CHEMBL481274,1.5,CHEMBL274,-0.176
CC(C)[C@H](C(=O)O)N1C[C@H](CN2CCC(c3cnc(Cc4ccccc4)[nH]3)CC2)[C@@H](c2ccccc2)C1,CHEMBL471765,6.998,CHEMBL274,-0.845
CC(C)[C@H](C(=O)O)N1C[C@H](CN2CCC(c3cnc(Cc4ccccc4)o3)CC2)[C@@H](c2ccccc2)C1,CHEMBL471766,3.802,CHEMBL274,-0.58
CC(C)[C@H](C(=O)O)N1C[C@H](CN2CCC(c3cnc(Cc4ccccc4)s3)CC2)[C@@H](c2ccccc2)C1,CHEMBL513564,0.5105,CHEMBL274,0.292
O=C(O)[C@@H](CC1CCC1)N1C[C@H](CN2CCC(c3cnc(Cc4ccccc4)s3)CC2)[C@@H](c2ccccc2)C1,CHEMBL511493,0.2301,CHEMBL274,0.638
CCc1nc(Cc2ccccc2)[nH]c1C1CCN(C[C@H]2CN([C@H](CC3CCC3)C(=O)O)C[C@@H]2c2ccccc2)CC1,CHEMBL500631,0.5702,CHEMBL274,0.244
O=C(O)[C@@H](CC1CCC1)N1C[C@H](CN2CCC(c3[nH]c(Cc4ccccc4)nc3Cl)CC2)[C@@H](c2ccccc2)C1,CHEMBL472412,0.5998,CHEMBL274,0.222
O=C(O)[C@@H](C1CCCCC1)N1C[C@H](CN2CCC(n3cnc4ccccc43)CC2)[C@@H](c2ccccc2)C1,CHEMBL364070,2.5,CHEMBL274,-0.398
O=C(O)[C@@H](CC1CCC1)N1C[C@H](CN2CCC(c3nnc4ccccn34)CC2)[C@@H](c2cccc(F)c2)C1,CHEMBL474838,11.99,CHEMBL274,-1.079
O=C(O)[C@@H](CC1CCC1)N1C[C@H](CN2CCC(c3cnc4cccnn34)CC2)[C@@H](c2cccc(F)c2)C1,CHEMBL475606,2.999,CHEMBL274,-0.477
O=C(O)[C@@H](CC1CCC1)N1C[C@H](CN2CCC(c3cn4ccccc4n3)CC2)[C@@H](c2cccc(F)c2)C1,CHEMBL475777,65.01,CHEMBL274,-1.813
CCn1nc(Cc2ccccc2)cc1C1CCN(C[C@H]2CN([C@H](CC3CCC3)C(=O)O)C[C@@H]2c2cccc(F)c2)CC1,CHEMBL173095,1.199,CHEMBL274,-0.079
CCn1nc(Cc2ccccc2)cc1C1CCN(C[C@H]2CN([C@@H](C(=O)O)C3CCC3)C[C@@H]2c2ccccc2)CC1,CHEMBL352514,1.6,CHEMBL274,-0.204
CCn1nc(Cc2ccccc2)cc1C1CCN(C[C@H]2CN([C@@H](C(=O)O)C(C)(C)C)C[C@@H]2c2cccc(F)c2)CC1,CHEMBL172854,0.7998,CHEMBL274,0.097
CCC(CC)[C@H](C(=O)O)N1C[C@H](CN2CCC(c3cc(Cc4ccccc4)nn3CC)CC2)[C@@H](c2cccc(F)c2)C1,CHEMBL435727,0.8995,CHEMBL274,0.046
O=C(O)[C@@H](C1CCCCC1)N1C[C@H](CN2CCC(c3[nH]ncc3Cc3ccccc3)CC2)[C@@H](c2ccccc2)C1,CHEMBL353827,4.797,CHEMBL274,-0.681
CCCn1nc(Cc2ccccc2)cc1C1CCN(C[C@H]2CN([C@@H](C(=O)O)C3CCCCC3)C[C@@H]2c2ccccc2)CC1,CHEMBL367421,4.603,CHEMBL274,-0.663
CCCCn1nc(Cc2ccccc2)cc1C1CCN(C[C@H]2CN([C@@H](C(=O)O)C3CCCCC3)C[C@@H]2c2ccccc2)CC1,CHEMBL366536,2.999,CHEMBL274,-0.477
CC(C)(c1ccccc1)c1cc(C2CCN(C[C@H]3CN([C@@H](C(=O)O)C4CCCCC4)C[C@@H]3c3ccccc3)CC2)[nH]n1,CHEMBL499793,11.51,CHEMBL274,-1.061
OC1(CCCc2cccnc2)CCN(C[C@H]2CN(CC3CCCCC3)C[C@@H]2c2ccccc2)CC1,CHEMBL419895,6.0,CHEMBL274,6.0
O=C(O)c1ccccc1CCCC1(O)CCN(C[C@H]2CN(CC3CCCCC3)C[C@@H]2c2ccccc2)CC1,CHEMBL103268,100.0,CHEMBL274,100.0
O=C(O)c1cccc(CCCC2(O)CCN(C[C@H]3CN(CC4CCCCC4)C[C@@H]3c3ccccc3)CC2)c1,CHEMBL318909,3.0,CHEMBL274,3.0
O=C(O)c1ccc(CCCC2(O)CCN(C[C@H]3CN(CC4CCCCC4)C[C@@H]3c3ccccc3)CC2)cc1,CHEMBL319689,10.0,CHEMBL274,10.0
OC1(CCCc2ccc(-c3nnn[nH]3)cc2)CCN(C[C@H]2CN(CC3CCCCC3)C[C@@H]2c2ccccc2)CC1,CHEMBL319593,0.2,CHEMBL274,0.2
O=C(O)[C@@H](c1ccccc1)N1C[C@H](CN2CCC(O)(CCCc3ccccc3)CC2)[C@@H](c2ccccc2)C1,CHEMBL101961,0.8,CHEMBL274,0.8
CC(C)[C@H](C(=O)O)N1C[C@H](CN2CCC(O)(CCCc3ccccc3)CC2)[C@@H](c2ccccc2)C1,CHEMBL318210,2.0,CHEMBL274,2.0
C[C@H](C(=O)O)N1C[C@H](CN2CCC(O)(CCCc3ccccc3)CC2)[C@@H](c2ccccc2)C1,CHEMBL102675,3.0,CHEMBL274,3.0
O=C(O)CN1C[C@H](CN2CCC(O)(CCCc3ccccc3)CC2)[C@@H](c2ccccc2)C1,CHEMBL102674,6.0,CHEMBL274,6.0
CC(C)[C@H](C(=O)O)N1C[C@H](CN2CCC(CCCc3ccccc3)CC2)[C@@H](c2ccccc2)C1,CHEMBL318406,0.7,CHEMBL274,0.7
O=C(O)[C@@H](C1CCCCC1)N1C[C@H](CN2CCC(c3ccc(F)cc3)CC2)[C@@H](c2ccccc2)C1,CHEMBL103782,4.0,CHEMBL274,4.0
O=C(O)[C@@H](C1CC1)N1C[C@H](CN2CCC(CCCc3ccccc3)CC2)[C@@H](c2ccccc2)C1,CHEMBL318681,3.0,CHEMBL274,3.0
O=C(O)[C@@H](CC1CC1)N1C[C@H](CN2CCC(CCCc3ccccc3)CC2)[C@@H](c2ccccc2)C1,CHEMBL316475,0.1,CHEMBL274,0.1
CCCN(c1ccccn1)C1CCN(C[C@H]2CN(C(=O)N3CCCC3)C[C@@H]2c2ccccc2)CC1,CHEMBL137524,9.0,CHEMBL274,9.0
CCCN(c1ccccn1)C1CCN(C[C@H]2CN(C(=O)C3CCC3)C[C@@H]2c2ccccc2)CC1,CHEMBL138645,10.0,CHEMBL274,10.0
CCCN(c1ccccn1)C1CCN(C[C@H]2CN(C(=O)C3CCCCC3)C[C@@H]2c2ccccc2)CC1,CHEMBL137072,12.0,CHEMBL274,12.0
C=CCN(c1cccnc1)C1CCN(C[C@H]2CN(C(=O)C3CCCCC3)C[C@@H]2c2ccccc2)CC1,CHEMBL137206,23.0,CHEMBL274,23.0
C=CCN(c1ccncc1)C1CCN(C[C@H]2CN(C(=O)C3CCCCC3)C[C@@H]2c2ccccc2)CC1,CHEMBL137650,66.0,CHEMBL274,66.0
CCCN(c1ncccn1)C1CCN(C[C@H]2CN([C@@H](C(=O)O)C3CCCCC3)C[C@@H]2c2ccccc2)CC1,CHEMBL137038,6.6,CHEMBL274,6.6
O=C(O)[C@@H](CC1CCC1)N1C[C@H](CN2CCC(CCCc3ccc(F)cc3)CC2)[C@@H](c2cccc(F)c2)C1,CHEMBL281607,0.8,CHEMBL274,0.8
O=C(O)[C@@H](CC1CCC1)N1C[C@H](CN2CCC(CCCc3ccc(C(F)(F)F)cc3)CC2)[C@@H](c2cccc(F)c2)C1,CHEMBL21147,0.2,CHEMBL274,0.2
CC(C)C[C@H](C(=O)O)N1C[C@H](CN2CCC(CCS(=O)(=O)c3ccc(F)cc3)CC2)[C@@H](c2cccc(F)c2)C1,CHEMBL470510,0.9,CHEMBL274,0.9
O=C(O)[C@@H](CC1CCC1)N1C[C@H](CN2CCC(CCSc3ccc(F)cc3)CC2)[C@@H](c2cccc(F)c2)C1,CHEMBL20345,0.1,CHEMBL274,0.1
CC(C)C[C@H](C(=O)O)N1C[C@H](CN2CCC(CCC(F)(F)c3ccc(F)cc3)CC2)[C@@H](c2cccc(F)c2)C1,CHEMBL471920,0.5,CHEMBL274,0.5
O=C(O)[C@@H](CC1CC1)N1C[C@H](CN2CCC(CCC(F)(F)c3ccc(F)cc3)CC2)[C@@H](c2cccc(F)c2)C1,CHEMBL21106,0.06,CHEMBL274,0.06
O=C(O)[C@@H](CC1CCC1)N1C[C@H](CN2CCC(CCC(F)(F)c3ccc(F)cc3)CC2)[C@@H](c2cccc(F)c2)C1,CHEMBL21117,0.3,CHEMBL274,0.3
O=C(O)[C@@H](CC1CC1)N1C[C@H](CN2CCC(CCC(O)c3ccc(F)cc3)CC2)[C@@H](c2cccc(F)c2)C1,CHEMBL20453,0.4,CHEMBL274,0.4
O=C(O)[C@@H](CC1CC1)N1C[C@H](CN2CCC(CCC(CO)c3ccc(F)cc3)CC2)[C@@H](c2cccc(F)c2)C1,CHEMBL417825,4.8,CHEMBL274,4.8
CC(O)(CCC1CCN(C[C@H]2CN([C@H](CC3CC3)C(=O)O)C[C@@H]2c2cccc(F)c2)CC1)c1ccc(F)cc1,CHEMBL20598,1.6,CHEMBL274,1.6
COC(=O)C(CCC1CCN(C[C@H]2CN([C@H](CC3CC3)C(=O)O)C[C@@H]2c2cccc(F)c2)CC1)c1ccc(F)cc1,CHEMBL283788,1.5,CHEMBL274,1.5
c1ccc(C2CCN(C[C@@H]3[C@@H](c4ccccc4)CN4O[C@H](c5ccccc5)C[C@@H]34)CC2)cc1,CHEMBL161594,30.0,CHEMBL274,30.0
CCN(C(=O)OCc1ccccc1)C1CCN(C[C@@H]2[C@@H](c3ccccc3)CN3O[C@H](c4ccccc4)C[C@@H]23)CC1,CHEMBL158438,46.0,CHEMBL274,46.0
c1ccc(C2CCN(C[C@@H]3[C@@H](c4ccccc4)CN4OC5(CCCCC5)C[C@@H]34)CC2)cc1,CHEMBL539943,33.0,CHEMBL274,33.0
CCN(C(=O)OCc1ccccc1)C1CCN(C[C@@H]2[C@@H](c3ccccc3)CN3OC4(CCCCC4)C[C@@H]23)CC1,CHEMBL161480,86.0,CHEMBL274,86.0
C=CCN(C(=O)OCc1ccc([N+](=O)[O-])cc1)C1CCN(C[C@@H]2[C@@H](c3ccccc3)CN3OC4(CCCCC4)C[C@@H]23)CC1,CHEMBL157983,14.0,CHEMBL274,14.0
O=C(O)[C@@H](C1CCCCC1)N1C[C@H](CN2CCC(c3cc(-c4ccccc4)no3)CC2)[C@@H](c2ccccc2)C1,CHEMBL511806,18.1,CHEMBL274,18.1
O=C(O)[C@@H](C1CCCCC1)N1C[C@H](CN2CCC(c3nocc3-c3ccccc3)CC2)[C@@H](c2ccccc2)C1,CHEMBL470507,27.0,CHEMBL274,27.0
O=C(O)[C@@H](C1CCCCC1)N1C[C@H](CN2CCC(c3nc(-c4ccccc4)c[nH]3)CC2)[C@@H](c2ccccc2)C1,CHEMBL471722,23.0,CHEMBL274,23.0
O=C(O)[C@@H](C1CCCCC1)N1C[C@H](CN2CCC(c3cnc(-c4ccccc4)[nH]3)CC2)[C@@H](c2ccccc2)C1,CHEMBL511154,6.2,CHEMBL274,6.2
O=C(O)[C@@H](C1CCCCC1)N1C[C@H](CN2CCC(c3ncc(Cc4ccccc4)s3)CC2)[C@@H](c2ccccc2)C1,CHEMBL511494,2.0,CHEMBL274,2.0
O=C(O)[C@@H](C1CCCCC1)N1C[C@H](CN2CCC(c3cnc(Cc4ccccc4)s3)CC2)[C@@H](c2ccccc2)C1,CHEMBL480503,0.29,CHEMBL274,0.29
O=C(O)[C@@H](CC1CC1)N1C[C@H](CN2CCC(c3cnc(Cc4ccccc4)o3)CC2)[C@@H](c2ccccc2)C1,CHEMBL480504,1.6,CHEMBL274,1.6
O=C(O)[C@@H](CC1CCC1)N1C[C@H](CN2CCC(c3cnc(Cc4ccccc4)o3)CC2)[C@@H](c2ccccc2)C1,CHEMBL480693,0.34,CHEMBL274,0.34
O=C(O)[C@@H](CC1CC1)N1C[C@H](CN2CCC(c3cnc(Cc4ccccc4)s3)CC2)[C@@H](c2ccccc2)C1,CHEMBL520091,0.23,CHEMBL274,0.23
CCc1nc(Cc2ccccc2)oc1C1CCN(C[C@H]2CN([C@H](CC3CCC3)C(=O)O)C[C@@H]2c2ccccc2)CC1,CHEMBL449758,0.89,CHEMBL274,0.89
CCc1nc(Cc2ccccc2)sc1C1CCN(C[C@H]2CN([C@H](CC3CCC3)C(=O)O)C[C@@H]2c2ccccc2)CC1,CHEMBL471251,0.76,CHEMBL274,0.76
CCc1nc(Cc2ccccc2)sc1C1CCN(C[C@H]2CN([C@H](CC(C)C)C(=O)O)C[C@@H]2c2ccccc2)CC1,CHEMBL480890,1.0,CHEMBL274,1.0
O=C(O)[C@@H](C1CCCCC1)N1C[C@H](CN2CCC(n3c(=O)[nH]c4ccccc43)CC2)[C@@H](c2ccccc2)C1,CHEMBL195199,63.0,CHEMBL274,63.0
O=C(O)[C@@H](C1CCCCC1)N1C[C@H](CN2CCC(n3cnc4ncccc43)CC2)[C@@H](c2ccccc2)C1,CHEMBL195930,23.0,CHEMBL274,23.0
O=C(O)[C@@H](C1CCCCC1)N1C[C@H](CN2CCC(n3cnc4cccnc43)CC2)[C@@H](c2ccccc2)C1,CHEMBL436290,2.8,CHEMBL274,2.8
O=C(O)[C@@H](CC1CCC1)N1C[C@H](CN2CCC(c3ncc4ccccn34)CC2)[C@@H](c2cccc(F)c2)C1,CHEMBL470512,13.0,CHEMBL274,13.0
O=C(O)[C@@H](CC1CCC1)N1C[C@H](CN2CCC(c3cnc4ncccn34)CC2)[C@@H](c2cccc(F)c2)C1,CHEMBL472798,3.5,CHEMBL274,3.5
O=C(O)[C@@H](CC1CCC1)N1C[C@H](CN2CCC(c3cn4ccncc4n3)CC2)[C@@H](c2cccc(F)c2)C1,CHEMBL472799,29.0,CHEMBL274,29.0
O=C(O)[C@@H](CC1CCC1)N1C[C@H](CN2CCC(c3cn4cccnc4n3)CC2)[C@@H](c2cccc(F)c2)C1,CHEMBL516027,200.0,CHEMBL274,200.0
CCn1nc(Cc2ccccc2)cc1C1CCN(C[C@H]2CN([C@@H](C(=O)O)C3CCCCC3)C[C@@H]2c2ccccc2)CC1,CHEMBL353331,1.2,CHEMBL274,1.2
CCn1nc(Cc2ccccc2)cc1C1CCN(C[C@H]2CN([C@H](CC3CC3)C(=O)O)C[C@@H]2c2cccc(F)c2)CC1,CHEMBL175327,1.2,CHEMBL274,1.2
CCn1nc(Cc2ccccc2)cc1C1CCN(C[C@H]2CN([C@@H](C(=O)O)C(C)C)C[C@@H]2c2cccc(F)c2)CC1,CHEMBL174304,1.5,CHEMBL274,1.5
CCn1ncc(Cc2ccccc2)c1C1CCN(C[C@H]2CN([C@@H](C(=O)O)C3CCCCC3)C[C@@H]2c2ccccc2)CC1,CHEMBL368265,3.0,CHEMBL274,3.0
CCn1cc(Cc2ccccc2)c(C2CCN(C[C@H]3CN([C@@H](C(=O)O)C4CCCCC4)C[C@@H]3c3ccccc3)CC2)n1,CHEMBL170987,20.0,CHEMBL274,20.0
CCn1cc(CCc2ccccc2)c(C2CCN(C[C@H]3CN([C@@H](C(=O)O)C4CCCCC4)C[C@@H]3c3ccccc3)CC2)n1,CHEMBL366626,2.3,CHEMBL274,2.3
O=C(O)[C@@H](C1CCCCC1)N1C[C@H](CN2CCC(c3cc(Cc4ccccc4)n[nH]3)CC2)[C@@H](c2ccccc2)C1,CHEMBL172659,2.2,CHEMBL274,2.2
Cn1nc(Cc2ccccc2)cc1C1CCN(C[C@H]2CN([C@@H](C(=O)O)C3CCCCC3)C[C@@H]2c2ccccc2)CC1,CHEMBL176392,4.2,CHEMBL274,4.2
O=C(O)[C@@H](C1CCCCC1)N1C[C@H](CN2CCC(c3cc(Cc4ccccc4)no3)CC2)[C@@H](c2ccccc2)C1,CHEMBL511634,0.8,CHEMBL274,0.8
O=C(O)[C@@H](C1CCCCC1)N1C[C@H](CN2CCC(c3cc(Cc4ccccc4)on3)CC2)[C@@H](c2ccccc2)C1,CHEMBL471542,1.2,CHEMBL274,1.2
CCn1nc(-c2ccccc2)cc1C1CCN(C[C@H]2CN([C@@H](C(=O)O)C3CCCCC3)C[C@@H]2c2ccccc2)CC1,CHEMBL366450,22.0,CHEMBL274,22.0
CCn1nc(-c2ccc(C#N)cc2)cc1C1CCN(C[C@H]2CN([C@@H](C(=O)O)C3CCCCC3)C[C@@H]2c2ccccc2)CC1,CHEMBL172761,16.0,CHEMBL274,16.0
CCn1nc(-c2ccc(CN)cc2)cc1C1CCN(C[C@H]2CN([C@@H](C(=O)O)C3CCCCC3)C[C@@H]2c2ccccc2)CC1,CHEMBL368757,122.0,CHEMBL274,122.0
O=C(O)[C@@H](C1CCCCC1)N1C[C@H](CN2CCC(c3cc(C(F)(F)c4ccccc4)n[nH]3)CC2)[C@@H](c2ccccc2)C1,CHEMBL499483,2.1,CHEMBL274,2.1
CCn1nc(C(C)(C)c2ccccc2)cc1C1CCN(C[C@H]2CN([C@@H](C(=O)O)C3CCCCC3)C[C@@H]2c2ccccc2)CC1,CHEMBL465416,6.9,CHEMBL274,6.9
OC1(CCCc2ccccn2)CCN(C[C@H]2CN(CC3CCCCC3)C[C@@H]2c2ccccc2)CC1,CHEMBL323370,7.0,CHEMBL274,7.0
O=C(O)Cc1cccc(CCCC2(O)CCN(C[C@H]3CN(CC4CCCCC4)C[C@@H]3c3ccccc3)CC2)c1,CHEMBL432596,6.0,CHEMBL274,6.0
O=C(O)Cc1ccc(CCCC2(O)CCN(C[C@H]3CN(CC4CCCCC4)C[C@@H]3c3ccccc3)CC2)cc1,CHEMBL100336,5.0,CHEMBL274,5.0
Cn1nnc(-c2ccc(CCCC3(O)CCN(C[C@H]4CN(CC5CCCCC5)C[C@@H]4c4ccccc4)CC3)cc2)n1,CHEMBL464132,0.4,CHEMBL274,0.4
C=C(Cc1ccccc1)[C@@H](C1CCCCC1)N1C[C@H](CN2CCC(O)(CCCc3ccccc3)CC2)[C@@H](c2ccccc2)C1,CHEMBL468150,3.6,CHEMBL274,3.6
COC(=O)[C@@H](C1CCCCC1)N1C[C@H](CN2CCC(O)(CCCc3ccccc3)CC2)[C@@H](c2ccccc2)C1,CHEMBL99788,1.0,CHEMBL274,1.0
COC(=O)[C@H](C1CCCCC1)N1C[C@H](CN2CCC(O)(CCCc3ccccc3)CC2)[C@@H](c2ccccc2)C1,CHEMBL100958,4.0,CHEMBL274,4.0
O=C(O)[C@H](C1CCCCC1)N1C[C@H](CN2CCC(O)(CCCc3ccccc3)CC2)[C@@H](c2ccccc2)C1,CHEMBL100596,5.0,CHEMBL274,5.0
CC(C)[C@H](C(=O)O)N1C[C@H](CN2CCC(c3ccc(F)cc3)CC2)[C@@H](c2ccccc2)C1,CHEMBL322693,36.0,CHEMBL274,36.0
O=C(O)[C@@H](C1CCCC1)N1C[C@H](CN2CCC(CCCc3ccccc3)CC2)[C@@H](c2ccccc2)C1,CHEMBL99909,0.2,CHEMBL274,0.2
C=CCN(c1ncccn1)C1CCN(C[C@H]2CN(C(=O)C3CCCCC3)C[C@@H]2c2ccccc2)CC1,CHEMBL135432,12.0,CHEMBL274,12.0
CCCN(c1cccnc1)C1CCN(C[C@H]2CN([C@@H](C(=O)O)C3CCCCC3)C[C@@H]2c2ccccc2)CC1,CHEMBL137728,5.0,CHEMBL274,5.0
CCCN(c1ncccn1)C1CCN(C[C@H]2CN([C@H](CC3CCC3)C(=O)O)C[C@@H]2c2cccc(F)c2)CC1,CHEMBL428104,1.8,CHEMBL274,1.8
CC(C)C[C@H](C(=O)O)N1C[C@H](CN2CCC(CCSc3ccc(F)cc3)CC2)[C@@H](c2cccc(F)c2)C1,CHEMBL471909,0.8,CHEMBL274,0.8
O=C(O)[C@@H](CC1CCC1)N1C[C@H](CN2CCC(CCC(F)(F)c3ccc(F)cc3)CC2)[C@@H](c2ccccc2)C1,CHEMBL20622,0.2,CHEMBL274,0.2
O=C(O)[C@@H](CC1CCCCC1)N1C[C@H](CN2CCC(CCC(F)(F)c3ccc(F)cc3)CC2)[C@@H](c2ccccc2)C1,CHEMBL455073,0.3,CHEMBL274,0.3
O=C(O)[C@@H](CC1CC1)N1C[C@H](CN2CCC(CCC(OCCO)c3ccc(F)cc3)CC2)[C@@H](c2cccc(F)c2)C1,CHEMBL504250,3.7,CHEMBL274,3.7
O=C(O)[C@@H](C1CCCCC1)N1C[C@H](CN2CCC(c3cnc(Cc4ccccc4)[nH]3)CC2)[C@@H](c2ccccc2)C1,CHEMBL520755,0.67,CHEMBL274,0.67
O=C(O)[C@@H](C1CCCCC1)N1C[C@H](CN2CCC(c3csc(Cc4ccccc4)n3)CC2)[C@@H](c2ccccc2)C1,CHEMBL481080,1.3,CHEMBL274,1.3
O=C(O)[C@@H](C1CCCCC1)N1C[C@H](CN2CCC(c3ncc(Cc4ccccc4)o3)CC2)[C@@H](c2ccccc2)C1,CHEMBL481274,1.5,CHEMBL274,1.5
CC(C)[C@H](C(=O)O)N1C[C@H](CN2CCC(c3cnc(Cc4ccccc4)[nH]3)CC2)[C@@H](c2ccccc2)C1,CHEMBL471765,7.0,CHEMBL274,7.0
CC(C)[C@H](C(=O)O)N1C[C@H](CN2CCC(c3cnc(Cc4ccccc4)o3)CC2)[C@@H](c2ccccc2)C1,CHEMBL471766,3.8,CHEMBL274,3.8
CC(C)[C@H](C(=O)O)N1C[C@H](CN2CCC(c3cnc(Cc4ccccc4)s3)CC2)[C@@H](c2ccccc2)C1,CHEMBL513564,0.51,CHEMBL274,0.51
O=C(O)[C@@H](CC1CCC1)N1C[C@H](CN2CCC(c3cnc(Cc4ccccc4)s3)CC2)[C@@H](c2ccccc2)C1,CHEMBL511493,0.23,CHEMBL274,0.23
CCc1nc(Cc2ccccc2)[nH]c1C1CCN(C[C@H]2CN([C@H](CC3CCC3)C(=O)O)C[C@@H]2c2ccccc2)CC1,CHEMBL500631,0.57,CHEMBL274,0.57
O=C(O)[C@@H](CC1CCC1)N1C[C@H](CN2CCC(c3[nH]c(Cc4ccccc4)nc3Cl)CC2)[C@@H](c2ccccc2)C1,CHEMBL472412,0.6,CHEMBL274,0.6
O=C(O)[C@@H](C1CCCCC1)N1C[C@H](CN2CCC(n3cnc4ccccc43)CC2)[C@@H](c2ccccc2)C1,CHEMBL364070,2.5,CHEMBL274,2.5
O=C(O)[C@@H](CC1CCC1)N1C[C@H](CN2CCC(c3nnc4ccccn34)CC2)[C@@H](c2cccc(F)c2)C1,CHEMBL474838,12.0,CHEMBL274,12.0
O=C(O)[C@@H](CC1CCC1)N1C[C@H](CN2CCC(c3cnc4cccnn34)CC2)[C@@H](c2cccc(F)c2)C1,CHEMBL475606,3.0,CHEMBL274,3.0
O=C(O)[C@@H](CC1CCC1)N1C[C@H](CN2CCC(c3cn4ccccc4n3)CC2)[C@@H](c2cccc(F)c2)C1,CHEMBL475777,65.0,CHEMBL274,65.0
CCn1nc(Cc2ccccc2)cc1C1CCN(C[C@H]2CN([C@H](CC3CCC3)C(=O)O)C[C@@H]2c2cccc(F)c2)CC1,CHEMBL173095,1.2,CHEMBL274,1.2
CCn1nc(Cc2ccccc2)cc1C1CCN(C[C@H]2CN([C@@H](C(=O)O)C3CCC3)C[C@@H]2c2ccccc2)CC1,CHEMBL352514,1.6,CHEMBL274,1.6
CCn1nc(Cc2ccccc2)cc1C1CCN(C[C@H]2CN([C@@H](C(=O)O)C(C)(C)C)C[C@@H]2c2cccc(F)c2)CC1,CHEMBL172854,0.8,CHEMBL274,0.8
CCC(CC)[C@H](C(=O)O)N1C[C@H](CN2CCC(c3cc(Cc4ccccc4)nn3CC)CC2)[C@@H](c2cccc(F)c2)C1,CHEMBL435727,0.9,CHEMBL274,0.9
O=C(O)[C@@H](C1CCCCC1)N1C[C@H](CN2CCC(c3[nH]ncc3Cc3ccccc3)CC2)[C@@H](c2ccccc2)C1,CHEMBL353827,4.8,CHEMBL274,4.8
CCCn1nc(Cc2ccccc2)cc1C1CCN(C[C@H]2CN([C@@H](C(=O)O)C3CCCCC3)C[C@@H]2c2ccccc2)CC1,CHEMBL367421,4.6,CHEMBL274,4.6
CCCCn1nc(Cc2ccccc2)cc1C1CCN(C[C@H]2CN([C@@H](C(=O)O)C3CCCCC3)C[C@@H]2c2ccccc2)CC1,CHEMBL366536,3.0,CHEMBL274,3.0
CC(C)(c1ccccc1)c1cc(C2CCN(C[C@H]3CN([C@@H](C(=O)O)C4CCCCC4)C[C@@H]3c3ccccc3)CC2)[nH]n1,CHEMBL499793,11.5,CHEMBL274,11.5
O=C(O)[C@@H](CC1CCC1)N1C[C@H](CN2CCC(CCCc3ccccc3)CC2)[C@@H](c2cccc(F)c2)C1,CHEMBL278085,0.5,CHEMBL274,0.5
O=C(O)[C@@H](C1CCC1)N1C[C@H](CN2CCC(CCCc3ccccc3)CC2)[C@@H](c2ccccc2)C1,CHEMBL320386,0.1,CHEMBL274,0.1
C/C=C(\C)[C@@H]1CC[C@@H]2C[C@H](C)C[C@H](C)[C@H]2[C@@H]1/C(O)=C1/C(=O)N[C@H](C[C@](C)(O)C(=O)O)C1=O,CHEMBL495654,1200.0,CHEMBL274,1.2
C1=C(CS/C(=N\C2CCCCC2)NC2CCCCC2)N2CCN=C2S1,CHEMBL452864,3000.0,CHEMBL274,3000.0
Cc1ccnc(C)c1C(=O)N1CCC(N(C)C2CN(C(c3ccccc3)c3ccccc3)C2)CC1,CHEMBL517893,24.0,CHEMBL274,24.0
Cc1ccnc(C)c1C(=O)N1CCC(N2CC3CCC(C2)N3C(c2ccccc2)c2ccccc2)CC1,CHEMBL458351,313.0,CHEMBL274,313.0
Cc1ccnc(C)c1C(=O)N1CCC(N2C3CCC2CN(C(c2ccccc2)c2ccccc2)C3)CC1,CHEMBL514749,41.0,CHEMBL274,41.0
Cc1ccnc(C)c1C(=O)N1CC(N(C)C2CCN(C(c3ccccc3)c3ccccc3)CC2)C1,CHEMBL459985,102.0,CHEMBL274,102.0
Cc1ccnc(C)c1C(=O)NCCN1CCCC(CC(c2ccccc2)c2ccccc2)C1,CHEMBL459986,56.0,CHEMBL274,56.0
CC(=O)NC(c1ccccc1)C1CN(C2CCN(C(=O)c3c(C)cccc3C)CC2)C1,CHEMBL471844,2490.0,CHEMBL274,2490.0
Cc1cccc(C)c1C(=O)N1CCC(N2CCC(CNC(=O)C3CC3)(Cc3ccccc3)CC2)CC1,CHEMBL471403,145.0,CHEMBL274,145.0
Cc1cccc(C)c1C(=O)N1[C@@H]2CC[C@H]1C[C@H](N1CC[C@@H](N(Cc3ccccc3)C(=O)C3CC3)C1)C2,CHEMBL481068,1.0,CHEMBL274,1.0
Cc1cccc(C)c1C(=O)N1CCC(N2CC[C@@H](N(Cc3ccccc3)C(=O)C3CC3)C2)CC1,CHEMBL471623,1.0,CHEMBL274,1.0
Cc1cccc(C)c1C(=O)N1CCC(N2CC[C@H](N(Cc3ccccc3)C(=O)C3CC3)C2)CC1,CHEMBL470578,1230.0,CHEMBL274,1230.0
Cc1cccc(C)c1C(=O)N1CCC(N2CCC(N(Cc3ccccc3)C(=O)C3CCC3)CC2)CC1,CHEMBL472260,3.0,CHEMBL274,3.0
Cc1cccc(C)c1C(=O)N1CCC(C)(N2CCC(N(Cc3ccccc3)C(=O)C3CC3)CC2)CC1,CHEMBL472464,0.5,CHEMBL274,0.5
Cc1cccc(C)c1C(=O)N1CCC(N2CC(N(Cc3ccccc3)C(=O)C3CC3)C2)CC1,CHEMBL471218,5800.0,CHEMBL274,5800.0
Cc1cccc(C)c1C(=O)N1CCC(N2CC[C@@H](N(Cc3ccccc3)C(=O)C3CC3)C2)CC1,CHEMBL471623,8.0,CHEMBL274,8.0
CCN(C(=O)NCc1ccc(Cl)c(Cl)c1)C1CCN(C(C)C[C@H](NC(=O)C2CCC2)c2ccccc2)CC1,CHEMBL515193,0.003,CHEMBL274,0.003
CCN(C(=O)Cc1ccc(Cl)c(Cl)c1)C1CCN(C(C)C[C@H](NC(=O)C2CCC2)c2ccccc2)CC1,CHEMBL460845,0.05,CHEMBL274,0.05
CCN(C(=O)Cc1ccc(S(C)(=O)=O)cc1)C1CCN(C(C)C[C@H](NC(=O)C2CCC2)c2ccccc2)CC1,CHEMBL457043,0.07,CHEMBL274,0.07
CCN(C(=O)NCc1ccccc1)C1CCN(C(C)C[C@H](NC(=O)C2CCC2)c2ccccc2)CC1,CHEMBL461687,0.16,CHEMBL274,0.16
Cc1nnc(C(C)C)n1[C@H]1C[C@H]2CC[C@@H](C1)N2CC[C@H](NC(=O)C1CCC(F)(F)CC1)c1ccccc1,CHEMBL256907,0.2,CHEMBL274,0.2
CCN(C(=O)Cc1ccc(Cl)cc1)C1CCN(C(C)C[C@H](NC(=O)C2CCC2)c2ccccc2)CC1,CHEMBL459384,0.34,CHEMBL274,0.34
CCN(C(=O)Cc1ccc(C(F)(F)F)cc1)C1CCN(C(C)C[C@H](NC(=O)C2CCC2)c2ccccc2)CC1,CHEMBL456226,0.48,CHEMBL274,0.48
CCN(C(=O)Cc1ccc(F)cc1)C1CCN(C(C)C[C@H](NC(=O)C2CCC2)c2ccccc2)CC1,CHEMBL461690,0.94,CHEMBL274,0.94
CCN(C(=O)Cc1cccc(Cl)c1)C1CCN(C(C)C[C@H](NC(=O)C2CCC2)c2ccccc2)CC1,CHEMBL457044,1.54,CHEMBL274,1.54
Cc1nnc(C(C)C)n1C1CCN(C(C)C[C@H](NC(=O)C2CCC2)c2ccccc2)CC1,CHEMBL469724,2.0,CHEMBL274,2.0
CCN(C(=O)Cc1ccc(Cl)cc1Cl)C1CCN(C(C)C[C@H](NC(=O)C2CCC2)c2ccccc2)CC1,CHEMBL457960,2.33,CHEMBL274,2.33
CCN(C(=O)OCc1ccccc1)C1CCN(C(C)C[C@H](NC(=O)C2CCC2)c2ccccc2)CC1,CHEMBL461689,3.16,CHEMBL274,3.16
CCN(C(=O)Oc1ccc(Cl)cc1)C1CCN(C(C)C[C@H](NC(=O)C2CCC2)c2ccccc2)CC1,CHEMBL459567,3.4,CHEMBL274,3.4
CCN(C(=O)Oc1ccc(F)cc1)C1CCN(C(C)C[C@H](NC(=O)C2CCC2)c2ccccc2)CC1,CHEMBL518640,3.63,CHEMBL274,3.63
CCN(C(=O)Cc1ccc(C)cc1)C1CCN(C(C)C[C@H](NC(=O)C2CCC2)c2ccccc2)CC1,CHEMBL458157,3.76,CHEMBL274,3.76
CCN(C(=O)c1ccc(F)cc1)C1CCN(C(C)C[C@H](NC(=O)C2CCC2)c2ccccc2)CC1,CHEMBL460628,4.83,CHEMBL274,4.83
CCN(C(=O)Cc1ccc(OC)cc1)C1CCN(C(C)C[C@H](NC(=O)C2CCC2)c2ccccc2)CC1,CHEMBL518794,5.0,CHEMBL274,5.0
Cc1nnc(C(C)C)n1C1CCN(CC[C@H](NC(=O)C2CCC(F)(F)CC2)c2ccccc2)CC1,CHEMBL459571,7.5,CHEMBL274,7.5
CCN(C(=O)Cc1ccccc1)C1CCN(C(C)C[C@H](NC(=O)C2CCC2)c2ccccc2)CC1,CHEMBL514410,13.4,CHEMBL274,13.4
CCN(C(=O)Cc1ccc(OC)cc1)[C@H]1C[C@H]2CC[C@@H](C1)N2CC[C@H](NC(=O)C1CCC1)c1ccccc1,CHEMBL456019,14.0,CHEMBL274,14.0
CCN(C(=O)Cc1ccccc1OC)C1CCN(C(C)C[C@H](NC(=O)C2CCC2)c2ccccc2)CC1,CHEMBL456224,17.9,CHEMBL274,17.9
Cc1noc(C2CCN(C(C)C[C@H](NC(=O)C3CCC3)c3ccccc3)CC2)n1,CHEMBL459599,21.4,CHEMBL274,21.4
CCN(C(=O)c1ccc(Cl)cc1)C1CCN(C(C)C[C@H](NC(=O)C2CCC2)c2ccccc2)CC1,CHEMBL460629,25.3,CHEMBL274,25.3
CCN(C(=O)c1ccc(Cl)c(Cl)c1)C1CCN(C(C)C[C@H](NC(=O)C2CCC2)c2ccccc2)CC1,CHEMBL459378,33.7,CHEMBL274,33.7
Cc1nnc(C)n1C1CCN(C(C)C[C@H](NC(=O)C2CCC2)c2ccccc2)CC1,CHEMBL469542,37.5,CHEMBL274,37.5
COc1ccc(CC(=O)NC2CCN(CC[C@H](NC(=O)C3CCC3)c3ccccc3)CC2)cc1,CHEMBL460630,48.0,CHEMBL274,48.0
CCN(C(=O)c1ccc(OC)cc1)C1CCN(C(C)C[C@H](NC(=O)C2CCC2)c2ccccc2)CC1,CHEMBL518326,64.4,CHEMBL274,64.4
CCN(C(=O)c1ccccc1)C1CCN(C(C)C[C@H](NC(=O)C2CCC2)c2ccccc2)CC1,CHEMBL460008,73.5,CHEMBL274,73.5
CC(C)c1noc(C2CCN(C(C)C[C@H](NC(=O)C3CCC3)c3ccccc3)CC2)n1,CHEMBL459600,94.6,CHEMBL274,94.6
CC(C[C@H](NC(=O)C1CCC1)c1ccccc1)N1CCC(c2[nH]ncc2-c2ccncc2)CC1,CHEMBL460217,382.0,CHEMBL274,382.0
CC(C[C@H](NC(=O)C1CCC1)c1ccccc1)N1CCC(c2nnc(CN(C)C)o2)CC1,CHEMBL459598,540.0,CHEMBL274,540.0
Cc1nnc(C2CCN(C(C)C[C@H](NC(=O)C3CCC3)c3ccccc3)CC2)o1,CHEMBL516939,1849.0,CHEMBL274,1849.0
CC(C[C@H](NC(=O)C1CCC1)c1ccccc1)N1CCC(n2cc(-c3ccccc3)[nH]c2=O)CC1,CHEMBL460009,2310.0,CHEMBL274,2310.0
CCN(C(=O)N(C)c1ccccc1)C1CCN(C(C)C[C@H](NC(=O)C2CCC2)c2ccccc2)CC1,CHEMBL461688,6430.0,CHEMBL274,6430.0
CC(=O)N1CCC(CCN2C[C@@H]3CN(C(=O)c4c(C)ncnc4C)C[C@@H]3C2)(c2cccc(F)c2)CC1,CHEMBL604375,500.0,CHEMBL274,500.0
CC(=O)N1CCC(CCN2C[C@@H]3CN(C(=O)c4c(C)ncnc4C)C[C@@H]3C2)(c2cccc(F)c2)CC1,CHEMBL604375,2500.0,CHEMBL274,2500.0
Cc1ncnc(C)c1C(=O)N1C[C@H]2CN(CCC3(c4cccc(F)c4)CCN(C(=O)C(C)C)CC3)C[C@H]2C1,CHEMBL596299,102.0,CHEMBL274,102.0
Cc1ncnc(C)c1C(=O)N1C[C@H]2CN(CCC3(c4cccc(F)c4)CCN(C(=O)C(C)C)CC3)C[C@H]2C1,CHEMBL596299,160.0,CHEMBL274,160.0
Cc1ncnc(C)c1C(=O)N1C[C@H]2CN(CCC3(c4cccc(F)c4)CCN(C(=O)C(C)(C)C)CC3)C[C@H]2C1,CHEMBL595760,59.0,CHEMBL274,59.0
Cc1ncnc(C)c1C(=O)N1C[C@H]2CN(CCC3(c4cccc(F)c4)CCN(C(=O)C(C)(C)C)CC3)C[C@H]2C1,CHEMBL595760,129.0,CHEMBL274,129.0
Cc1ncnc(C)c1C(=O)N1C[C@H]2CN(CCC3(c4cccc(F)c4)CCN(C(=O)CC(C)(C)C)CC3)C[C@H]2C1,CHEMBL595559,339.0,CHEMBL274,339.0
Cc1ncnc(C)c1C(=O)N1C[C@H]2CN(CCC3(c4cccc(F)c4)CCN(C(=O)C(C)(C)CO)CC3)C[C@H]2C1,CHEMBL595570,167.0,CHEMBL274,167.0
Cc1ncnc(C)c1C(=O)N1C[C@H]2CN(CCC3(c4cccc(F)c4)CCN(C(=O)C(C)(C)CO)CC3)C[C@H]2C1,CHEMBL595570,1000.0,CHEMBL274,1000.0
Cc1cc(C#N)nc(C)c1C(=O)N1C[C@H]2CN(CCC3(c4cccc(F)c4)CCN(C(=O)C(C)(C)C)CC3)C[C@H]2C1,CHEMBL595584,15.0,CHEMBL274,15.0
Cc1cc(C#N)nc(C)c1C(=O)N1C[C@H]2CN(CCC3(c4cccc(F)c4)CCN(C(=O)C(C)(C)C)CC3)C[C@H]2C1,CHEMBL595584,37.0,CHEMBL274,37.0
Cc1ncnc(C)c1C(=O)N1C[C@H]2CN(CCC3(c4ccccc4)CCN(C(=O)C4CCCC4)C3)C[C@H]2C1,CHEMBL596519,116.0,CHEMBL274,116.0
Cc1ncnc(C)c1C(=O)N1C[C@H]2CN(CCC3(c4ccccc4)CCN(C(=O)C4CCCC4)C3)C[C@H]2C1,CHEMBL596519,361.0,CHEMBL274,361.0
Cc1cc(C#N)nc(C)c1C(=O)N1C[C@H]2CN(CCC3(c4ccccc4)CCN(C(=O)C4CCCC4)C3)C[C@H]2C1,CHEMBL595610,46.0,CHEMBL274,46.0
Cc1cc(C#N)nc(C)c1C(=O)N1C[C@H]2CN(CCC3(c4ccccc4)CCN(C(=O)C4CCCC4)C3)C[C@H]2C1,CHEMBL595610,85.0,CHEMBL274,85.0
Cc1ncnc(C)c1C(=O)N1C[C@H]2CN(CCC3(c4ccccc4)CCN(C(=O)C(C)(C)C)C3)C[C@H]2C1,CHEMBL594914,242.0,CHEMBL274,242.0
Cc1ncnc(C)c1C(=O)N1C[C@H]2CN(CCC3(c4ccccc4)CCN(C(=O)C(C)(C)C)C3)C[C@H]2C1,CHEMBL594914,1943.0,CHEMBL274,1943.0
Cc1cc(C#N)nc(C)c1C(=O)N1C[C@H]2CN(CCC3(c4ccccc4)CCN(C(=O)C(C)(C)C)C3)C[C@H]2C1,CHEMBL595902,69.0,CHEMBL274,69.0
Cc1cc(C#N)nc(C)c1C(=O)N1C[C@H]2CN(CCC3(c4ccccc4)CCN(C(=O)C(C)(C)C)C3)C[C@H]2C1,CHEMBL595902,360.0,CHEMBL274,360.0
Cc1ncnc(C)c1C(=O)N1C[C@H]2CN(CCC3(c4ccccc4)CN(C(=O)C4CCCC4)C3)C[C@H]2C1,CHEMBL596081,67.0,CHEMBL274,67.0
Cc1ncnc(C)c1C(=O)N1C[C@H]2CN(CCC3(c4ccccc4)CN(C(=O)C4CCCC4)C3)C[C@H]2C1,CHEMBL596081,65.0,CHEMBL274,65.0
Cc1ncnc(C)c1C(=O)N1C[C@H]2CN(CCC3(c4ccccc4)CN(C(=O)CC4CCCC4)C3)C[C@H]2C1,CHEMBL603325,28.0,CHEMBL274,28.0
Cc1ncnc(C)c1C(=O)N1C[C@H]2CN(CCC3(c4ccccc4)CN(C(=O)CC4CCCC4)C3)C[C@H]2C1,CHEMBL603325,136.0,CHEMBL274,136.0
Cc1ncnc(C)c1C(=O)N1C[C@H]2CN(CCC3(c4ccccc4)CN(C(=O)C4CCOC4)C3)C[C@H]2C1,CHEMBL604070,55.0,CHEMBL274,55.0
Cc1ncnc(C)c1C(=O)N1C[C@H]2CN(CCC3(c4ccccc4)CN(C(=O)C4CCOC4)C3)C[C@H]2C1,CHEMBL604070,559.0,CHEMBL274,559.0
Cc1ncnc(C)c1C(=O)N1C[C@H]2CN(CCC3(c4ccccc4)CN(C(=O)C(C)(C)C)C3)C[C@H]2C1,CHEMBL605727,27.0,CHEMBL274,27.0
Cc1ncnc(C)c1C(=O)N1C[C@H]2CN(CCC3(c4ccccc4)CN(C(=O)C(C)(C)C)C3)C[C@H]2C1,CHEMBL605727,186.0,CHEMBL274,186.0
Cc1ncnc(C)c1C(=O)N1C[C@H]2CN(CCC3(c4ccccc4)CN(C(=O)C(C)(C)CO)C3)C[C@H]2C1,CHEMBL604680,56.0,CHEMBL274,56.0
Cc1ncnc(C)c1C(=O)N1C[C@H]2CN(CCC3(c4ccccc4)CN(C(=O)C(C)(C)CO)C3)C[C@H]2C1,CHEMBL604680,310.0,CHEMBL274,310.0
Cc1ncnc(C)c1C(=O)N1C[C@H]2CN(CCC3(c4ccccc4)CN(S(=O)(=O)C4CCCC4)C3)C[C@H]2C1,CHEMBL594208,27.0,CHEMBL274,27.0
Cc1ncnc(C)c1C(=O)N1C[C@H]2CN(CCC3(c4ccccc4)CN(S(=O)(=O)C4CCCC4)C3)C[C@H]2C1,CHEMBL594208,458.0,CHEMBL274,458.0
Cc1ncnc(C)c1C(=O)N1C[C@H]2CN(CCC3(c4ccccc4)CN(C(=O)C4CCC(F)(F)CC4)C3)C[C@H]2C1,CHEMBL592940,28.0,CHEMBL274,28.0
Cc1ncnc(C)c1C(=O)N1C[C@H]2CN(CCC3(c4ccccc4)CN(C(=O)C4CCC(F)(F)CC4)C3)C[C@H]2C1,CHEMBL592940,10.0,CHEMBL274,10.0
Cc1ncnc(C)c1C(=O)N1C[C@H]2CN(CCC3(c4ccccc4)CN(C(=O)C4CC(F)(F)C4)C3)C[C@H]2C1,CHEMBL593520,30.0,CHEMBL274,30.0
Cc1ncnc(C)c1C(=O)N1C[C@H]2CN(CCC3(c4ccccc4)CN(C(=O)C4CC(F)(F)C4)C3)C[C@H]2C1,CHEMBL593520,93.0,CHEMBL274,93.0
Cc1nc(C(F)(F)F)nc(C)c1C(=O)N1C[C@H]2CN(CCC3(c4ccccc4)CN(C(=O)C4CCOC4)C3)C[C@H]2C1,CHEMBL593184,38.0,CHEMBL274,38.0
Cc1nc(C(F)(F)F)nc(C)c1C(=O)N1C[C@H]2CN(CCC3(c4ccccc4)CN(C(=O)C4CCOC4)C3)C[C@H]2C1,CHEMBL593184,92.0,CHEMBL274,92.0
Cc1nc(C(F)(F)F)nc(C)c1C(=O)N1C[C@H]2CN(CCC3(c4ccccc4)CN(C(=O)C4CCC(F)(F)CC4)C3)C[C@H]2C1,CHEMBL592993,30.0,CHEMBL274,30.0
Cc1nc(C(F)(F)F)nc(C)c1C(=O)N1C[C@H]2CN(CCC3(c4ccccc4)CN(C(=O)C4CCC(F)(F)CC4)C3)C[C@H]2C1,CHEMBL592993,5.0,CHEMBL274,5.0
Cc1nc(C(F)(F)F)nc(C)c1C(=O)N1C[C@H]2CN(CCC3(c4ccccc4)CN(C(=O)C4CC(F)(F)C4)C3)C[C@H]2C1,CHEMBL593195,66.0,CHEMBL274,66.0
Cc1nc(C(F)(F)F)nc(C)c1C(=O)N1C[C@H]2CN(CCC3(c4ccccc4)CN(C(=O)C4CC(F)(F)C4)C3)C[C@H]2C1,CHEMBL593195,168.0,CHEMBL274,168.0
Cc1ccnc(C)c1C(=O)N1C[C@H]2CN(CCC3(c4ccccc4)CN(C(=O)C4CCC(F)(F)CC4)C3)C[C@H]2C1,CHEMBL592997,38.0,CHEMBL274,38.0
Cc1ccnc(C)c1C(=O)N1C[C@H]2CN(CCC3(c4ccccc4)CN(C(=O)C4CCC(F)(F)CC4)C3)C[C@H]2C1,CHEMBL592997,15.0,CHEMBL274,15.0
Cc1ccnc(C)c1C(=O)N1C[C@H]2CN(CCC3(c4ccccc4)CN(C(=O)C4CC(F)(F)C4)C3)C[C@H]2C1,CHEMBL596523,60.0,CHEMBL274,60.0
Cc1ccnc(C)c1C(=O)N1C[C@H]2CN(CCC3(c4ccccc4)CN(C(=O)C4CC(F)(F)C4)C3)C[C@H]2C1,CHEMBL596523,53.0,CHEMBL274,53.0
Cc1cc(C#N)nc(C)c1C(=O)N1C[C@H]2CN(CCC3(c4ccccc4)CN(C(=O)C4CCC(F)(F)CC4)C3)C[C@H]2C1,CHEMBL593027,17.0,CHEMBL274,17.0
Cc1cc(C#N)nc(C)c1C(=O)N1C[C@H]2CN(CCC3(c4ccccc4)CN(C(=O)C4CCC(F)(F)CC4)C3)C[C@H]2C1,CHEMBL593027,0.3,CHEMBL274,0.3
Cc1cc(C#N)nc(C)c1C(=O)N1C[C@H]2CN(CCC3(c4ccccc4)CN(C(=O)C4CC(F)(F)C4)C3)C[C@H]2C1,CHEMBL593042,24.0,CHEMBL274,24.0
Cc1cc(C#N)nc(C)c1C(=O)N1C[C@H]2CN(CCC3(c4ccccc4)CN(C(=O)C4CC(F)(F)C4)C3)C[C@H]2C1,CHEMBL593042,1.0,CHEMBL274,1.0
Cc1cc(C(F)(F)F)nc(C)c1C(=O)N1C[C@H]2CN(CCC3(c4ccccc4)CN(C(=O)C4CCC(F)(F)CC4)C3)C[C@H]2C1,CHEMBL593046,21.0,CHEMBL274,21.0
Cc1cc(C(F)(F)F)nc(C)c1C(=O)N1C[C@H]2CN(CCC3(c4ccccc4)CN(C(=O)C4CCC(F)(F)CC4)C3)C[C@H]2C1,CHEMBL593046,2.0,CHEMBL274,2.0
Cc1cc(C(F)(F)F)nc(C)c1C(=O)N1C[C@H]2CN(CCC3(c4ccccc4)CN(C(=O)C4CC(F)(F)C4)C3)C[C@H]2C1,CHEMBL593080,22.0,CHEMBL274,22.0
Cc1cc(C(F)(F)F)nc(C)c1C(=O)N1C[C@H]2CN(CCC3(c4ccccc4)CN(C(=O)C4CC(F)(F)C4)C3)C[C@H]2C1,CHEMBL593080,3.0,CHEMBL274,3.0
CCCCN1C(=O)C(CC2CCCCC2)NC(=O)C12CCN(Cc1ccc(Oc3ccccc3)cc1)CC2.Cl,CHEMBL536743,28.0,CHEMBL274,28.0
CCCCN1C(=O)C(CC(C)C)NC(=O)C12CCN(Cc1ccc(Oc3ccccc3)cc1)CC2.Cl,CHEMBL537424,94.0,CHEMBL274,94.0
CCCCN1C(=O)C(CC2CCCCC2)NC(=O)C12CCN(Cc1ccc3c(c1)OCCO3)CC2.Cl,CHEMBL556798,50.0,CHEMBL274,50.0
CCCCN1C(=O)C(CC(C)C)NC(=O)C12CCN(Cc1ccc3c(c1)OCCO3)CC2.Cl,CHEMBL540366,180.0,CHEMBL274,180.0
CCCCN1C(=O)C(CC(C)C)NC(=O)C12CCN(Cc1ccccc1)CC2.Cl,CHEMBL557199,900.0,CHEMBL274,900.0
CCCCN1C(=O)C(CC2CCCCC2)NC(=O)C12CCN(Cc1ccc(OC)cc1)CC2.Cl,CHEMBL557015,120.0,CHEMBL274,120.0
CCCCN1C(=O)[C@H](CC2CCCCC2)NC(=O)C12CCN(CCc1cccc(Sc3ccccc3)c1)CC2.Cl,CHEMBL596165,170.0,CHEMBL274,170.0
CCCCN1C(=O)[C@H](CC2CCCCC2)NC(=O)C12CCN(CCc1cccc(S(=O)(=O)c3ccccc3)c1)CC2.Cl,CHEMBL592918,86.0,CHEMBL274,86.0
CCCCN1C(=O)[C@H](CC2CCCCC2)NC(=O)C12CCN(CCc1cccc(Oc3ccc(C)cc3)c1)CC2.Cl,CHEMBL593204,79.0,CHEMBL274,79.0
CCCCN1C(=O)[C@H](CC2CCCCC2)NC(=O)C12CCN(CCc1cccc(Oc3ccc(OC)cc3)c1)CC2.Cl,CHEMBL593177,130.0,CHEMBL274,130.0
CCCCN1C(=O)[C@H](CC2CCCCC2)NC(=O)C12CCN(CCc1cccc(Oc3ccc(O)cc3)c1)CC2.Cl,CHEMBL592944,42.0,CHEMBL274,42.0
CCCCN1C(=O)[C@H](CC2CCCCC2)NC(=O)C12CCN(CCc1cccc(Oc3ccc(F)cc3)c1)CC2.Cl,CHEMBL593111,92.0,CHEMBL274,92.0
CCCCN1C(=O)[C@H](CC2CCCCC2)NC(=O)C12CCN(CCc1cccc(Oc3ccc(C(=O)O)cc3)c1)CC2.Cl,CHEMBL593205,13.0,CHEMBL274,13.0
COC[C@@H](c1ccc(C(F)(F)F)cc1)N1CCN(C2C[C@@H]3CN(C(=O)c4c(C)ncnc4C)C[C@@H]3C2)C[C@@H]1C,CHEMBL1077350,500.0,CHEMBL274,500.0
COC[C@@H](c1ccc(C(F)(F)F)cc1)N1CCN(C2C[C@@H]3CN(C(=O)c4c(C)ccnc4C)C[C@@H]3C2)C[C@@H]1C,CHEMBL1077351,500.0,CHEMBL274,500.0
COC[C@@H](c1ccc(C(F)(F)F)cc1)N1CCN(C2C[C@@H]3CN(C(=O)c4c(C)cc(C#N)nc4C)C[C@@H]3C2)C[C@@H]1C,CHEMBL1077352,500.0,CHEMBL274,500.0
CCO[C@H]1Cc2cc(C(F)(F)F)ccc2[C@@H]1N1CCN(C2C[C@@H]3CN(C(=O)c4c(C)ncnc4C)C[C@@H]3C2)C[C@@H]1C,CHEMBL1077353,92.0,CHEMBL274,92.0
CCO[C@H]1Cc2cc(C(F)(F)F)ccc2[C@@H]1N1CCN(C2C[C@@H]3CN(C(=O)c4c(C)ccnc4C)C[C@@H]3C2)C[C@@H]1C,CHEMBL1077354,98.0,CHEMBL274,98.0
CCO[C@H]1Cc2cc(C(F)(F)F)ccc2[C@@H]1N1CCN(C2C[C@@H]3CN(C(=O)c4c(C)cc(C#N)nc4C)C[C@@H]3C2)C[C@@H]1C,CHEMBL1077355,45.0,CHEMBL274,45.0
CCCC[C@H]1CN(CC2CCOCC2)C(=O)OC12CCN(C1(C)CCN(C(=O)c3c(C)ncnc3C)CC1)CC2,CHEMBL1078231,4.0,CHEMBL274,4.0
CCCC[C@H]1CN(CC2CCOCC2)C(=O)OC12CCN(C1C[C@@H]3CN(C(=O)c4c(C)ncnc4C)C[C@@H]3C1)CC2,CHEMBL1077358,14.0,CHEMBL274,14.0
CCCC[C@H]1CN(CC2CCOCC2)C(=O)OC12CCN(C1C[C@@H]3CN(C(=O)c4c(C)cc(C#N)nc4C)C[C@@H]3C1)CC2,CHEMBL1077359,15.0,CHEMBL274,15.0
CCCC[C@H]1CN(CC2CCOCC2)C(=O)OC12CCN(C1(C)C[C@H]3CN(C(=O)c4c(C)ncnc4C)C[C@H]3C1)CC2,CHEMBL1077360,25.0,CHEMBL274,25.0
CCCC[C@H]1CN(CC2CCOCC2)C(=O)OC12CCN(C1(C)C[C@H]3CN(C(=O)c4c(C)cc(C#N)nc4C)C[C@H]3C1)CC2,CHEMBL1077361,61.0,CHEMBL274,61.0
CCCC[C@H]1CN(C[C@H]2CC[C@H](OCC)CC2)C(=O)OC12CCN(C1C[C@@H]3CN(C(=O)c4c(C)ncnc4C)C[C@@H]3C1)CC2,CHEMBL1077362,44.0,CHEMBL274,44.0
CCCC[C@H]1CN(C[C@H]2CC[C@H](OCC)CC2)C(=O)OC12CCN(C1C[C@@H]3CN(C(=O)c4c(C)ccnc4C)C[C@@H]3C1)CC2,CHEMBL1077363,34.0,CHEMBL274,34.0
CCCC[C@H]1CN(C[C@H]2CC[C@H](OC(C)C)CC2)C(=O)OC12CCN(C1C[C@@H]3CN(C(=O)c4c(C)ncnc4C)C[C@@H]3C1)CC2,CHEMBL1077364,23.0,CHEMBL274,23.0
CCCC[C@H]1CN(C[C@H]2CC[C@H](OC3CC3)CC2)C(=O)OC12CCN(C1C[C@@H]3CN(C(=O)c4c(C)ncnc4C)C[C@@H]3C1)CC2,CHEMBL1077365,27.0,CHEMBL274,27.0
Cc1nnc(C)n1[C@H]1C[C@@H]2CN(CC[C@H](NC(=O)C3CCOC3)c3cccc(F)c3)C[C@@H]2C1,CHEMBL1081625,35.0,CHEMBL274,35.0
Cc1nnc(C)n1[C@H]1C[C@@H]2CN(CC[C@H](NC(=O)C3CC(F)(F)C3)c3cccc(F)c3)C[C@@H]2C1,CHEMBL1081476,6.0,CHEMBL274,6.0
Cc1nnc(C)n1[C@H]1C[C@@H]2CN(CC[C@H](NC(=O)C3CCOCC3)c3cccc(F)c3)C[C@@H]2C1,CHEMBL1081477,43.0,CHEMBL274,43.0
Cc1nnc(C)n1[C@@H]1C[C@@H]2CN(CC[C@H](NC(=O)C3CCOC3)c3cccc(F)c3)C[C@@H]2C1,CHEMBL1081486,18.0,CHEMBL274,18.0
Cc1nnc(C)n1[C@@H]1C[C@@H]2CN(CC[C@H](NC(=O)C3CC(F)(F)C3)c3cccc(F)c3)C[C@@H]2C1,CHEMBL1082191,6.0,CHEMBL274,6.0
Cc1nnc(C)n1[C@@H]1C[C@@H]2CN(CC[C@H](NC(=O)C3CCOCC3)c3cccc(F)c3)C[C@@H]2C1,CHEMBL1082201,30.0,CHEMBL274,30.0
Cc1nnc(C)n1[C@@H]1C[C@@H]2CN(CC[C@H](NC(=O)C3CCC(F)(F)CC3)c3cccc(F)c3)C[C@@H]2C1,CHEMBL1082202,8.0,CHEMBL274,8.0
Cc1nnc(C)n1C1CCN(CC[C@H](NC(=O)C2CCC(F)(F)CC2)c2cccc(F)c2)CC1,CHEMBL1087533,38.0,CHEMBL274,38.0
Cc1nnc(C)n1[C@H]1C[C@H]2CC[C@@H](C1)N2CC[C@H](NC(=O)C1CCOC1)c1cccc(F)c1,CHEMBL1087534,7.0,CHEMBL274,7.0
Cc1nnc(C)n1[C@H]1C[C@H]2CC[C@@H](C1)N2CC[C@H](NC(=O)C1CC(F)(F)C1)c1cccc(F)c1,CHEMBL1087535,5.0,CHEMBL274,5.0
Cc1nnc(C)n1[C@H]1C[C@H]2CC[C@@H](C1)N2CC[C@H](NC(=O)C1CCOCC1)c1cccc(F)c1,CHEMBL1087028,13.0,CHEMBL274,13.0
Cc1nnc(C)n1[C@H]1C[C@H]2CC[C@@H](C1)N2CC[C@H](NC(=O)C1CCC(F)(F)CC1)c1cccc(F)c1,CHEMBL1087153,5.0,CHEMBL274,5.0
Cc1nnc(C(C)C)n1[C@H]1C[C@H]2CC[C@@H](C1)N2CC[C@H](NC(=O)C1CCC(F)(F)CC1)c1ccccc1,CHEMBL256907,1.4,CHEMBL274,1.4
CCCCC1N(CC2CCCCC2)C(=O)OC12CCN(C1CCN(C(=O)c3c(C)cccc3C)CC1)CC2,CHEMBL1080794,51.0,CHEMBL274,51.0
CCCCC1N(CC2CCCCC2)C(=O)OC12CCN(C1CCN(C(=O)c3ccccc3C)CC1)CC2,CHEMBL1077988,100.0,CHEMBL274,100.0
CCCCC1N(CC2CCCC2)C(=O)OC12CCN(C1CCN(C(=O)c3c(C)cccc3C)CC1)CC2,CHEMBL1077989,18.0,CHEMBL274,18.0
CCCCC1N(CC2CCOCC2)C(=O)OC12CCN(C1CCN(C(=O)c3c(C)cccc3C)CC1)CC2,CHEMBL1078072,24.0,CHEMBL274,24.0
CCCCC1N(Cc2ccccc2)C(=O)OC12CCN(C1CCN(C(=O)c3c(C)cccc3C)CC1)CC2,CHEMBL1078647,144.0,CHEMBL274,144.0
CCCC1N(CC2CCCCC2)C(=O)OC12CCN(C1CCN(C(=O)c3c(C)cccc3C)CC1)CC2,CHEMBL1078648,300.0,CHEMBL274,300.0
CCCCC1N(CC2CCCCC2)C(=O)OC12CCN(C1(C)CCN(C(=O)c3c(C)cccc3C)CC1)CC2,CHEMBL1077779,10.0,CHEMBL274,10.0
CCCCC1N(CC2CCCCC2)C(=O)OC12CCN(C1(C)CCN(C(=O)c3c(C)ncnc3C)CC1)CC2,CHEMBL1077912,7.0,CHEMBL274,7.0
CCCCC1N(CC2CCOCC2)C(=O)OC12CCN(C1(C)CCN(C(=O)c3c(C)ncnc3C)CC1)CC2,CHEMBL1078659,58.0,CHEMBL274,58.0
CCCCC1CN(CC2CCCCC2)C(=O)OC12CCN(C1CCN(C(=O)c3c(C)cccc3C)CC1)CC2,CHEMBL1078753,30.0,CHEMBL274,30.0
CCCCC1CN(CC2CCCCC2)C(=O)OC12CCN(C1CCN(C(=O)c3c(C)ncnc3C)CC1)CC2,CHEMBL1078013,68.0,CHEMBL274,68.0
CCCCC1CN(CC2CCOCC2)C(=O)OC12CCN(C1CCN(C(=O)c3c(C)cccc3C)CC1)CC2,CHEMBL1078014,89.0,CHEMBL274,89.0
CCCCC1CN(CC2CCOCC2)C(=O)OC12CCN(C1CCN(C(=O)c3c(C)ncnc3C)CC1)CC2,CHEMBL1078015,76.0,CHEMBL274,76.0
CCCCC1CN(CC2CCOCC2)C(=O)OC12CCN(C1(C)CCN(C(=O)c3c(C)ncnc3C)CC1)CC2,CHEMBL1078723,25.0,CHEMBL274,25.0
CCCC[C@@H]1CN(CC2CCOCC2)C(=O)OC12CCN(C1(C)CCN(C(=O)c3c(C)ncnc3C)CC1)CC2,CHEMBL1078141,100.0,CHEMBL274,100.0
CCCC[C@H]1CN(CC2CCOCC2)C(=O)OC12CCN(C1(C)CCN(C(=O)c3c(C)ncnc3C)CC1)CC2,CHEMBL1078231,25.0,CHEMBL274,25.0
CCCC[C@H]1CN(CC2CCOCC2)C(=O)OC12CCN(C1(C)CCN(C(=O)c3c(C)ccnc3C)CC1)CC2,CHEMBL1078936,61.0,CHEMBL274,61.0
CCCC[C@H]1CN(CC2CCOCC2)C(=O)OC12CCN(C1(C)CCN(C(=O)c3c(C)cc[n+]([O-])c3C)CC1)CC2,CHEMBL1078710,80.0,CHEMBL274,80.0
CCCCC1CN(CC2CCOCC2)C(=O)OC12CCN(C1(C)CCN(C(=O)c3c(C)cc(C#N)nc3C)CC1)CC2,CHEMBL1078711,24.0,CHEMBL274,24.0
CCCC[C@H]1CN(C)C(=O)OC12CCN(C1(C)CCN(C(=O)c3c(C)cc(C#N)nc3C)CC1)CC2,CHEMBL1078937,22.0,CHEMBL274,22.0
CCCC[C@H]1CN(CC2CCOCC2)C(=O)OC12CCN(C1(C)CCN(C(=O)c3c(C)cc(=O)oc3C)CC1)CC2,CHEMBL1078712,12.0,CHEMBL274,12.0
CCCC[C@H]1CN(CC2CCOCC2)C(=O)OC12CCN(C1(C)CCN(C(=O)c3c(C)nc(C(F)(F)F)nc3C)CC1)CC2,CHEMBL1078713,97.0,CHEMBL274,97.0
CCCC[C@H]1CN(CC2CCC(F)(F)CC2)C(=O)OC12CCN(C1(C)CCN(C(=O)c3c(C)ncnc3C)CC1)CC2,CHEMBL1078714,27.0,CHEMBL274,27.0
CCCC[C@H]1CN(CC2CCCCO2)C(=O)OC12CCN(C1(C)CCN(C(=O)c3c(C)ccnc3C)CC1)CC2,CHEMBL1078335,10.0,CHEMBL274,10.0
COC(=O)[C@@H](CCN1[C@@H]2CC[C@H]1C[C@@H](n1c(C)nc3cccnc31)C2)c1ccccc1,CHEMBL3084729,112.0,CHEMBL274,112.0
Cc1nc2cccnc2n1[C@H]1C[C@H]2CC[C@@H](C1)N2CC[C@H](C(=O)NCc1ccc(F)cc1)c1ccccc1,CHEMBL3084731,14.4,CHEMBL274,14.4
Cc1ncnc(C)c1C(=O)N1C[C@H]2CN(CC[C@H](NC(=O)CC3CC(F)(F)C3)c3cccc(C#N)c3)C[C@H]2C1,CHEMBL1098665,34.0,CHEMBL274,34.0
Cc1ncnc(C)c1C(=O)N1C[C@H]2CN(CC[C@H](NC(=O)CC3CC(F)(F)C3)c3cc(F)cc(F)c3)C[C@H]2C1,CHEMBL1098664,30.0,CHEMBL274,30.0
Cc1nc(Cl)nc(C)c1C(=O)N1C[C@H]2CN(CC[C@H](NC(=O)CC3CC(F)(F)C3)c3ccccc3)C[C@H]2C1,CHEMBL1094518,25.0,CHEMBL274,25.0
Cc1ncnc(C)c1C(=O)N1C[C@H]2CN(CC[C@H](NC(=O)CC3CC(F)(F)C3)c3cccc(F)c3)C[C@H]2C1,CHEMBL1095191,9.0,CHEMBL274,9.0
Cc1ncnc(C)c1C(=O)N1C[C@H]2CN(CC[C@H](NC(=O)CC3CCC(F)(F)CC3)c3cccc(F)c3)C[C@H]2C1,CHEMBL1098357,12.0,CHEMBL274,12.0
Cc1ncnc(C)c1C(=O)N1C[C@H]2CN(CC[C@H](NC(=O)CC3CCCC3)c3cccc(F)c3)C[C@H]2C1,CHEMBL1095816,13.0,CHEMBL274,13.0
Cc1ncnc(C)c1C(=O)N1C[C@H]2CN(CC[C@H](NC(=O)CC3CC(F)(F)C3)c3ccccc3)C[C@H]2C1,CHEMBL1095815,20.0,CHEMBL274,20.0
Cc1ncnc(C)c1C(=O)N1C[C@H]2CN(CC[C@H](NC(=O)CC3CCC(F)(F)CC3)c3ccccc3)C[C@H]2C1,CHEMBL1098014,27.0,CHEMBL274,27.0
Cc1cc(C#N)nc(C)c1C(=O)N1C[C@H]2CN(CC[C@H](NC(=O)C3CCCC3)c3ccccc3)C[C@H]2C1,CHEMBL1095827,12.0,CHEMBL274,12.0
Cc1cc(=O)[nH]c(C)c1C(=O)N1C[C@H]2CN(CC[C@H](NC(=O)C3CCCC3)c3ccccc3)C[C@H]2C1,CHEMBL1095518,30.0,CHEMBL274,30.0
Cc1ncnc(C)c1C(=O)N1C[C@H]2CN(CC[C@H](NC(=O)C3CCCC3)c3ccccc3)C[C@H]2C1,CHEMBL1095517,14.0,CHEMBL274,14.0
Cc1cc[n+]([O-])c(C)c1C(=O)N1C[C@H]2CN(CC[C@H](NC(=O)C3CCCC3)c3ccccc3)C[C@H]2C1,CHEMBL1097170,44.0,CHEMBL274,44.0
Cc1ccnc(C)c1C(=O)N1C[C@H]2CN(CC[C@H](NC(=O)C3CCCC3)c3ccccc3)C[C@H]2C1,CHEMBL1097169,7.0,CHEMBL274,7.0
Cc1noc(C)c1C(=O)N1C[C@H]2CN(CC[C@H](NC(=O)C3CCCC3)c3ccccc3)C[C@H]2C1,CHEMBL1096486,19.0,CHEMBL274,19.0
COc1cc(C)c(C(=O)N2C[C@H]3CN(CC[C@H](NC(=O)C4CCCC4)c4ccccc4)C[C@H]3C2)c(C)c1,CHEMBL1097816,26.0,CHEMBL274,26.0
Cc1cc(F)cc(C)c1C(=O)N1C[C@H]2CN(CC[C@H](NC(=O)C3CCCC3)c3ccccc3)C[C@H]2C1,CHEMBL1097815,6.0,CHEMBL274,6.0
O=C(N[C@@H](CCN1C[C@@H]2CN(C(=O)c3c(Cl)cccc3Cl)C[C@@H]2C1)c1ccccc1)C1CCCC1,CHEMBL1097515,14.0,CHEMBL274,14.0
Cc1cccc(Cl)c1C(=O)N1C[C@H]2CN(CC[C@H](NC(=O)C3CCCC3)c3ccccc3)C[C@H]2C1,CHEMBL1096102,9.0,CHEMBL274,9.0
CC(=O)N1C[C@H]2CN(CC[C@H](NC(=O)C3CCCC3)c3ccccc3)C[C@H]2C1,CHEMBL1096101,465.0,CHEMBL274,465.0
Cc1cccc(C)c1C(=O)N1C[C@H]2CN(CC[C@H](NC(=O)C3CCOC3)c3ccccc3)C[C@H]2C1,CHEMBL1098151,15.0,CHEMBL274,15.0
Cc1cccc(C)c1C(=O)N1C[C@H]2CN(CC[C@H](NC(=O)c3ccoc3)c3ccccc3)C[C@H]2C1,CHEMBL1098150,18.0,CHEMBL274,18.0
Cc1cccc(C)c1C(=O)N1C[C@H]2CN(CC[C@H](NC(=O)c3ccccc3)c3ccccc3)C[C@H]2C1,CHEMBL1096766,8.0,CHEMBL274,8.0
Cc1cccc(C)c1C(=O)N1C[C@H]2CN(CC[C@H](NC(=O)C3CCC(F)(F)CC3)c3ccccc3)C[C@H]2C1,CHEMBL1096765,4.0,CHEMBL274,4.0
Cc1cccc(C)c1C(=O)N1C[C@H]2CN(CC[C@H](NC(=O)C3CCCCC3)c3ccccc3)C[C@H]2C1,CHEMBL1096764,3.0,CHEMBL274,3.0
Cc1cccc(C)c1C(=O)N1C[C@H]2CN(CC[C@H](NC(=O)C3CCC3)c3ccccc3)C[C@H]2C1,CHEMBL1096768,7.0,CHEMBL274,7.0
Cc1cccc(C)c1C(=O)N1C[C@H]2CN(CC[C@H](NC(=O)C(C)C)c3ccccc3)C[C@H]2C1,CHEMBL1096447,11.0,CHEMBL274,11.0
CC(=O)N[C@@H](CCN1C[C@@H]2CN(C(=O)c3c(C)cccc3C)C[C@@H]2C1)c1ccccc1,CHEMBL1096446,15.0,CHEMBL274,15.0
Cc1cccc(C)c1C(=O)N1C[C@H]2CN(CC[C@H](NC(=O)C3CCCC3)c3ccccc3)C[C@H]2C1,CHEMBL1096445,6.0,CHEMBL274,6.0
CCO/N=C(\c1ccc(Br)cc1)C1CCN(C2(C)CCN(C(=O)c3c(C)cccc3C)CC2)CC1,CHEMBL324643,6.0,CHEMBL274,6.0
Cc1nnc(C(C)C)n1[C@H]1C[C@H]2CC[C@@H](C1)N2CC[C@H](NC(=O)C1CCC(F)(F)CC1)c1ccccc1,CHEMBL256907,14.0,CHEMBL274,14.0
CCCCC1CN(C2CCOCC2)C(=O)N1C1CCN(C2(C)CCN(C(=O)c3c(C)cc(C#N)nc3C)CC2)CC1,CHEMBL1085723,65.0,CHEMBL274,65.0
CCCCC1CN(C2CCOCC2)C(=O)N1C1CCN(C2(C)CCN(C(=O)c3c(C)ncnc3C)CC2)CC1,CHEMBL1082487,84.0,CHEMBL274,84.0
CCCCC1CN(CC2CCOCC2)C(=O)N1C1CCN(C2(C)CCN(C(=O)c3c(C)ncnc3C)CC2)CC1,CHEMBL1083437,43.0,CHEMBL274,43.0
CCO[C@H]1CC[C@H](CN2C[C@H](c3ccccn3)N(C3CCN(C4(C)CCN(C(=O)c5c(C)cc(C#N)nc5C)CC4)CC3)C2=O)CC1,CHEMBL1085722,25.0,CHEMBL274,25.0
Cc1cc(C#N)nc(C)c1C(=O)N1CCC(C)(N2CCC(N3C(=O)N(CC4CCOCC4)C[C@@H]3c3ccccn3)CC2)CC1,CHEMBL1085721,12.0,CHEMBL274,12.0
Cc1cc(C#N)nc(C)c1C(=O)N1CCC(C)(N2CCC(N3C(=O)N(C)C[C@H]3c3ccccc3)CC2)CC1,CHEMBL1083126,24.0,CHEMBL274,24.0
Cc1cc(C#N)nc(C)c1C(=O)N1CCC(C)(N2CCC(N3C(=O)N(C[C@H]4CC[C@H](O)CC4)C[C@H]3c3ccccc3)CC2)CC1,CHEMBL1085232,33.0,CHEMBL274,33.0
CNC(=O)N1CCC(CN2C[C@@H](c3ccccc3)N(C3CCN(C4(C)CCN(C(=O)c5c(C)cc(C#N)nc5C)CC4)CC3)C2=O)CC1,CHEMBL1085217,26.0,CHEMBL274,26.0
Cc1cc(C#N)nc(C)c1C(=O)N1CCC(C)(N2CCC(N3C(=O)N(C4CCOCC4)C[C@H]3c3ccccc3)CC2)CC1,CHEMBL1085231,21.0,CHEMBL274,21.0
Cc1cc(C#N)nc(C)c1C(=O)N1CCC(C)(N2CCC(N3C(=O)N(CC4CCOCC4)C[C@H]3c3ccccc3)CC2)CC1,CHEMBL1085225,12.0,CHEMBL274,12.0
Cc1ncnc(C)c1C(=O)N1CCC(C)(N2CCC(N3C(=O)N(C[C@H]4CC[C@H](O)CC4)C[C@H]3c3ccccc3)CC2)CC1,CHEMBL1085224,20.0,CHEMBL274,20.0
CCO[C@H]1CC[C@H](CN2C[C@@H](c3ccccc3)N(C3CCN(C4(C)CCN(C(=O)c5c(C)ncnc5C)CC4)CC3)C2=O)CC1,CHEMBL1085223,6.0,CHEMBL274,6.0
CO[C@H]1CC[C@H](CN2C[C@@H](c3ccccc3)N(C3CCN(C4(C)CCN(C(=O)c5c(C)ncnc5C)CC4)CC3)C2=O)CC1,CHEMBL1085222,62.0,CHEMBL274,62.0
CNC(=O)N1CCC(CN2C[C@@H](c3ccccc3)N(C3CCN(C4(C)CCN(C(=O)c5c(C)ncnc5C)CC4)CC3)C2=O)CC1,CHEMBL1085221,32.0,CHEMBL274,32.0
Cc1ncnc(C)c1C(=O)N1CCC(C)(N2CCC(N3C(=O)N(CC4CCN(S(C)(=O)=O)CC4)C[C@H]3c3ccccc3)CC2)CC1,CHEMBL1085220,34.0,CHEMBL274,34.0
COC(=O)N1CCC(CN2C[C@@H](c3ccccc3)N(C3CCN(C4(C)CCN(C(=O)c5c(C)ncnc5C)CC4)CC3)C2=O)CC1,CHEMBL1085219,26.0,CHEMBL274,26.0
Cc1ncnc(C)c1C(=O)N1CCC(C)(N2CCC(N3C(=O)N(C4CCOCC4)C[C@H]3c3ccccc3)CC2)CC1,CHEMBL1085218,90.0,CHEMBL274,90.0
Cc1ncnc(C)c1C(=O)N1CCC(C)(N2CCC(N3C(=O)N(CCC4CCOCC4)C[C@H]3c3ccccc3)CC2)CC1,CHEMBL1085226,8.0,CHEMBL274,8.0
Cc1ncnc(C)c1C(=O)N1CCC(C)(N2CCC(N3C(=O)N(CC4CCOCC4)C[C@@H]3c3ccccc3)CC2)CC1,CHEMBL1085230,500.0,CHEMBL274,500.0
Cc1ncnc(C)c1C(=O)N1CCC(C)(N2CCC(N3C(=O)N(CC4CCOCC4)C[C@H]3c3ccccc3)CC2)CC1,CHEMBL1085229,20.0,CHEMBL274,20.0
Cc1ncnc(C)c1C(=O)N1CCC(C)(N2CCC(N3C(=O)N(CC4CCOCC4)CC3c3ccccc3)CC2)CC1,CHEMBL1085228,27.0,CHEMBL274,27.0
O=C(O)c1ccccc1Oc1ncc(Cl)cc1NS(=O)(=O)c1ccc(Cl)c(Cl)c1,CHEMBL1171008,251.19,CHEMBL274,6.6
O=C(O)c1ccccc1Oc1ccc(Cl)cc1NS(=O)(=O)c1ccc(Cl)c(Cl)c1,CHEMBL1171786,630.96,CHEMBL274,6.2
C=CCN(C(=O)OCc1ccc(Cl)cc1)C1CCN(C[C@H]2CN(C(=O)C3CCCC3)C[C@]2(O)c2ccccc2)CC1,CHEMBL1172043,1.09,CHEMBL274,1.09
C=CCN(C(=O)OCc1ccc(F)cc1)C1CCN(C[C@H]2CN(C(=O)C3CCCC3)C[C@]2(O)c2ccccc2)CC1,CHEMBL1172042,220.6,CHEMBL274,220.6
C=CCN(C(=O)OCc1ccc(OC(F)(F)F)cc1)C1CCN(C[C@H]2CN(C(=O)C3CCCC3)C[C@]2(O)c2ccccc2)CC1,CHEMBL1172039,6.15,CHEMBL274,6.15
C=CCN(C(=O)OCc1ccc(S(C)(=O)=O)cc1)C1CCN(C[C@H]2CN(C(=O)C3CCCC3)C[C@]2(O)c2ccccc2)CC1,CHEMBL1172040,37.3,CHEMBL274,37.3
C=CCN(C(=O)OCc1ccc2nonc2c1)C1CCN(C[C@H]2CN(C(=O)C3CCCC3)C[C@]2(O)c2ccccc2)CC1,CHEMBL1172041,113.6,CHEMBL274,113.6
C=CCN(C(=O)OCc1ccc(Br)cc1)C1CCN(C[C@H]2CN(C(=O)C3CCCC3)C[C@]2(O)c2ccccc2)CC1,CHEMBL1172044,20.2,CHEMBL274,20.2
C=CCN(C(=O)OCc1ccc(C(F)(F)F)cc1)C1CCN(C[C@H]2CN(C(=O)C3CCCC3)C[C@]2(O)c2ccccc2)CC1,CHEMBL1172038,30.0,CHEMBL274,30.0
C=CCN(C(=O)OCc1ccc2c(c1)OCO2)C1CCN(C[C@H]2CN(C(=O)C3CCCC3)C[C@]2(O)c2ccccc2)CC1,CHEMBL1172037,122.0,CHEMBL274,122.0
C=CCN(C(=O)OCc1ccc(OC)cc1)C1CCN(C[C@H]2CN(C(=O)C3CCCC3)C[C@]2(O)c2ccccc2)CC1,CHEMBL1172036,6.22,CHEMBL274,6.22
C=CCN(C(=O)OCc1ccccc1)C1CCN(C[C@H]2CN(C(=O)C3CCCC3)C[C@]2(O)c2ccccc2)CC1,CHEMBL1171965,8.75,CHEMBL274,8.75
C=CCN(C(=O)OCc1ccc([N+](=O)[O-])cc1)C1CCN(C[C@H]2CN(C(=O)C3CCCC3)C[C@]2(O)c2ccccc2)CC1,CHEMBL1172035,2.9,CHEMBL274,2.9
C=CCN(C(=O)NCc1ccccc1)C1CCN(C[C@H]2CN(C(=O)C3CCCC3)C[C@]2(O)c2ccccc2)CC1,CHEMBL1171966,37.7,CHEMBL274,37.7
C=CCN(C(=O)NCc1ccc(F)cc1)C1CCN(C[C@H]2CN(C(=O)C3CCCC3)C[C@]2(O)c2ccccc2)CC1,CHEMBL1172045,1.71,CHEMBL274,1.71
C=CCN(C(=O)NCc1ccc(Cl)cc1)C1CCN(C[C@H]2CN(C(=O)C3CCCC3)C[C@]2(O)c2ccccc2)CC1,CHEMBL1172046,2.66,CHEMBL274,2.66
C=CCN(C(=O)NCc1ccc([N+](=O)[O-])cc1)C1CCN(C[C@H]2CN(C(=O)C3CCCC3)C[C@]2(O)c2ccccc2)CC1,CHEMBL1172047,3.2,CHEMBL274,3.2
C=CCN(C(=O)NCc1ccc(C(F)(F)F)cc1)C1CCN(C[C@H]2CN(C(=O)C3CCCC3)C[C@]2(O)c2ccccc2)CC1,CHEMBL1172048,1.09,CHEMBL274,1.09
C=CCN(C(=O)NCc1ccc(OC(F)(F)F)cc1)C1CCN(C[C@H]2CN(C(=O)C3CCCC3)C[C@]2(O)c2ccccc2)CC1,CHEMBL1172049,6.15,CHEMBL274,6.15
C=CCN(C(=O)NCc1ccc(F)cc1F)C1CCN(C[C@H]2CN(C(=O)C3CCCC3)C[C@]2(O)c2ccccc2)CC1,CHEMBL1172050,1.62,CHEMBL274,1.62
C=CCN(C(=O)NCc1ccc(F)c(F)c1)C1CCN(C[C@H]2CN(C(=O)C3CCCC3)C[C@]2(O)c2ccccc2)CC1,CHEMBL1172051,1.69,CHEMBL274,1.69
C=CCN(C(=O)NCc1ccc(S(=O)(=O)NC)cc1)C1CCN(C[C@H]2CN(C(=O)C3CCCC3)C[C@]2(O)c2ccccc2)CC1,CHEMBL1172052,2.93,CHEMBL274,2.93
C=CCN(C(=O)NCc1ccc(S(=O)(=O)N(C)C)cc1)C1CCN(C[C@H]2CN(C(=O)C3CCCC3)C[C@]2(O)c2ccccc2)CC1,CHEMBL1172053,5.0,CHEMBL274,5.0
C=CCN(C(=O)Cc1ccccc1)C1CCN(C[C@H]2CN(C(=O)C3CCCC3)C[C@]2(O)c2ccccc2)CC1,CHEMBL1172157,3.5,CHEMBL274,3.5
C=CCN(C(=O)Cc1ccc(OC)cc1)C1CCN(C[C@H]2CN(C(=O)C3CCCC3)C[C@]2(O)c2ccccc2)CC1,CHEMBL1172438,14.6,CHEMBL274,14.6
C=CCN(C(=O)Cc1ccc([N+](=O)[O-])cc1)C1CCN(C[C@H]2CN(C(=O)C3CCCC3)C[C@]2(O)c2ccccc2)CC1,CHEMBL1172439,5.3,CHEMBL274,5.3
C=CCN(C(=O)Cc1ccc(F)cc1)C1CCN(C[C@H]2CN(C(=O)C3CCCC3)C[C@]2(O)c2ccccc2)CC1,CHEMBL1171029,11.0,CHEMBL274,11.0
C=CCN(C(=O)Cc1ccc(Cl)cc1)C1CCN(C[C@H]2CN(C(=O)C3CCCC3)C[C@]2(O)c2ccccc2)CC1,CHEMBL1171030,3.6,CHEMBL274,3.6
C=CCN(C(=O)Cc1ccc(Br)cc1)C1CCN(C[C@H]2CN(C(=O)C3CCCC3)C[C@]2(O)c2ccccc2)CC1,CHEMBL1169819,17.8,CHEMBL274,17.8
C=CCN(C(=O)Cc1ccc(C(F)(F)F)cc1)C1CCN(C[C@H]2CN(C(=O)C3CCCC3)C[C@]2(O)c2ccccc2)CC1,CHEMBL1172622,149.2,CHEMBL274,149.2
C=CCN(C(=O)Cc1ccc(S(C)(=O)=O)cc1)C1CCN(C[C@H]2CN(C(=O)C3CCCC3)C[C@]2(O)c2ccccc2)CC1,CHEMBL1172623,4.0,CHEMBL274,4.0
C=CCN(C(=O)Cc1ccc(S(N)(=O)=O)cc1)C1CCN(C[C@H]2CN(C(=O)C3CCCC3)C[C@]2(O)c2ccccc2)CC1,CHEMBL1172624,2.1,CHEMBL274,2.1
C=CCN(C(=O)Cc1ccc(S(=O)(=O)NC)cc1)C1CCN(C[C@H]2CN(C(=O)C3CCCC3)C[C@]2(O)c2ccccc2)CC1,CHEMBL1172625,1.53,CHEMBL274,1.53
C=CCN(C(=O)Cc1ccc(S(=O)(=O)N(C)C)cc1)C1CCN(C[C@H]2CN(C(=O)C3CCCC3)C[C@]2(O)c2ccccc2)CC1,CHEMBL1172626,3.32,CHEMBL274,3.32
C=CCN(C(=O)OCc1ccc([N+](=O)[O-])cc1)C1CCN(C[C@H]2CN(C(=O)C3CCCC3)C[C@]2(O)c2ccccc2)CC1,CHEMBL1172035,3.5,CHEMBL274,3.5
Cc1nnc(C(C)C)n1[C@H]1C[C@H]2CC[C@@H](C1)N2CC[C@H](NC(=O)COc1ccccc1)c1ccc(C(F)(F)F)cc1,CHEMBL3084747,253.0,CHEMBL274,0.253
CCCN1C(=O)C(CC(C)C)NC(=O)C12CCN(Cc1ccc(Oc3ccccc3)cc1)CC2.Cl,CHEMBL557150,500.0,CHEMBL274,500.0
CC(C)CC1NC(=O)C2(CCN(Cc3ccc(Oc4ccccc4)cc3)CC2)N(CC(C)C)C1=O.Cl,CHEMBL1170471,330.0,CHEMBL274,330.0
CC(C)CC1NC(=O)C2(CCN(Cc3ccc(Oc4ccccc4)cc3)CC2)N(CCC(C)O)C1=O.Cl,CHEMBL538336,3000.0,CHEMBL274,3000.0
C/C=C/CN1C(=O)C(CC(C)C)NC(=O)C12CCN(Cc1ccc(Oc3ccccc3)cc1)CC2.Cl,CHEMBL1171095,69.0,CHEMBL274,69.0
CC#CCN1C(=O)C(CC(C)C)NC(=O)C12CCN(Cc1ccc(Oc3ccccc3)cc1)CC2.Cl,CHEMBL1171096,54.0,CHEMBL274,54.0
CC(C)CC1NC(=O)C2(CCN(Cc3ccc(Oc4ccccc4)cc3)CC2)N(Cc2ccccc2)C1=O.Cl,CHEMBL1171289,300.0,CHEMBL274,300.0
CCCCN1C(=O)[C@H](CC(C)C)NC(=O)C12CCN(Cc1ccc(Oc3ccccc3)cc1)CC2.Cl,CHEMBL556995,84.0,CHEMBL274,84.0
CCCCN1C(=O)[C@@H](CC(C)C)NC(=O)C12CCN(Cc1ccc(Oc3ccccc3)cc1)CC2.Cl,CHEMBL536298,130.0,CHEMBL274,130.0
CCCCN1C(=O)[C@H](CC(C)(C)C)NC(=O)C12CCN(Cc1ccc(Oc3ccccc3)cc1)CC2.Cl,CHEMBL1171290,79.0,CHEMBL274,79.0
CCCCN1C(=O)C(CCC)NC(=O)C12CCN(Cc1ccc(Oc3ccccc3)cc1)CC2.Cl,CHEMBL1171291,50.0,CHEMBL274,50.0
CCCCN1C(=O)C(CC2CCCC2)NC(=O)C12CCN(Cc1ccc(Oc3ccccc3)cc1)CC2.Cl,CHEMBL1170694,52.0,CHEMBL274,52.0
COCC1NC(=O)C2(CCN(Cc3ccc(Oc4ccccc4)cc3)CC2)N(C)C1=O.Cl,CHEMBL1171103,320.0,CHEMBL274,320.0
CCCCN1C(=O)C(CC(=O)O)NC(=O)C12CCN(Cc1ccc(Oc3ccccc3)cc1)CC2.Cl,CHEMBL1173204,3000.0,CHEMBL274,3000.0
CCCCN1C(=O)C(CC(=O)OCc2ccccc2)NC(=O)C12CCN(Cc1ccc(Oc3ccccc3)cc1)CC2.Cl,CHEMBL1170660,590.0,CHEMBL274,590.0
CCCCN1C(=O)C(CCCC2CCCCC2)NC(=O)C12CCN(Cc1ccc(Oc3ccccc3)cc1)CC2.Cl,CHEMBL1170661,3000.0,CHEMBL274,3000.0
CCCCN1C(=O)C(CC(C)C)NC(=O)C12CCN(Cc1ccccc1)CC2.Cl,CHEMBL557199,900.0,CHEMBL274,900.0
CCCCN1C(=O)C(CC2CCCCC2)NC(=O)C12CCN(Cc1ccc(OC)cc1)CC2.Cl,CHEMBL557015,120.0,CHEMBL274,120.0
CCCCN1C(=O)[C@H](CC2CCCCC2)NC(=O)C12CCN(CCc1ccc(Oc3ccccc3)cc1)CC2.Cl,CHEMBL1173642,3000.0,CHEMBL274,3000.0
CCCCN1C(=O)C(CC2CCCCC2)NC(=O)C12CCN(c1ccc(C(=O)OCC)cc1)CC2.Cl,CHEMBL1173707,3000.0,CHEMBL274,3000.0
CCCCN1C(=O)C(CC2CCCCC2)NC(=O)C12CCN(C(=O)OCc1ccccc1)CC2.Cl,CHEMBL1173708,3000.0,CHEMBL274,3000.0
CCCCN1C(=O)C(CC(C)C)NC(=O)C12CCN(CCCCCCc1ccccc1)CC2.Cl,CHEMBL536288,270.0,CHEMBL274,270.0
CCCCN1C(=O)C(CC2CCCCC2)NC(=O)C12CCN(Cc1ccc(Oc3ccccc3)cc1)CC2.Cl,CHEMBL536743,28.0,CHEMBL274,28.0
CCCCN1C(=O)C(CC(C)C)NC(=O)C12CCN(Cc1ccc(Oc3ccccc3)cc1)CC2.Cl,CHEMBL537424,94.0,CHEMBL274,94.0
CCCCN1C(=O)C(CC2CCCCC2)NC(=O)C12CCN(Cc1ccc(Oc3ccccc3)nc1)CC2.Cl.Cl,CHEMBL3216934,21.0,CHEMBL274,21.0
CCCCN1C(=O)[C@H](CC2CCCCC2)NC(=O)C12CCN(Cc1ccc(-c3cccnc3)cc1)CC2.Cl.Cl,CHEMBL3217146,71.0,CHEMBL274,71.0
CCCCN1C(=O)C(CC2CCCCC2)NC(=O)C12CCN(Cc1c(C)nn(-c3ccccc3)c1C)CC2.Cl.Cl,CHEMBL3216711,35.0,CHEMBL274,35.0
CCCCN1C(=O)C(CC2CCCCC2)NC(=O)C12CCN(Cc1c[nH]c(-c3ccccc3)n1)CC2.Cl.Cl,CHEMBL3216057,160.0,CHEMBL274,160.0
CCCCN1C(=O)[C@H](CC2CCCCC2)NC(=O)C12CCN(Cc1nc(-c3ccccc3)oc1C)CC2.Cl,CHEMBL1173645,450.0,CHEMBL274,450.0
CCCCN1C(=O)C(CC2CCCCC2)NC(=O)C12CCN(Cc1csc(-c3ccccc3)n1)CC2.Cl,CHEMBL1172870,570.0,CHEMBL274,570.0
CCCCN1C(=O)[C@H](CC2CCCCC2)NC(=O)C12CCN(Cc1ccc(Sc3ccccc3)cc1)CC2.Cl,CHEMBL1172871,170.0,CHEMBL274,170.0
CCCCN1C(=O)[C@H](CC2CCCCC2)NC(=O)C12CCN(Cc1ccc(S(=O)(=O)c3ccccc3)cc1)CC2.Cl,CHEMBL1171069,86.0,CHEMBL274,86.0
CCCCN1C(=O)[C@H](CC2CCCCC2)NC(=O)C12CCN(Cc1ccc(C(=O)c3ccccc3)cc1)CC2.Cl,CHEMBL1173646,81.0,CHEMBL274,81.0
CCCCN1C(=O)[C@H](CC2CCCCC2)NC(=O)C12CCN(Cc1ccc(C(=O)Nc3ccccc3)cc1)CC2.Cl,CHEMBL1170873,57.0,CHEMBL274,57.0
CCCCN1C(=O)[C@H](CC2CCCCC2)NC(=O)C12CCN(Cc1ccc(Oc3ccc(F)cc3)cc1)CC2.Cl,CHEMBL1173647,92.0,CHEMBL274,92.0
CCCCN1C(=O)[C@H](CC2CCCCC2)NC(=O)C12CCN(Cc1ccc(Oc3ccc(C)cc3)cc1)CC2.Cl,CHEMBL1173710,79.0,CHEMBL274,79.0
CCCCN1C(=O)[C@H](CC2CCCCC2)NC(=O)C12CCN(Cc1ccc(Oc3ccc(OC)cc3)cc1)CC2.Cl,CHEMBL1170874,130.0,CHEMBL274,130.0
CCCCN1C(=O)[C@H](CC2CCCCC2)NC(=O)C12CCN(Cc1ccc(Oc3ccc(O)cc3)cc1)CC2.Cl,CHEMBL1173712,42.0,CHEMBL274,42.0
CCCCN1C(=O)[C@H](CC2CCCCC2)NC(=O)C12CCN(Cc1ccc(Oc3ccc(C(=O)NC)cc3)cc1)CC2.Cl,CHEMBL1170875,33.0,CHEMBL274,33.0
CCCCN1C(=O)[C@H](CC2CCCCC2)NC(=O)C12CCN(Cc1ccc(Oc3ccc(NS(C)(=O)=O)cc3)cc1)CC2.Cl,CHEMBL1170876,40.0,CHEMBL274,40.0
CCCCN1C(=O)[C@H](CC2CCCCC2)NC(=O)C12CCN(Cc1ccc(Oc3ccc(S(N)(=O)=O)cc3)cc1)CC2.Cl,CHEMBL1170877,28.0,CHEMBL274,28.0
CCCCN1C(=O)[C@H](CC2CCCCC2)NC(=O)C12CCN(Cc1ccc(Oc3ccc(C(=O)O)cc3)cc1)CC2.Cl,CHEMBL1170878,13.0,CHEMBL274,13.0
C=CCN(C(=O)OCc1ccc([N+](=O)[O-])cc1)C1CCN(C[C@H]2CN(C(=O)C3CCCC3)C[C@]2(O)c2ccccc2)CC1,CHEMBL1172035,2.9,CHEMBL274,2.9
C=CCN(C(=O)OCc1ccc([N+](=O)[O-])cc1)C1CCN(C[C@H]2CN(C(=O)C3CCCC3)C[C@]2(O)c2cccc(OC)c2)CC1,CHEMBL1222765,318.0,CHEMBL274,318.0
C=CCN(C(=O)OCc1ccc([N+](=O)[O-])cc1)C1CCN(C[C@H]2CN(C(=O)C3CCCC3)C[C@]2(O)c2ccc(F)cc2)CC1,CHEMBL1222766,30.0,CHEMBL274,30.0
C=CCN(C(=O)OCc1ccc([N+](=O)[O-])cc1)C1CCN(C[C@H]2CN(C(=O)C3CCCC3)C[C@]2(O)c2cccc(F)c2)CC1,CHEMBL1222767,8.85,CHEMBL274,8.85
C=CCN(C(=O)NCc1ccc(C(F)(F)F)cc1)C1CCN(C[C@H]2CN(C(=O)C3CCCC3)C[C@]2(O)c2ccc(F)cc2)CC1,CHEMBL1222768,38.3,CHEMBL274,38.3
C=CCN(C(=O)NCc1ccc(C(F)(F)F)cc1)C1CCN(C[C@H]2CN(C(=O)C3CCCC3)C[C@]2(O)c2cccc(F)c2)CC1,CHEMBL1222769,1.38,CHEMBL274,1.38
C=CCN(C(=O)Cc1ccc(S(=O)(=O)NC)cc1)C1CCN(C[C@H]2CN(C(=O)C3CCCC3)C[C@]2(O)c2ccc(F)cc2)CC1,CHEMBL1222770,11.17,CHEMBL274,11.17
C=CCN(C(=O)Cc1ccc(S(=O)(=O)NC)cc1)C1CCN(C[C@H]2CN(C(=O)C3CCCC3)C[C@]2(O)c2cccc(F)c2)CC1,CHEMBL1222771,2.98,CHEMBL274,2.98
C=CCN(C(=O)NCc1ccc(C(F)(F)F)cc1)[C@H]1C[C@H]2CC[C@@H](C1)N2C[C@H]1CN(C(=O)C2CCCC2)C[C@]1(O)c1cccc(F)c1,CHEMBL1222772,6.77,CHEMBL274,6.77
C=CCN(C(=O)NCc1ccc(S(=O)(=O)N(C)C)cc1)[C@H]1C[C@H]2CC[C@@H](C1)N2C[C@H]1CN(C(=O)C2CCCC2)C[C@]1(O)c1cccc(F)c1,CHEMBL1222773,11.4,CHEMBL274,11.4
C=CCN(C(=O)NCc1ccc(F)cc1)[C@H]1C[C@H]2CC[C@@H](C1)N2C[C@H]1CN(C(=O)C2CCCC2)C[C@]1(O)c1cccc(F)c1,CHEMBL1222774,30.0,CHEMBL274,30.0
C=CCN(C(=O)NCc1ccc(S(=O)(=O)NC)cc1)[C@H]1C[C@H]2CC[C@@H](C1)N2C[C@H]1CN(C(=O)C2CCCC2)C[C@]1(O)c1cccc(F)c1,CHEMBL1222775,3.98,CHEMBL274,3.98
C=CCN(C(=O)NCc1ccc(C(F)(F)F)cc1)[C@@H]1C[C@H]2CC[C@@H](C1)N2C[C@H]1CN(C(=O)C2CCCC2)C[C@]1(O)c1cccc(F)c1,CHEMBL1222776,14.3,CHEMBL274,14.3
C=CCN(C(=O)NCc1ccc(S(=O)(=O)NC)cc1)[C@@H]1C[C@H]2CC[C@@H](C1)N2C[C@H]1CN(C(=O)C2CCCC2)C[C@]1(O)c1cccc(F)c1,CHEMBL1222777,27.1,CHEMBL274,27.1
Cc1ncnc(C)c1C(=O)N1C[C@H]2CN(CCC(c3ccccc3)C3CCN(C(=O)NC(C)C)CC3)C[C@H]2C1,CHEMBL1270400,5000.0,CHEMBL274,5000.0
Cc1ncnc(C)c1C(=O)N1C[C@H]2CN(CCC(c3ccccc3)C3CCN(CC(F)(F)F)CC3)C[C@H]2C1,CHEMBL1270493,34.0,CHEMBL274,34.0
Cc1ncnc(C)c1C(=O)N1C[C@H]2CN(CCC(c3ccccc3)C3CCN(CC(F)F)CC3)C[C@H]2C1,CHEMBL1270594,137.0,CHEMBL274,137.0
Cc1ncnc(C)c1C(=O)N1C[C@H]2CN(CCC(c3cccc(F)c3)C3CCN(CC(F)F)CC3)C[C@H]2C1,CHEMBL1270693,11.0,CHEMBL274,11.0
Cc1ncnc(C)c1C(=O)N1C[C@H]2CN(CCC(c3cc(F)cc(F)c3)C3CCN(CC(F)F)CC3)C[C@H]2C1,CHEMBL1270798,19.0,CHEMBL274,19.0
COC(=O)N1CCC(C(CCN2C[C@@H]3CN(C(=O)c4c(C)ncnc4C)C[C@@H]3C2)c2ccccc2)CC1,CHEMBL1270900,744.0,CHEMBL274,744.0
Cc1ncnc(C)c1C(=O)N1C[C@H]2CN(CCC(c3ccccc3)C3CCN(S(=O)(=O)C(C)C)CC3)C[C@H]2C1,CHEMBL1271000,99.0,CHEMBL274,99.0
CCC(=O)N1CCC(C(CCN2C[C@@H]3CN(C(=O)c4c(C)ncnc4C)C[C@@H]3C2)c2ccccc2)CC1,CHEMBL1271107,5000.0,CHEMBL274,5000.0
Cc1ncnc(C)c1C(=O)N1C[C@H]2CN(CCC(c3ccccc3)C3CCN(C(=O)C(C)C)CC3)C[C@H]2C1,CHEMBL1271207,5000.0,CHEMBL274,5000.0
Cc1ncnc(C)c1C(=O)N1C[C@H]2CN(CCC(c3ccccc3)C3CCN(C(=O)CC(C)C)CC3)C[C@H]2C1,CHEMBL1271310,2819.0,CHEMBL274,2819.0
Cc1ncnc(C)c1C(=O)N1C[C@H]2CN(CCC(c3ccccc3)C3CN(CC(F)(F)F)C3)C[C@H]2C1,CHEMBL1271418,5000.0,CHEMBL274,5000.0
Cc1ncnc(C)c1C(=O)N1C[C@H]2CN(CCC(c3ccccc3)C3CN(C(=O)C4CCCC4)C3)C[C@H]2C1,CHEMBL1269884,2832.0,CHEMBL274,2832.0
Cc1ncnc(C)c1C(=O)N1C[C@H]2CN(CCC(c3ccccc3)C3CN(C(=O)CC(C)C)C3)C[C@H]2C1,CHEMBL1269992,5000.0,CHEMBL274,5000.0
Cc1ncnc(C)c1C(=O)N1C[C@H]2CN(CCC(c3ccccc3)C3CN(S(=O)(=O)C(C)C)C3)C[C@H]2C1,CHEMBL1270101,93.0,CHEMBL274,93.0
Cc1ncnc(C)c1C(=O)N1C[C@H]2CN(CCC(c3ccccc3)C3CN(S(=O)(=O)C4CC4)C3)C[C@H]2C1,CHEMBL1270209,313.0,CHEMBL274,313.0
Cc1ncnc(C)c1C(=O)N1C[C@H]2CN(CCC(c3cccc(F)c3)C3CN(S(=O)(=O)C4CC4)C3)C[C@H]2C1,CHEMBL1270303,30.0,CHEMBL274,30.0
Cc1ncnc(C)c1C(=O)N1C[C@H]2CN(CCC(c3cc(F)cc(F)c3)C3CN(S(=O)(=O)C4CC4)C3)C[C@H]2C1,CHEMBL1270401,63.0,CHEMBL274,63.0
Cc1cccc(Cl)c1S(=O)(=O)C(=O)N1C[C@H]2CN(CCC(c3ccccc3)C3CCN(S(C)(=O)=O)CC3)C[C@H]2C1,CHEMBL1269386,2173.0,CHEMBL274,2173.0
CS(=O)(=O)N1CCC(C(CCN2C[C@@H]3CN(C(=O)S(=O)(=O)c4ccc(C#N)cc4Cl)C[C@@H]3C2)c2ccccc2)CC1,CHEMBL1269387,4123.0,CHEMBL274,4123.0
Cc1cc(=O)oc(C)c1C(=O)N1C[C@H]2CN(CCC(c3ccccc3)C3CCN(S(C)(=O)=O)CC3)C[C@H]2C1,CHEMBL1271108,8.0,CHEMBL274,8.0
Cc1cc(C#N)nc(C)c1C(=O)N1C[C@H]2CN(CCC(c3ccccc3)C3CCN(S(C)(=O)=O)CC3)C[C@H]2C1,CHEMBL1271208,1.2,CHEMBL274,1.2
C=CCN(C(=O)OCc1ccc([N+](=O)[O-])cc1)C1CCN(CCC2(c3cccc(F)c3)CCN(C(=O)c3cc(S(=O)(=O)NC(C)(C)C)c(F)cc3Cl)CC2)CC1,CHEMBL1288872,8.6,CHEMBL274,8.6
C=CCN(C(=O)OCc1ccc(C(F)(F)F)cc1)C1CCN(CCC2(c3cccc(F)c3)CCN(C(=O)c3cc(S(=O)(=O)NC(C)(C)C)c(F)cc3Cl)CC2)CC1,CHEMBL1288873,15.0,CHEMBL274,15.0
C=CCN(C(=O)OCc1ccc(F)cc1)C1CCN(CCC2(c3cccc(F)c3)CCN(C(=O)c3cc(S(=O)(=O)NC(C)(C)C)c(F)cc3Cl)CC2)CC1,CHEMBL1288874,22.0,CHEMBL274,22.0
C=CCN(C(=O)OCc1ccc(C(=O)OC)cc1)C1CCN(CCC2(c3cccc(F)c3)CCN(C(=O)c3cc(S(=O)(=O)NC(C)(C)C)c(F)cc3Cl)CC2)CC1,CHEMBL1288875,41.0,CHEMBL274,41.0
C=CCN(C(=O)OCc1ccc(S(C)(=O)=O)cc1)C1CCN(CCC2(c3cccc(F)c3)CCN(C(=O)c3cc(S(=O)(=O)NC(C)(C)C)c(F)cc3Cl)CC2)CC1,CHEMBL1288876,17.0,CHEMBL274,17.0
C=CCN(C(=O)OCc1ccc(C#N)cc1)C1CCN(CCC2(c3cccc(F)c3)CCN(C(=O)c3cc(S(=O)(=O)NC(C)(C)C)c(F)cc3Cl)CC2)CC1,CHEMBL1288877,4.5,CHEMBL274,4.5
C=CCN(C(=O)OCc1ccc(OC(F)(F)F)cc1)C1CCN(CCC2(c3cccc(F)c3)CCN(C(=O)c3cc(S(=O)(=O)NC(C)(C)C)c(F)cc3Cl)CC2)CC1,CHEMBL1288878,27.0,CHEMBL274,27.0
C=CCN(C(=O)Nc1ccc(C(F)(F)F)cc1)C1CCN(CCC2(c3cccc(F)c3)CCN(C(=O)c3cc(S(=O)(=O)NC(C)(C)C)c(F)cc3Cl)CC2)CC1,CHEMBL1288879,64.0,CHEMBL274,64.0
C=CCN(C(=O)NCc1ccc(C(F)(F)F)cc1)C1CCN(CCC2(c3cccc(F)c3)CCN(C(=O)c3cc(S(=O)(=O)NC(C)(C)C)c(F)cc3Cl)CC2)CC1,CHEMBL1288880,6.9,CHEMBL274,6.9
C=CCN(C(=O)Nc1ccc(F)cc1)C1CCN(CCC2(c3cccc(F)c3)CCN(C(=O)c3cc(S(=O)(=O)NC(C)(C)C)c(F)cc3Cl)CC2)CC1,CHEMBL1288909,34.0,CHEMBL274,34.0
C=CCN(C(=O)NCc1ccc(F)cc1)C1CCN(CCC2(c3cccc(F)c3)CCN(C(=O)c3cc(S(=O)(=O)NC(C)(C)C)c(F)cc3Cl)CC2)CC1,CHEMBL1288910,46.0,CHEMBL274,46.0
C=CCN(C(=O)Nc1ccc(C#N)cc1)C1CCN(CCC2(c3cccc(F)c3)CCN(C(=O)c3cc(S(=O)(=O)NC(C)(C)C)c(F)cc3Cl)CC2)CC1,CHEMBL1288911,20.5,CHEMBL274,20.5
C=CCN(C(=O)NCc1ccc(C#N)cc1)C1CCN(CCC2(c3cccc(F)c3)CCN(C(=O)c3cc(S(=O)(=O)NC(C)(C)C)c(F)cc3Cl)CC2)CC1,CHEMBL1288912,3.9,CHEMBL274,3.9
C=CCN(C(=O)Nc1ccc(S(C)(=O)=O)cc1)C1CCN(CCC2(c3cccc(F)c3)CCN(C(=O)c3cc(S(=O)(=O)NC(C)(C)C)c(F)cc3Cl)CC2)CC1,CHEMBL1288913,11.5,CHEMBL274,11.5
C=CCN(C(=O)NCc1ccc(C(=O)OC)cc1)C1CCN(CCC2(c3cccc(F)c3)CCN(C(=O)c3cc(S(=O)(=O)NC(C)(C)C)c(F)cc3Cl)CC2)CC1,CHEMBL1288914,26.0,CHEMBL274,26.0
C=CCN(C(=O)NCc1ccc(C(N)=O)cc1)C1CCN(CCC2(c3cccc(F)c3)CCN(C(=O)c3cc(S(=O)(=O)NC(C)(C)C)c(F)cc3Cl)CC2)CC1,CHEMBL1288915,3100.0,CHEMBL274,3100.0
C=CCN(C(=O)Nc1ccc(OC(C)=O)cc1)C1CCN(CCC2(c3cccc(F)c3)CCN(C(=O)c3cc(S(=O)(=O)NC(C)(C)C)c(F)cc3Cl)CC2)CC1,CHEMBL1288916,60.0,CHEMBL274,60.0
C=CCN(C(=O)Cc1ccc(C(F)(F)F)cc1)C1CCN(CCC2(c3cccc(F)c3)CCN(C(=O)c3cc(S(=O)(=O)NC(C)(C)C)c(F)cc3Cl)CC2)CC1,CHEMBL1288917,3.3,CHEMBL274,3.3
C=CCN(C(=O)Cc1ccc(F)cc1)C1CCN(CCC2(c3cccc(F)c3)CCN(C(=O)c3cc(S(=O)(=O)NC(C)(C)C)c(F)cc3Cl)CC2)CC1,CHEMBL1288918,52.0,CHEMBL274,52.0
C=CCN(C(=O)Cc1ccc(S(C)(=O)=O)cc1)C1CCN(CCC2(c3cccc(F)c3)CCN(C(=O)c3cc(S(=O)(=O)NC(C)(C)C)c(F)cc3Cl)CC2)CC1,CHEMBL1288919,65.0,CHEMBL274,65.0
C=CCN(C(=O)Cc1ccc(OC(F)(F)F)cc1)C1CCN(CCC2(c3cccc(F)c3)CCN(C(=O)c3cc(S(=O)(=O)NC(C)(C)C)c(F)cc3Cl)CC2)CC1,CHEMBL1288920,18.0,CHEMBL274,18.0
C=CCN(C(=O)Cc1ccc(C(N)=O)cc1)C1CCN(CCC2(c3cccc(F)c3)CCN(C(=O)c3cc(S(=O)(=O)NC(C)(C)C)c(F)cc3Cl)CC2)CC1,CHEMBL1288921,210.0,CHEMBL274,210.0
C=CCN(C(=O)CCc1ccc(OC(F)(F)F)cc1)C1CCN(CCC2(c3cccc(F)c3)CCN(C(=O)c3cc(S(=O)(=O)NC)c(F)cc3Cl)CC2)CC1,CHEMBL1288922,420.0,CHEMBL274,420.0
C=CCN(C(=O)CCc1ccc(C#N)cc1)C1CCN(CCC2(c3cccc(F)c3)CCN(C(=O)c3cc(S(=O)(=O)NC)c(F)cc3Cl)CC2)CC1,CHEMBL1288923,150.0,CHEMBL274,150.0
CCCCN(C(=O)NCc1ccc(C#N)cc1)C1CCN(CCC2(c3cccc(F)c3)CCN(C(=O)c3cc(S(=O)(=O)NC(C)(C)C)c(F)cc3Cl)CC2)CC1,CHEMBL1288924,2.6,CHEMBL274,2.6
CC(C)(C)NS(=O)(=O)c1cc(C(=O)N2CCC(CCN3CCC(N(C(=O)NCc4ccc(C#N)cc4)c4cccc(F)c4)CC3)(c3cccc(F)c3)CC2)c(Cl)cc1F,CHEMBL1288663,0.4,CHEMBL274,0.4
C=CCN(C(=O)OCc1ccc([N+](=O)[O-])cc1)C1CCN(CCC2(c3cccc(F)c3)CCN(C(=O)c3cc(S(=O)(=O)NC(C)(C)C)c(F)cc3Cl)CC2)CC1,CHEMBL1288872,24.0,CHEMBL274,24.0
C=CCN(C(=O)OCc1ccc(C(F)(F)F)cc1)C1CCN(CCC2(c3cccc(F)c3)CCN(C(=O)c3cc(S(=O)(=O)NC(C)(C)C)c(F)cc3Cl)CC2)CC1,CHEMBL1288873,40.0,CHEMBL274,40.0
C=CCN(C(=O)OCc1ccc(S(C)(=O)=O)cc1)C1CCN(CCC2(c3cccc(F)c3)CCN(C(=O)c3cc(S(=O)(=O)NC(C)(C)C)c(F)cc3Cl)CC2)CC1,CHEMBL1288876,4.5,CHEMBL274,4.5
C=CCN(C(=O)NCc1ccc(C(F)(F)F)cc1)C1CCN(CCC2(c3cccc(F)c3)CCN(C(=O)c3cc(S(=O)(=O)NC(C)(C)C)c(F)cc3Cl)CC2)CC1,CHEMBL1288880,42.0,CHEMBL274,42.0
C=CCN(C(=O)Nc1ccc(C#N)cc1)C1CCN(CCC2(c3cccc(F)c3)CCN(C(=O)c3cc(S(=O)(=O)NC(C)(C)C)c(F)cc3Cl)CC2)CC1,CHEMBL1288911,25.0,CHEMBL274,25.0
C=CCN(C(=O)NCc1ccc(C#N)cc1)C1CCN(CCC2(c3cccc(F)c3)CCN(C(=O)c3cc(S(=O)(=O)NC(C)(C)C)c(F)cc3Cl)CC2)CC1,CHEMBL1288912,3.7,CHEMBL274,3.7
C=CCN(C(=O)Nc1ccc(S(C)(=O)=O)cc1)C1CCN(CCC2(c3cccc(F)c3)CCN(C(=O)c3cc(S(=O)(=O)NC(C)(C)C)c(F)cc3Cl)CC2)CC1,CHEMBL1288913,35.0,CHEMBL274,35.0
C=CCN(C(=O)NCc1ccc(C(=O)OC)cc1)C1CCN(CCC2(c3cccc(F)c3)CCN(C(=O)c3cc(S(=O)(=O)NC(C)(C)C)c(F)cc3Cl)CC2)CC1,CHEMBL1288914,146.0,CHEMBL274,146.0
C=CCN(C(=O)Cc1ccc(C(F)(F)F)cc1)C1CCN(CCC2(c3cccc(F)c3)CCN(C(=O)c3cc(S(=O)(=O)NC(C)(C)C)c(F)cc3Cl)CC2)CC1,CHEMBL1288917,53.0,CHEMBL274,53.0
C=CCN(C(=O)Cc1ccc(OC(F)(F)F)cc1)C1CCN(CCC2(c3cccc(F)c3)CCN(C(=O)c3cc(S(=O)(=O)NC(C)(C)C)c(F)cc3Cl)CC2)CC1,CHEMBL1288920,87.0,CHEMBL274,87.0
CCCCN(C(=O)NCc1ccc(C#N)cc1)C1CCN(CCC2(c3cccc(F)c3)CCN(C(=O)c3cc(S(=O)(=O)NC(C)(C)C)c(F)cc3Cl)CC2)CC1,CHEMBL1288924,11.0,CHEMBL274,11.0
CC(C)(C)NS(=O)(=O)c1cc(C(=O)N2CCC(CCN3CCC(N(C(=O)NCc4ccc(C#N)cc4)c4cccc(F)c4)CC3)(c3cccc(F)c3)CC2)c(Cl)cc1F,CHEMBL1288663,1.7,CHEMBL274,1.7
CC(=O)N[C@@H](CCN1[C@@H]2CC[C@H]1C[C@@H](n1c(C)nc3c1CCN(C(=O)C(C)(C)C)C3)C2)c1cccc(F)c1,CHEMBL1649933,0.1,CHEMBL274,0.1
CC(=O)N[C@@H](CCN1[C@@H]2CC[C@H]1C[C@@H](n1c(C)nc3c1CCN(C(=O)C(C)C)C3)C2)c1cccc(F)c1,CHEMBL1649931,0.1,CHEMBL274,0.1
CCCC(=O)N1CCc2c(nc(C)n2[C@H]2C[C@H]3CC[C@@H](C2)N3CC[C@H](NC(C)=O)c2cccc(F)c2)C1,CHEMBL1649932,0.1,CHEMBL274,0.1
CCC(=O)N1CCc2c(nc(C)n2[C@H]2C[C@H]3CC[C@@H](C2)N3CC[C@H](NC(C)=O)c2cccc(F)c2)C1,CHEMBL1649930,0.1,CHEMBL274,0.1
CC(=O)N[C@@H](CCN1[C@@H]2CC[C@H]1C[C@@H](n1c(C)nc3c1CCN(C(C)=O)C3)C2)c1cccc(F)c1,CHEMBL1649911,0.1,CHEMBL274,0.1
COC(=O)N1CCc2c(nc(C)n2[C@H]2C[C@H]3CC[C@@H](C2)N3CC[C@H](NC(C)=O)c2cccc(F)c2)C1,CHEMBL1649910,0.1,CHEMBL274,0.1
CC(=O)N[C@@H](CCN1[C@@H]2CC[C@H]1C[C@@H](n1c(C)nc3c1CCN(c1cnccn1)C3)C2)c1cccc(F)c1,CHEMBL1649929,0.1,CHEMBL274,0.1
CC(=O)N[C@@H](CCN1[C@@H]2CC[C@H]1C[C@@H](n1c(C)nc3c1CCN(c1ccncn1)C3)C2)c1cccc(F)c1,CHEMBL1649928,0.1,CHEMBL274,0.1
COC(=O)N[C@@H](CCN1[C@@H]2CC[C@H]1C[C@@H](n1c(C)nc3c1CN(C(C)=O)CC3)C2)c1cccc(F)c1,CHEMBL1649926,0.2,CHEMBL274,0.2
COC(=O)N[C@@H](CCN1[C@@H]2CC[C@H]1C[C@@H](n1c(C)nc3c1CN(C(=O)OC)CC3)C2)c1cccc(F)c1,CHEMBL1649927,0.2,CHEMBL274,0.2
COC(=O)N1CCc2nc(C)n([C@H]3C[C@H]4CC[C@@H](C3)N4CC[C@H](NC(C)=O)c3cccc(F)c3)c2C1,CHEMBL1649924,0.1,CHEMBL274,0.1
COC(=O)N[C@@H](CCN1[C@@H]2CC[C@H]1C[C@@H](n1c(C)nc3c1CN(C(C)=O)CC3)C2)c1ccccc1,CHEMBL1649925,0.6,CHEMBL274,0.6
CC(=O)N[C@@H](CCN1[C@@H]2CC[C@H]1C[C@@H](n1c(C)nc3c1CN(C(=O)OC(C)C)CC3)C2)c1ccccc1,CHEMBL1649923,0.1,CHEMBL274,0.1
CC(=O)N[C@@H](CCN1[C@@H]2CC[C@H]1C[C@@H](n1c(C)nc3c1CN(C(=O)C(C)C)CC3)C2)c1ccccc1,CHEMBL1649921,0.4,CHEMBL274,0.4
COC(=O)N1CCc2nc(C)n([C@H]3C[C@H]4CC[C@@H](C3)N4CC[C@H](NC(C)=O)c3ccccc3)c2C1,CHEMBL1649922,0.3,CHEMBL274,0.3
CCC(=O)N1CCc2nc(C)n([C@H]3C[C@H]4CC[C@@H](C3)N4CC[C@H](NC(C)=O)c3ccccc3)c2C1,CHEMBL1649920,0.4,CHEMBL274,0.4
CC(=O)N[C@@H](CCN1[C@@H]2CC[C@H]1C[C@@H](n1c(C)nc3c1CN(C(C)=O)CC3)C2)c1ccccc1,CHEMBL1649919,0.4,CHEMBL274,0.4
CC(=O)N[C@@H](CCN1[C@@H]2CC[C@H]1C[C@@H](n1c(C)nc3c1CN(C(C)C)CC3)C2)c1ccccc1,CHEMBL1649917,3.0,CHEMBL274,3.0
CC(=O)N[C@@H](CCN1[C@@H]2CC[C@H]1C[C@@H](n1c(C)nc3c1CN(S(C)(=O)=O)CC3)C2)c1ccccc1,CHEMBL1649918,2.0,CHEMBL274,2.0
CC(=O)N[C@@H](CCN1[C@@H]2CC[C@H]1C[C@@H](n1c(C)nc3c1CN(C)CC3)C2)c1ccccc1,CHEMBL1649916,5.0,CHEMBL274,5.0
CC(=O)N[C@@H](CCN1[C@@H]2CC[C@H]1C[C@@H](n1c(C)nc3c1CN(Cc1ccccc1)CC3)C2)c1ccccc1,CHEMBL1649914,29.0,CHEMBL274,29.0
CC(=O)N[C@@H](CCN1[C@@H]2CC[C@H]1C[C@@H](n1c(C)nc3c1CNCC3)C2)c1ccccc1,CHEMBL1649915,9.0,CHEMBL274,9.0
CC(=O)N[C@@H](CCN1[C@@H]2CC[C@H]1C[C@@H](n1c(C)nc3ccccc31)C2)c1ccccc1,CHEMBL1649913,0.5,CHEMBL274,0.5
Cc1nc(C(C)C)n([C@H]2C[C@H]3CC[C@@H](C2)N3CC[C@H](NC(=O)C2CCC(F)(F)CC2)c2ccccc2)n1,CHEMBL1649912,1.4,CHEMBL274,1.4
Cc1nnc(C(C)C)n1[C@H]1C[C@H]2CC[C@@H](C1)N2CC[C@H](NC(=O)C1CCC(F)(F)CC1)c1ccccc1,CHEMBL256907,0.2,CHEMBL274,0.2
CCCCN1C(=O)C(CC(C)C)NC(=O)C12CCN(Cc1ccc(Oc3ccccc3)cc1)CC2.Cl,CHEMBL537424,94.0,CHEMBL274,94.0
CCCCN1C(=O)C(CC2CCCCC2)NC(=O)C12CCN(Cc1ccc(Oc3ccccc3)cc1)CC2.Cl,CHEMBL536743,28.0,CHEMBL274,28.0
CCCCN1C(=O)[C@@H]([C@H](O)C(C)C)NC(=O)C12CCN(Cc1ccc(Oc3ccccc3)cc1)CC2.Cl,CHEMBL559168,84.0,CHEMBL274,84.0
CCCCN1C(=O)[C@@H]([C@H](O)C2CCCCC2)NC(=O)C12CCN(Cc1ccc(Oc3ccccc3)cc1)CC2.Cl,CHEMBL536754,53.0,CHEMBL274,53.0
CCCCN1C(=O)[C@H](CC2CCCCC2)NC(=O)C12CCN(Cc1ccc(Oc3ccc(C(=O)O)cc3)cc1)CC2.Cl,CHEMBL1170878,13.0,CHEMBL274,13.0
CCCCN1C(=O)[C@@H]([C@H](O)C2CCCCC2)NC(=O)C12CCN(Cc1ccc(Oc3ccc(C(=O)O)cc3)cc1)CC2.Cl,CHEMBL1668019,34.0,CHEMBL274,34.0
CCCCN1C(=O)[C@@H]([C@@H](O)C2CCCCC2)NC(=O)C12CCN(Cc1ccc(Oc3ccc(C(=O)O)cc3)cc1)CC2.Cl,CHEMBL1668020,44.0,CHEMBL274,44.0
CCCCN1C(=O)[C@H]([C@H](O)C2CCCCC2)NC(=O)C12CCN(Cc1ccc(Oc3ccc(C(=O)O)cc3)cc1)CC2.Cl,CHEMBL1668021,470.0,CHEMBL274,470.0
CCCCN1C(=O)[C@H]([C@@H](O)C2CCCCC2)NC(=O)C12CCN(Cc1ccc(Oc3ccc(C(=O)O)cc3)cc1)CC2.Cl,CHEMBL1668022,51.0,CHEMBL274,51.0
CCCCN1C(=O)C(CC(C)C)NC(=O)C12CCN(Cc1ccc(Oc3ccccc3)cc1)CC2.Cl,CHEMBL537424,851.14,CHEMBL274,6.07
CCCCN1C(=O)[C@@H]([C@H](O)C(C)C)NC(=O)C12CCN(Cc1ccc(Oc3ccccc3)cc1)CC2.Cl,CHEMBL559168,229.09,CHEMBL274,6.64
CCCCN1C(=O)[C@@H]([C@H](O)C2CCCCC2)NC(=O)C12CCN(Cc1ccc(Oc3ccccc3)cc1)CC2.Cl,CHEMBL536754,7.762,CHEMBL274,8.11
CCCCN1C(=O)[C@H](CC2CCCCC2)NC(=O)C12CCN(Cc1ccc(Oc3ccc(C(=O)O)cc3)cc1)CC2.Cl,CHEMBL1170878,87.1,CHEMBL274,7.06
CCCCN1C(=O)[C@@H]([C@H](O)C2CCCCC2)NC(=O)C12CCN(Cc1ccc(Oc3ccc(C(=O)O)cc3)cc1)CC2.Cl,CHEMBL1668019,5.623,CHEMBL274,8.25
CCCCN1C(=O)[C@@H]([C@@H](O)C2CCCCC2)NC(=O)C12CCN(Cc1ccc(Oc3ccc(C(=O)O)cc3)cc1)CC2.Cl,CHEMBL1668020,181.97,CHEMBL274,6.74
CCCCN1C(=O)[C@H]([C@H](O)C2CCCCC2)NC(=O)C12CCN(Cc1ccc(Oc3ccc(C(=O)O)cc3)cc1)CC2.Cl,CHEMBL1668021,380.19,CHEMBL274,6.42
CCCCN1C(=O)[C@H]([C@@H](O)C2CCCCC2)NC(=O)C12CCN(Cc1ccc(Oc3ccc(C(=O)O)cc3)cc1)CC2.Cl,CHEMBL1668022,446.68,CHEMBL274,6.35
CC(C)[C@]1(C(=O)N2CCN(c3cccc(C(F)(F)F)c3)CC2)CC[C@@H](NC2CCOCC2)C1,CHEMBL1683055,283.0,CHEMBL274,283.0
CC(C)[C@]1(C(=O)N2CCN(c3cccc(C(F)(F)F)c3)CC2)CC[C@@H](N[C@H]2CCOC[C@H]2C)C1,CHEMBL1683059,77.0,CHEMBL274,77.0
CC(C)[C@]1(C(=O)N2CCN(c3cccc(C(F)(F)F)c3)CC2)CC[C@@H](N[C@@H]2CCOC[C@@H]2C)C1,CHEMBL1683060,108.0,CHEMBL274,108.0
CC(C)[C@]1(C(=O)N2CCN(c3cccc(C(F)(F)F)c3)CC2)CC[C@@H](N[C@H]2CCOC[C@@H]2C)C1,CHEMBL1683061,370.0,CHEMBL274,370.0
CC(C)[C@]1(C(=O)N2CCN(c3cccc(C(F)(F)F)c3)CC2)CC[C@@H](N[C@@H]2CCOC[C@H]2C)C1,CHEMBL1683062,1000.0,CHEMBL274,1000.0
CC[C@@H]1COCC[C@@H]1N[C@@H]1CC[C@@](C(=O)N2CCN(c3cccc(C(F)(F)F)c3)CC2)(C(C)C)C1,CHEMBL1683063,18.0,CHEMBL274,18.0
CC[C@H]1COCC[C@H]1N[C@@H]1CC[C@@](C(=O)N2CCN(c3cccc(C(F)(F)F)c3)CC2)(C(C)C)C1,CHEMBL1683064,312.0,CHEMBL274,312.0
CC[C@H]1COCC[C@@H]1N[C@@H]1CC[C@@](C(=O)N2CCN(c3cccc(C(F)(F)F)c3)CC2)(C(C)C)C1,CHEMBL1683065,546.0,CHEMBL274,546.0
CC[C@@H]1COCC[C@H]1N[C@@H]1CC[C@@](C(=O)N2CCN(c3cccc(C(F)(F)F)c3)CC2)(C(C)C)C1,CHEMBL1683066,1000.0,CHEMBL274,1000.0
CO[C@@H]1COCC[C@@H]1N[C@@H]1CC[C@@](C(=O)N2CCN(c3cccc(C(F)(F)F)c3)CC2)(C(C)C)C1,CHEMBL1683067,23.0,CHEMBL274,23.0
CO[C@H]1COCC[C@H]1N[C@@H]1CC[C@@](C(=O)N2CCN(c3cccc(C(F)(F)F)c3)CC2)(C(C)C)C1,CHEMBL1683068,204.0,CHEMBL274,204.0
CCO[C@@H]1COCC[C@@H]1N[C@@H]1CC[C@@](C(=O)N2CCN(c3cccc(C(F)(F)F)c3)CC2)(C(C)C)C1,CHEMBL1683069,22.5,CHEMBL274,22.5
CCO[C@H]1COCC[C@H]1N[C@@H]1CC[C@@](C(=O)N2CCN(c3cccc(C(F)(F)F)c3)CC2)(C(C)C)C1,CHEMBL1683070,206.0,CHEMBL274,206.0
COC[C@@H]1COCC[C@@H]1N[C@@H]1CC[C@@](C(=O)N2CCN(c3cccc(C(F)(F)F)c3)CC2)(C(C)C)C1,CHEMBL1683071,201.0,CHEMBL274,201.0
COC[C@H]1COCC[C@H]1N[C@@H]1CC[C@@](C(=O)N2CCN(c3cccc(C(F)(F)F)c3)CC2)(C(C)C)C1,CHEMBL1683072,572.0,CHEMBL274,572.0
CO[C@@H]1COCC[C@@H]1N[C@@H]1CC[C@@](C(=O)N2CCN(c3cccc(C(F)(F)F)n3)CC2)(C(C)C)C1,CHEMBL1683073,26.5,CHEMBL274,26.5
CO[C@@H]1COCC[C@@H]1N[C@@H]1CC[C@@](C(=O)N2CCN(c3cc(C(F)(F)F)ccn3)CC2)(C(C)C)C1,CHEMBL1683074,5.3,CHEMBL274,5.3
CO[C@@H]1COCC[C@@H]1N[C@@H]1CC[C@@](C(=O)N2CCN(c3nccc(C(F)(F)F)n3)CC2)(C(C)C)C1,CHEMBL1683075,34.8,CHEMBL274,34.8
CO[C@@H]1COCC[C@@H]1N[C@@H]1CC[C@](CC(F)(F)F)(C(=O)N2CCN(c3cc(C(F)(F)F)ccn3)CC2)C1,CHEMBL1683190,8.4,CHEMBL274,8.4
CO[C@@H]1COCC[C@@H]1N[C@@H]1CC[C@@](C(=O)N2CCN(c3cc(C(F)(F)F)ccn3)CC2)(C(C)C)C1,CHEMBL1683074,4.3,CHEMBL274,4.3
CO[C@@H]1COCC[C@@H]1N[C@@H]1CC[C@](CC(F)(F)F)(C(=O)N2CCN(c3cc(C(F)(F)F)ccn3)CC2)C1,CHEMBL1683190,11.1,CHEMBL274,11.1
COC[C@@H](c1ccc(C(F)(F)F)cc1)N1CCN(C2(C)CCN(C(=O)c3c(C)ncnc3C)CC2)C[C@@H]1C,CHEMBL82301,3.0,CHEMBL274,3.0
Cc1ncnc(C)c1C(=O)N1CCC(C)(N2CCN(C3CCc4cc(Br)ccc43)[C@@H](C)C2)CC1,CHEMBL1688239,3.9,CHEMBL274,3.9
Cc1ncnc(C)c1C(=O)N1CCC(C)(N2CCN(C3CCc4cc(Br)ccc43)[C@@H](C)C2)CC1,CHEMBL1688239,190.0,CHEMBL274,190.0
Cc1ncnc(C)c1C(=O)N1CCC(C)(N2CCN(C3CCc4cc(C(F)(F)F)ccc43)[C@@H](C)C2)CC1,CHEMBL1688240,5.0,CHEMBL274,5.0
Cc1ncnc(C)c1C(=O)N1CCC(C)(N2CCN([C@@H]3c4ccc(C(F)(F)F)cc4C[C@H]3O)[C@@H](C)C2)CC1,CHEMBL1688241,211.0,CHEMBL274,211.0
CO[C@@H]1Cc2cc(C(F)(F)F)ccc2[C@H]1N1CCN(C2(C)CCN(C(=O)c3c(C)ncnc3C)CC2)C[C@@H]1C,CHEMBL1688242,4.6,CHEMBL274,4.6
CCO[C@@H]1Cc2cc(C(F)(F)F)ccc2[C@H]1N1CCN(C2(C)CCN(C(=O)c3c(C)ncnc3C)CC2)C[C@@H]1C,CHEMBL1688243,6.5,CHEMBL274,6.5
Cc1ncnc(C)c1C(=O)N1CCC(C)(N2CCN([C@H]3c4ccc(C(F)(F)F)cc4C[C@@H]3O)[C@@H](C)C2)CC1,CHEMBL1688244,1000.0,CHEMBL274,1000.0
CO[C@H]1Cc2cc(C(F)(F)F)ccc2[C@@H]1N1CCN(C2(C)CCN(C(=O)c3c(C)ncnc3C)CC2)C[C@@H]1C,CHEMBL1687948,1000.0,CHEMBL274,1000.0
CCO[C@H]1Cc2cc(C(F)(F)F)ccc2[C@@H]1N1CCN(C2(C)CCN(C(=O)c3c(C)ncnc3C)CC2)C[C@@H]1C,CHEMBL1688245,1000.0,CHEMBL274,1000.0
COC[C@@H](c1ccc(C(F)(F)F)cc1)N1CCN(C2(C)CCN(C(=O)c3c(C)ncnc3C)CC2)C[C@@H]1C,CHEMBL82301,1.2,CHEMBL274,1.2
Cc1ncnc(C)c1C(=O)N1CCC(C)(N2CCN(C3CCc4cc(Br)ccc43)[C@@H](C)C2)CC1,CHEMBL1688239,1.1,CHEMBL274,1.1
Cc1ncnc(C)c1C(=O)N1CCC(C)(N2CCN(C3CCc4cc(C(F)(F)F)ccc43)[C@@H](C)C2)CC1,CHEMBL1688240,1.2,CHEMBL274,1.2
CO[C@@H]1Cc2cc(C(F)(F)F)ccc2[C@H]1N1CCN(C2(C)CCN(C(=O)c3c(C)ncnc3C)CC2)C[C@@H]1C,CHEMBL1688242,3.5,CHEMBL274,3.5
CCO[C@@H]1Cc2cc(C(F)(F)F)ccc2[C@H]1N1CCN(C2(C)CCN(C(=O)c3c(C)ncnc3C)CC2)C[C@@H]1C,CHEMBL1688243,3.0,CHEMBL274,3.0
CCO[C@@H]1Cc2cc(C(F)(F)F)ccc2[C@H]1N1CCN(C2(C)CCN(C(=O)c3c(C)ncnc3C)CC2)C[C@@H]1C,CHEMBL1688243,16.0,CHEMBL274,16.0
CCO[C@@H]1Cc2cc(C(F)(F)F)ccc2[C@H]1N1CCN(C2(C)CCN(C(=O)c3c(C)ncnc3C)CC2)C[C@@H]1C,CHEMBL1688243,3.0,CHEMBL274,3.0
CCO[C@@H]1Cc2cc(C(F)(F)F)ccc2[C@H]1N1CCN(C2(C)CCN(C(=O)c3c(C)ncnc3C)CC2)C[C@@H]1C,CHEMBL1688243,1.5,CHEMBL274,1.5
Cc1nn(C)c2ncc(C(=O)NC(=O)Nc3ccc(F)c(C(F)(F)F)c3)cc12,CHEMBL1688888,2900.0,CHEMBL274,2.9
Cc1nn(C)c2nc(N(C)CCN(C)C)c(C(=O)NC(=O)Nc3cccc(OC(C)C)c3)cc12.Cl,CHEMBL1688889,400.0,CHEMBL274,0.4
CCO/N=C(/c1ccc(Br)cc1)C1CCN(C2(C)CCN(C(=O)c3c(C)cc[n+]([O-])c3C)CC2)CC1,CHEMBL336672,40.0,CHEMBL274,0.04
CCO/N=C(/c1ccc(Br)cc1)C1CCN(CCCNC(=O)c2c(C)cc[n+]([O-])c2C)CC1,CHEMBL1762143,180.0,CHEMBL274,0.18
CCO/N=C(/c1ccc(Br)cc1)C1CCN(C(C)CCNC(=O)c2c(C)cc[n+]([O-])c2C)CC1,CHEMBL1762304,290.0,CHEMBL274,0.29
CCO/N=C(/c1ccc(Br)cc1)C1CCN(C(C)CCN(C)C(=O)c2c(C)cc[n+]([O-])c2C)CC1,CHEMBL1762306,5620.0,CHEMBL274,5.62
CCO/N=C(/c1ccc(Br)cc1)C1CCN(C(C)CCNC(=O)c2c(Cl)cncc2Cl)CC1,CHEMBL1762307,130.0,CHEMBL274,0.13
CCO/N=C(/c1ccc(Br)cc1)C1CCN(C(C)(C)CCNC(=O)c2c(Cl)cncc2Cl)CC1,CHEMBL1760024,1760.0,CHEMBL274,1.76
CC(CCNC(=O)c1c(Cl)cncc1Cl)N1CCC(C(O)c2ccc(Br)cc2)CC1,CHEMBL1762311,3390.0,CHEMBL274,3.39
CC(CCNC(=O)c1c(Cl)cncc1Cl)N1CCC(C(Oc2ccccc2)c2ccc(Br)cc2)CC1,CHEMBL1762312,130.0,CHEMBL274,0.13
CC(CCNC(=O)c1c(Cl)cncc1Cl)N1CCC(N(Cc2ccccc2)c2ccc(Br)cc2)CC1,CHEMBL1762313,30.0,CHEMBL274,0.03
CC(CCNC(=O)c1c(Cl)cncc1Cl)N1CCC(C2(c3ccc(C(F)(F)F)cc3)Cc3ccccc3O2)CC1,CHEMBL1762314,40.0,CHEMBL274,0.04
CC(CCNC(=O)c1c(Cl)cncc1Cl)N1CCC(C2(c3ccc(C(F)(F)F)cc3)Oc3ccccc3O2)CC1,CHEMBL1762315,30.0,CHEMBL274,0.03
CC(CCNC(=O)c1c(Cl)cncc1Cl)N1CCC(C(Oc2ccccc2)c2ccc(C(F)(F)F)cc2)CC1,CHEMBL1762316,50.0,CHEMBL274,0.05
CC(CCNC(=O)c1c(Cl)cncc1Cl)N1CCC(C(Oc2ccccc2C#N)c2ccc(C(F)(F)F)cc2)CC1,CHEMBL1762317,100.0,CHEMBL274,0.1
CC(CCNC(=O)c1c(Cl)cncc1Cl)N1CCC(C(Oc2cccc(C#N)c2)c2ccc(C(F)(F)F)cc2)CC1,CHEMBL1762318,50.0,CHEMBL274,0.05
CC(CCNC(=O)c1c(Cl)cncc1Cl)N1CCC(C(Oc2ccccc2Cl)c2ccc(C(F)(F)F)cc2)CC1,CHEMBL1762319,120.0,CHEMBL274,0.12
CC(CCNC(=O)c1c(Cl)cncc1Cl)N1CCC(C(Oc2cccc(Cl)c2)c2ccc(C(F)(F)F)cc2)CC1,CHEMBL1762320,60.0,CHEMBL274,0.06
CC(CCNC(=O)c1c(Cl)cncc1Cl)N1CCC(C(Oc2cccc(F)c2)c2ccc(C(F)(F)F)cc2)CC1,CHEMBL1762324,40.0,CHEMBL274,0.04
CC(CCNC(=O)c1c(Cl)cncc1Cl)N1CCC(C(Oc2ccccn2)c2ccc(Br)cc2)CC1,CHEMBL1762326,140.0,CHEMBL274,0.14
CC(CCNC(=O)c1c(Cl)cncc1Cl)N1CCC(C(Oc2cccnc2)c2ccc(Br)cc2)CC1,CHEMBL1762327,970.0,CHEMBL274,0.97
Cc1cccnc1OC(c1ccc(Br)cc1)C1CCN(C(C)CCNC(=O)c2c(Cl)cncc2Cl)CC1,CHEMBL1762329,190.0,CHEMBL274,0.19
Cc1ccnc(OC(c2ccc(Br)cc2)C2CCN(C(C)CCNC(=O)c3c(Cl)cncc3Cl)CC2)c1,CHEMBL1762330,140.0,CHEMBL274,0.14
Cc1ccc(OC(c2ccc(Br)cc2)C2CCN(C(C)CCNC(=O)c3c(Cl)cncc3Cl)CC2)nc1,CHEMBL1762331,3800.0,CHEMBL274,3.8
Cc1cccc(OC(c2ccc(Br)cc2)C2CCN(C(C)CCNC(=O)c3c(Cl)cncc3Cl)CC2)n1,CHEMBL1762332,220.0,CHEMBL274,0.22
Cc1cccnc1OC(c1ccc(C(F)(F)F)cc1)C1CCN(C(C)CCNC(=O)c2c(Cl)cncc2Cl)CC1,CHEMBL1762333,60.0,CHEMBL274,0.06
Cc1ccnc(OC(c2ccc(C(F)(F)F)cc2)C2CCN(C(C)CCNC(=O)c3c(Cl)cncc3Cl)CC2)c1,CHEMBL1762334,50.0,CHEMBL274,0.05
Cc1cccc(OC(c2ccc(C(F)(F)F)cc2)C2CCN(C(C)CCNC(=O)c3c(Cl)cncc3Cl)CC2)n1,CHEMBL1762335,40.0,CHEMBL274,0.04
CC(CCNC(=O)c1c(Cl)cncc1Cl)N1CCC(C(Oc2ncccc2Cl)c2ccc(C(F)(F)F)cc2)CC1,CHEMBL1762336,140.0,CHEMBL274,0.14
CC(CCNC(=O)c1c(Cl)cncc1Cl)N1CCC(C(Oc2cc(Cl)ccn2)c2ccc(C(F)(F)F)cc2)CC1,CHEMBL1762337,70.0,CHEMBL274,0.07
CC(CCNC(=O)c1c(Cl)cncc1Cl)N1CCC(C(Oc2cccc(Cl)n2)c2ccc(C(F)(F)F)cc2)CC1,CHEMBL1762338,20.0,CHEMBL274,0.02
CC(CCNC(=O)c1c(Cl)cncc1Cl)N1CCC(C(Oc2cccc(Cl)n2)c2ccc(OC(F)(F)F)cc2)CC1,CHEMBL1762339,30.0,CHEMBL274,0.03
CC(CCNC(=O)c1c(Cl)cncc1Cl)N1CCC(C(Oc2cccc(Cl)n2)c2ccc(S(C)(=O)=O)cc2)CC1,CHEMBL1762463,10.0,CHEMBL274,0.01
CC(CCNC(=O)c1c(Cl)cncc1Cl)N1CCC(C(Oc2ccccn2)c2ccc(C(F)(F)F)cc2)CC1,CHEMBL1762464,30.0,CHEMBL274,0.03
CC(CCNC(=O)c1c(Cl)cncc1Cl)N1CCC(C(Oc2cccc(C(F)(F)F)n2)c2ccc(C(F)(F)F)cc2)CC1,CHEMBL1762466,130.0,CHEMBL274,0.13
CC(CCNC(=O)c1c(Cl)cncc1Cl)N1CCC(C(Oc2cccc(C#N)n2)c2ccc(C(F)(F)F)cc2)CC1,CHEMBL1762467,40.0,CHEMBL274,0.04
COC(=O)c1cccc(OC(c2ccc(C(F)(F)F)cc2)C2CCN(C(C)CCNC(=O)c3c(Cl)cncc3Cl)CC2)n1,CHEMBL1762468,1050.0,CHEMBL274,1.05
Cc1nc2ccccc2n1[C@H]1C[C@H]2CC[C@@H](C1)N2CCC1(c2ccccc2)CCN(C(=O)c2ccccc2)CC1,CHEMBL1784384,15.85,CHEMBL274,7.8
Cc1nc2ccccc2n1[C@H]1C[C@H]2CC[C@@H](C1)N2CCC1(c2ccccc2)CCN(C(=O)C(C)(C)C)CC1,CHEMBL1784385,0.3548,CHEMBL274,9.45
Cc1nc2ccccc2n1C1CC2CCC(C1)C2NCC1(c2ccccc2)CCN(C(=O)C(C)(C)C)CC1,CHEMBL1784386,2238.72,CHEMBL274,5.65
Cc1nc2ccccc2n1C1CC2CCC(C1)N2C(=O)CC1(c2ccccc2)CCN(C(=O)c2ccccc2C(=O)O)CC1,CHEMBL1784387,3162.28,CHEMBL274,5.5
Cc1nc2ccccc2n1C1CC2CCC(C1)N2CC(=O)C1(c2ccccc2)CCN(C(=O)C(C)(C)C)CC1,CHEMBL1784388,1778.28,CHEMBL274,5.75
O=C(c1ccccc1)N1CCC(CCN2C3CCC2CC(Nc2ccccc2)C3)(c2ccccc2)CC1,CHEMBL1784389,3162.28,CHEMBL274,5.5
O=C(c1ccccc1)N1CCC(CCN2C3CCC2CC(NCc2ccccc2)C3)(c2ccccc2)CC1,CHEMBL1784390,3162.28,CHEMBL274,5.5
O=C(c1ccccc1)N1CCC(CCN2C3CCC2CC(N2C(=O)c4ccccc4C2=O)C3)(c2ccccc2)CC1,CHEMBL1784391,2511.89,CHEMBL274,5.6
O=C(c1ccccc1)N1CCC(CCN2C3CCC2CC(n2c(=O)[nH]c4ccccc42)C3)(c2ccccc2)CC1,CHEMBL1784394,3162.28,CHEMBL274,5.5
O=C(c1ccccc1)N1CCC(CCN2C3CCC2CC(n2cnc4ccccc42)C3)(c2ccccc2)CC1,CHEMBL1784395,398.11,CHEMBL274,6.4
Nc1nc2ccccc2n1C1CC2CCC(C1)N2CCC1(c2ccccc2)CCN(C(=O)c2ccccc2)CC1,CHEMBL1784396,257.04,CHEMBL274,6.59
CNc1nc2ccccc2n1C1CC2CCC(C1)N2CCC1(c2ccccc2)CCN(C(=O)c2ccccc2)CC1,CHEMBL1784397,251.19,CHEMBL274,6.6
O=C(c1ccccc1)N1CCC(CCN2C3CCC2CC(n2c(C(F)(F)F)nc4ccccc42)C3)(c2ccccc2)CC1,CHEMBL1784398,100.0,CHEMBL274,7.0
Cc1nc2cc(S(C)(=O)=O)ccc2n1C1CC2CCC(C1)N2CCC1(c2ccccc2)CCN(C(=O)c2ccccc2)CC1,CHEMBL1784399,1584.89,CHEMBL274,5.8
Cc1nc2cc(F)ccc2n1C1CC2CCC(C1)N2CCC1(c2ccccc2)CCN(C(=O)c2ccccc2)CC1,CHEMBL1784400,10.0,CHEMBL274,8.0
Cc1nc2cccnc2n1C1CC2CCC(C1)N2CCC1(c2ccccc2)CCN(C(=O)c2ccccc2)CC1,CHEMBL1784401,19.95,CHEMBL274,7.7
COc1nc2ccccc2n1C1CC2CCC(C1)N2CCC1(c2ccccc2)CCN(C(=O)c2ccccc2)CC1,CHEMBL1784402,251.19,CHEMBL274,6.6
CCOc1nc2ccccc2n1C1CC2CCC(C1)N2CCC1(c2ccccc2)CCN(C(=O)c2ccccc2)CC1,CHEMBL1784403,1995.26,CHEMBL274,5.7
CCc1nc2ccccc2n1C1CC2CCC(C1)N2CCC1(c2ccccc2)CCN(C(=O)c2ccccc2)CC1,CHEMBL1784404,8.913,CHEMBL274,8.05
Cc1nc2ccccc2n1C1CC2CCC(C1)N2CCC1(c2ccccc2)CCN(C(=O)c2ccc(F)cc2)CC1,CHEMBL1784478,177.83,CHEMBL274,6.75
Cc1nc2ccccc2n1C1CC2CCC(C1)N2CCC1(c2ccccc2)CCN(C(=O)c2ccc(Cl)c(Cl)c2)CC1,CHEMBL1784479,15.85,CHEMBL274,7.8
Cc1nc2ccccc2n1C1CC2CCC(C1)N2CCC1(c2ccccc2)CCN(C(=O)c2ccc(F)c(F)c2)CC1,CHEMBL1784480,31.62,CHEMBL274,7.5
Cc1nc2ccccc2n1C1CC2CCC(C1)N2CCC1(c2ccccc2)CCN(C(=O)c2cccc(Cl)c2)CC1,CHEMBL1784481,5.012,CHEMBL274,8.3
Cc1nc2ccccc2n1C1CC2CCC(C1)N2CCC1(c2ccccc2)CCN(C(=O)c2ccc(C(F)(F)F)cc2)CC1,CHEMBL1784482,3162.28,CHEMBL274,5.5
COc1cccc(C(=O)N2CCC(CCN3C4CCC3CC(n3c(C)nc5ccccc53)C4)(c3ccccc3)CC2)c1,CHEMBL1784483,17.78,CHEMBL274,7.75
CCCCN1C(=O)[C@@H]([C@H](O)C2CCCCC2)NC(=O)C12CCN(Cc1ccc(Oc3ccc(C(=O)O)cc3)cc1)CC2.Cl,CHEMBL1668019,5600.0,CHEMBL274,5.6
CCCCCN1C(=O)[C@@H]([C@H](O)C2CCCCC2)NC(=O)C12CCN(Cc1ccc(Oc3ccc(C(=O)NC)cc3)cc1)CC2.Cl,CHEMBL1813450,3900.0,CHEMBL274,3.9
CCCCN1C(=O)[C@@H]([C@H](O)C2CCCCCC2)NC(=O)C12CCN(Cc1ccc(Oc3ccc(C(=O)O)cc3)cc1)CC2.Cl,CHEMBL1813440,5200.0,CHEMBL274,5.2
CCCCN1C(=O)[C@@H]([C@H](O)C2CCCCC2)NC(=O)C12CCN(Cc1ccc(Oc3ccc(NS(C)(=O)=O)cc3)cc1)CC2.Cl,CHEMBL1813435,1400.0,CHEMBL274,1.4
CCCCN1C(=O)[C@@H]([C@H](O)C2CCCCC2)NC(=O)C12CCN(Cc1ccc(Oc3ccc(S(N)(=O)=O)cc3)cc1)CC2.Cl,CHEMBL1813433,3500.0,CHEMBL274,3.5
CCCCN1C(=O)[C@@H]([C@H](O)C2CCCCC2)NC(=O)C12CCN(Cc1ccc(Oc3ccc(C(=O)NC)cc3)cc1)CC2.Cl,CHEMBL1813432,7400.0,CHEMBL274,7.4
CCCCN1C(=O)[C@@H]([C@H](O)C2CCCCC2)NC(=O)C12CCN(Cc1ccc(Oc3ccc(O)cc3)cc1)CC2.Cl,CHEMBL1813270,2800.0,CHEMBL274,2.8
CCCCN1C(=O)[C@@H]([C@H](O)C2CCCCC2)NC(=O)C12CCN(Cc1ccc(Oc3ccc(OC)cc3)cc1)CC2.Cl,CHEMBL1813269,7100.0,CHEMBL274,7.1
CCCCN1C(=O)[C@@H]([C@H](O)C2CCCCC2)NC(=O)C12CCN(Cc1ccc(Oc3ccccc3)cc1)CC2.Cl,CHEMBL536754,7800.0,CHEMBL274,7.8
CCCCN1C(=O)[C@@H]([C@H](O)C2CCCCC2)NC(=O)C12CCN(Cc1ccc(Oc3ccc(C(=O)O)cc3)cc1)CC2.Cl,CHEMBL1668019,5.8,CHEMBL274,5.8
CCCCN1C(=O)[C@@H]([C@H](O)C2CCCCC2)NC(=O)C12CCN(Cc1ccc(Oc3ccc(C(=O)O)cc3)cc1)CC2.Cl,CHEMBL1668019,5.8,CHEMBL274,5.8
CCCCN1C(=O)[C@@H]([C@H](O)C2CCCCC2)NC(=O)C12CCN(Cc1ccc(Oc3ccc(C(=O)O)cc3)cc1)CC2.Cl,CHEMBL1668019,46.0,CHEMBL274,46.0
CCCCCCCC/C=C\c1c(C)c(/C=C\CCCCCCCC)c2[n+](c1C)CCC2.O=C([O-])C(F)(F)F,CHEMBL469649,1000.0,CHEMBL274,1.0
CCCCCCCC/C=C\c1c(C)c(/C=C\CCCCCCCC)c2[n+](c1C)CCC2.O=C([O-])C(F)(F)F,CHEMBL469649,5430.0,CHEMBL274,5.43
CCCCCCCC/C=C/c1c(C)c(/C=C/CCCCCCCC)c2[n+](c1C)CCC2.O=C([O-])C(F)(F)F,CHEMBL1817909,6530.0,CHEMBL274,6.53
CCCCCCCCCCc1c(C)c(CCCCCCCCCC)c2[n+](c1C)CCC2.O=C([O-])C(F)(F)F,CHEMBL1817910,7800.0,CHEMBL274,7.8
CCCCCCCC/C=C/c1c(C)c(/C=C/CCCCCCCC)c2[n+](c1C)CCCC2.O=C([O-])C(F)(F)F,CHEMBL1817912,4600.0,CHEMBL274,4.6
CCCCCCCC/C=C\c1c(C)c(/C=C\CCCCCCCC)c2[n+](c1C)CCCCC2.O=C([O-])C(F)(F)F,CHEMBL1817914,8400.0,CHEMBL274,8.4
Cc1ccc(-c2ccc3c(c2)C=C(C(=O)Nc2ccc(C[N+](C)(C)C4CCOCC4)cc2)CCC3)cc1.[Cl-],CHEMBL41275,7.9,CHEMBL274,7.9
Cc1ccc(-c2ccc3c(c2)C=C(C(=O)Nc2ccc(C[N+](C)(C)C4CCOCC4)cc2)CCC3)cc1.[Cl-],CHEMBL41275,1.4,CHEMBL274,1.4
CC(C)(C)c1ccc(C(O)CCCN2CCC(C(O)(c3ccccc3)c3ccccc3)CC2)cc1,CHEMBL17157,1103.0,CHEMBL274,1.103
N#Cc1cccc(C(=O)NCCCN2CCC(COCc3ccc(F)cc3)CC2)c1,CHEMBL1910166,1000.0,CHEMBL274,1000.0
COc1ccc(OC)c(S(=O)(=O)N2CCC(CN3CCC(Cc4ccc(F)cc4)CC3)CC2)c1,CHEMBL1910167,2850.0,CHEMBL274,2850.0
COc1ccc(C)cc1S(=O)(=O)N1CCC(CN2CCC(c3ccc(F)cc3)CC2)CC1,CHEMBL1910168,1300.0,CHEMBL274,1300.0
Cc1ccncc1CN(c1ccc(N2CCOCC2)cc1)C1CCN([C@H](C)CCNC(=O)c2c(C)cc(Cl)nc2C)CC1,CHEMBL1927007,1586.0,CHEMBL274,1586.0
COc1ccc(N(Cc2cccc(C#N)n2)C2CCN([C@H](C)CCNC(=O)c3c(C)cc(C#N)nc3C)CC2)cc1,CHEMBL1927008,0.3,CHEMBL274,0.3
Cc1ccncc1CN(c1ccccc1)C1CCN([C@H](C)CCNC(=O)c2c(C)cc(C#N)nc2C)CC1,CHEMBL1926905,7.0,CHEMBL274,7.0
Cc1ccncc1CN(c1ccc(OCC(N)=O)cc1)C1CCN([C@H](C)CCNC(=O)c2c(C)cc(C#N)nc2C)CC1,CHEMBL1926904,0.98,CHEMBL274,0.98
Cc1ccncc1CN(c1ccc([S+](C)[O-])cc1)C1CCN([C@H](C)CCNC(=O)c2c(C)ncnc2C)CC1,CHEMBL1926903,130.0,CHEMBL274,130.0
COCCOc1ccc(N(Cc2cnccc2C)C2CCN([C@H](C)CCNC(=O)c3c(C)cc(F)nc3C)CC2)cc1,CHEMBL1926902,1.3,CHEMBL274,1.3
COCCOc1ccc(N(Cc2cnccc2C)C2CCN([C@H](C)CCNC(=O)c3c(C)cc(C#N)nc3C)CC2)cc1,CHEMBL1926901,0.8,CHEMBL274,0.8
COCCOc1ccc(N(Cc2cnccc2C)C2CCN([C@H](C)CCNC(=O)c3c(C)cc(Cl)nc3C)CC2)cc1,CHEMBL1926900,0.6,CHEMBL274,0.6
COc1ccc(N(Cc2cnccc2C)C2CCN([C@H](C)CCNC(=O)c3c(C)cc(C(=O)NC(C)C)nc3C)CC2)cc1,CHEMBL1926899,0.09,CHEMBL274,0.09
COc1ccc(N(Cc2cnccc2C)C2CCN([C@H](C)CCNC(=O)c3c(C)cc(C#N)nc3C)CC2)cc1,CHEMBL1926898,0.3,CHEMBL274,0.3
COc1ccc(N(Cc2cccnc2)C2CCN([C@H](C)CCNC(=O)c3c(C)cc(F)nc3C)CC2)cc1,CHEMBL1926897,1.6,CHEMBL274,1.6
COc1ccc(N(Cc2cnccc2C)C2CCN([C@@H](C)CCNC(=O)c3c(C)cc(Cl)nc3C)CC2)cc1,CHEMBL1926895,40.0,CHEMBL274,40.0
COc1ccc(N(Cc2cnccc2C)C2CCN([C@H](C)CCNC(=O)c3c(C)cc(F)nc3C)CC2)cc1,CHEMBL1926896,0.3,CHEMBL274,0.3
COc1ccc(N(Cc2cccnc2)C2CCN([C@H](C)CCNC(=O)c3c(C)cc(Cl)nc3C)CC2)cc1,CHEMBL1926894,1.5,CHEMBL274,1.5
COc1ccc(N(Cc2cnccc2C)C2CCN([C@H](C)CCNC(=O)c3c(C)cc(Cl)nc3C)CC2)cc1,CHEMBL1926893,0.2,CHEMBL274,0.2
COc1ccc(N(Cc2cnccc2C)C2CCN([C@H](C)CCNC(=O)c3cnc(Cl)cc3C)CC2)cc1,CHEMBL1926892,12.3,CHEMBL274,12.3
COc1ccc(N(Cc2cnccc2C)C2CCN([C@H](C)CCNC(=O)c3c(C)ccnc3Cl)CC2)cc1,CHEMBL1926891,0.7,CHEMBL274,0.7
COc1ccc(N(Cc2cnccc2C)C2CCN([C@H](C)CCNC(=O)c3c(C)ccnc3C)CC2)cc1,CHEMBL1926890,2.4,CHEMBL274,2.4
COc1ccc(N(Cc2cnccc2C)C2CCN([C@H](C)CCNC(=O)c3c(C)cncc3C)CC2)cc1,CHEMBL1926889,7.0,CHEMBL274,7.0
COc1ccc(N(Cc2cnccc2C)C2CCN([C@H](C)CCNC(=O)c3c(C)ncnc3C)CC2)cc1,CHEMBL1926888,10.9,CHEMBL274,10.9
CC(CCNC(=O)c1c(Cl)cncc1Cl)N1CCC(N(Cc2cccc(C#N)c2)c2ccc(C#N)cc2)CC1,CHEMBL1926887,12.0,CHEMBL274,0.012
CC(CCNC(=O)c1c(Cl)cncc1Cl)N1CCC(N(Cc2cccc(C#N)c2)c2ccc(OC(F)(F)F)cc2)CC1,CHEMBL1926886,3.0,CHEMBL274,0.003
COc1ccc(N(Cc2cccc(C#N)c2)C2CCN(C(C)CCNC(=O)c3c(Cl)cncc3Cl)CC2)cc1,CHEMBL1926885,2.0,CHEMBL274,0.002
CC(CCNC(=O)c1c(Cl)cncc1Cl)N1CCC(N(Cc2cccc(C#N)c2)c2ccc(C(F)(F)F)cc2)CC1,CHEMBL1926884,3.0,CHEMBL274,0.003
CC(CCNC(=O)c1c(Cl)cncc1Cl)N1CCC(N(Cc2cccc(C#N)c2)c2ccc(Br)cc2)CC1,CHEMBL1926883,8.0,CHEMBL274,0.008
COc1cccc(CN(c2ccc(Br)cc2)C2CCN(C(C)CCNC(=O)c3c(Cl)cncc3Cl)CC2)c1,CHEMBL1926882,387.0,CHEMBL274,0.387
CC(CCNC(=O)c1c(Cl)cncc1Cl)N1CCC(N(Cc2cccc(Cl)c2)c2ccc(Br)cc2)CC1,CHEMBL1926880,30.0,CHEMBL274,0.03
CC(CCNC(=O)c1c(Cl)cncc1Cl)N1CCC(N(Cc2ccccc2)c2ccc(Oc3ccc(C(=O)O)cc3)cc2)CC1,CHEMBL1926878,11.0,CHEMBL274,0.011
CC(CCNC(=O)c1c(Cl)cncc1Cl)N1CCC(N(Cc2ccccc2)c2ccc(C(=O)N(C)C)cc2)CC1,CHEMBL1926877,116.0,CHEMBL274,0.116
COC(=O)c1ccc(N(Cc2ccccc2)C2CCN(C(C)CCNC(=O)c3c(Cl)cncc3Cl)CC2)cc1,CHEMBL1926876,90.0,CHEMBL274,0.09
CC(CCNC(=O)c1c(Cl)cncc1Cl)N1CCC(N(Cc2ccccc2)c2ccc(C#N)cc2)CC1,CHEMBL1926875,19.0,CHEMBL274,0.019
CC(CCNC(=O)c1c(Cl)cncc1Cl)N1CCC(N(Cc2ccccc2)c2ccc(OC(F)(F)F)cc2)CC1,CHEMBL1926874,26.0,CHEMBL274,0.026
COc1ccc(N(Cc2ccccc2)C2CCN(C(C)CCNC(=O)c3c(Cl)cncc3Cl)CC2)cc1,CHEMBL1926873,50.0,CHEMBL274,0.05
CC(CCNC(=O)c1c(Cl)cncc1Cl)N1CCC(N(Cc2ccccc2)c2ccc(C(F)(F)F)cc2)CC1,CHEMBL1926872,34.0,CHEMBL274,0.034
CC(CCNC(=O)c1c(Cl)cncc1Cl)N1CCC(N(Cc2ccccc2)c2ccc(Br)cc2)CC1,CHEMBL1762313,49.0,CHEMBL274,0.049
COc1ccc(N(Cc2cccc(C#N)n2)C2CCN([C@H](C)CCNC(=O)c3c(C)cc(Cl)nc3C)CC2)cc1,CHEMBL1927009,0.3,CHEMBL274,0.3
COc1ccc(N(Cc2cccc(C#N)n2)C2CCN([C@H](C)CCNC(=O)c3c(C)cc(F)nc3C)CC2)cc1,CHEMBL1927010,0.7,CHEMBL274,0.7
N[C@@H]1CC[C@H](NC(=O)CNC(=O)c2cc(C(F)(F)F)ccc2NC(=O)N2CCC2)C[C@@H]1CS(=O)(=O)c1ccccc1,CHEMBL1944776,7300.0,CHEMBL274,7300.0
CC(C)N[C@@H]1CC[C@H](NC(=O)CNC(=O)c2cc(C(F)(F)F)ccc2NC(=O)N2CCC2)C[C@@H]1CS(=O)(=O)c1ccccc1,CHEMBL1944778,810.0,CHEMBL274,810.0
CCN(C(=O)Cc1ccc(S(C)(=O)=O)cc1)C1CCN(CC[C@H](c2ccc(S(C)(=O)=O)cc2)c2cc(F)cc(F)c2)CC1,CHEMBL212689,0.32,CHEMBL274,0.32
CCN(C(=O)Cc1ccc(S(C)(=O)=O)cc1)C1CCN(CC[C@@H](c2cc(F)cc(F)c2)N2CCN(S(C)(=O)=O)CC2)CC1,CHEMBL1951909,3700.0,CHEMBL274,3.7
CCN(C(=O)Cc1ccc(S(C)(=O)=O)cc1)C1CCN(CC[C@@H](c2ccccc2)C2CCN(S(C)(=O)=O)CC2)CC1,CHEMBL1951906,1.1,CHEMBL274,1.1
CCN(C(=O)Cc1ccc(S(C)(=O)=O)cc1)C1CCN(CC[C@@H](c2ccccc2)C2CCN(S(=O)(=O)C(F)(F)F)CC2)CC1,CHEMBL1951908,0.1,CHEMBL274,0.1
CCN(C(=O)Cc1ccc(S(C)(=O)=O)cc1)C1CCN(CC[C@@H](c2ccccc2)N2CCN(S(=O)(=O)C(F)(F)F)CC2)CC1,CHEMBL1951898,1.6,CHEMBL274,1.6
CCN(C(=O)Cc1ccc(S(C)(=O)=O)cc1)C1CCN(CC[C@@H](c2ccccc2)N2CCN(S(=O)(=O)CC(F)(F)F)CC2)CC1,CHEMBL1951899,8.9,CHEMBL274,8.9
CCN(C(=O)Cc1ccc(S(C)(=O)=O)cc1)C1CCN(CCC(c2ccccc2)N2CCN(C)CC2)CC1,CHEMBL1951892,363.0,CHEMBL274,363.0
CCN(C(=O)Cc1ccc(S(C)(=O)=O)cc1)C1CCN(CCC(c2ccccc2)N2CCN(c3ccccc3)CC2)CC1,CHEMBL1951893,5.0,CHEMBL274,5.0
CCN(C(=O)Cc1ccc(S(C)(=O)=O)cc1)C1CCN(CCC(c2ccccc2)N2CCN(c3cccc(F)c3)CC2)CC1,CHEMBL1951894,3.1,CHEMBL274,3.1
CCN(C(=O)Cc1ccc(S(C)(=O)=O)cc1)C1CCN(CCC(c2ccccc2)N2CCN(C(C)=O)CC2)CC1,CHEMBL1951895,229.0,CHEMBL274,229.0
CCN(C(=O)Cc1ccc(S(C)(=O)=O)cc1)C1CCN(CCC(c2ccccc2)N2CCN(S(C)(=O)=O)CC2)CC1,CHEMBL1951896,39.0,CHEMBL274,39.0
CCN(C(=O)Cc1ccc(S(C)(=O)=O)cc1)C1CCN(CCC(c2ccccc2)N2CCN(S(=O)(=O)CC)CC2)CC1,CHEMBL1951897,15.0,CHEMBL274,15.0
CCN(C(=O)Cc1ccc(S(C)(=O)=O)cc1)C1CCN(CCC(c2ccccc2)N2CCC(C)CC2)CC1,CHEMBL1951900,339.0,CHEMBL274,339.0
CCN(C(=O)Cc1ccc(S(C)(=O)=O)cc1)C1CCN(CCC(c2ccccc2)N2CCC(Cc3ccccc3)CC2)CC1,CHEMBL1951901,162.0,CHEMBL274,162.0
CCN(C(=O)Cc1ccc(S(C)(=O)=O)cc1)C1CCN(CCC(c2ccccc2)N2CCC(C(C)=O)CC2)CC1,CHEMBL1951902,83.0,CHEMBL274,83.0
CCN(C(=O)Cc1ccc(S(C)(=O)=O)cc1)C1CCN(CCC(c2ccccc2)C2CCN(C)CC2)CC1,CHEMBL1951903,126.0,CHEMBL274,126.0
CCN(C(=O)Cc1ccc(S(C)(=O)=O)cc1)C1CCN(CCC(c2ccccc2)C2CCN(Cc3ccccc3)CC2)CC1,CHEMBL1951904,8.9,CHEMBL274,8.9
CCN(C(=O)Cc1ccc(S(C)(=O)=O)cc1)C1CCN(CCC(c2ccccc2)C2CCN(C(C)=O)CC2)CC1,CHEMBL1951905,37.0,CHEMBL274,37.0
CCN(C(=O)Cc1ccc(S(C)(=O)=O)cc1)C1CCN(CCC(c2ccccc2)C2CCN(S(=O)(=O)CC)CC2)CC1,CHEMBL1951907,2.4,CHEMBL274,2.4
CCN(C(=O)Cc1ccc(S(C)(=O)=O)cc1)C1CCN(CCC(c2ccccc2)C2CCN(S(=O)(=O)CC(F)(F)F)CC2)CC1,CHEMBL1949696,5.4,CHEMBL274,5.4
CCN(C(=O)Cc1ccc(S(C)(=O)=O)cc1)C1CCN(CC[C@@H](c2cccc(S(C)(=O)=O)c2)C2CCN(S(C)(=O)=O)CC2)CC1,CHEMBL1951910,794.0,CHEMBL274,794.0
CCN(C(=O)Cc1ccc(S(C)(=O)=O)cc1)C1CCN(CC[C@@H](c2cccc(OC)c2)C2CCN(S(C)(=O)=O)CC2)CC1,CHEMBL1951911,5.0,CHEMBL274,5.0
CCN(C(=O)Cc1ccc(S(C)(=O)=O)cc1)C1CCN(CC[C@@H](c2cccc(F)c2)C2CCN(S(C)(=O)=O)CC2)CC1,CHEMBL1951912,0.68,CHEMBL274,0.68
CCN(C(=O)Cc1ccc(S(C)(=O)=O)cc1)C1CCN(CC[C@@H](c2cccc(C)c2)C2CCN(S(C)(=O)=O)CC2)CC1,CHEMBL1951913,0.44,CHEMBL274,0.44
CCN(C(=O)Cc1ccc(S(C)(=O)=O)cc1)C1CCN(CC[C@@H](c2cc(F)cc(F)c2)C2CCN(S(C)(=O)=O)CC2)CC1,CHEMBL1951914,0.26,CHEMBL274,0.26
CCN(C(=O)Cc1ccc(S(C)(=O)=O)cc1)C1CCN(CC[C@@H](c2cc(F)cc(F)c2)C2CCN(S(C)(=O)=O)CC2)CC1,CHEMBL1951914,0.69,CHEMBL274,0.69
CCN(C(=O)Cc1ccc(S(C)(=O)=O)cc1)C1CCN(CC[C@@H](c2cc(F)cc(Cl)c2)C2CCN(S(C)(=O)=O)CC2)CC1,CHEMBL1951915,0.69,CHEMBL274,0.69
CCN(C(=O)Cc1ccc(S(C)(=O)=O)cc1)C1CCN(CC[C@@H](c2cc(C)cc(C)c2)C2CCN(S(C)(=O)=O)CC2)CC1,CHEMBL1951916,0.1,CHEMBL274,0.1
CCN(C(=O)Cc1ccc(S(C)(=O)=O)cc1)C1CCN(CC[C@@H](c2cccc(Cl)c2)C2CCN(S(C)(=O)=O)CC2)CC1,CHEMBL1951917,0.55,CHEMBL274,0.55
CCN(C(=O)Cc1ccc(S(C)(=O)=O)cc1)C1CCN(CC[C@@H](c2cccc(C(F)(F)F)c2)C2CCN(S(C)(=O)=O)CC2)CC1,CHEMBL1951918,3.5,CHEMBL274,3.5
CCN(C(=O)Cc1ccc(S(C)(=O)=O)cc1)C1CCN(CC[C@@H](c2cc(Cl)cc(Cl)c2)C2CCN(S(C)(=O)=O)CC2)CC1,CHEMBL1952100,0.1,CHEMBL274,0.1
CC(C)N1CCN[C@@H](C(=O)N2CCN(C(=O)Nc3ccc(Cl)c(Cl)c3)CC2)C1,CHEMBL2036782,22.0,CHEMBL274,22.0
CCCCCCCC/C=C\c1c(C)c(/C=C\CCCCCCCC)c2[n+](c1C)CCC2.[Cl-],CHEMBL2057533,5400.0,CHEMBL274,5.4
CCCCCCCC/C=C\c1c(C)cc(C)[n+]2c1CCC2.[Cl-],CHEMBL2057534,9200.0,CHEMBL274,9.2
CCCCCCCC/C=C/c1c(C)c(/C=C/CCCCCCCC)c2[n+](c1C)CCC2.[Cl-],CHEMBL2057810,6500.0,CHEMBL274,6.5
CCCCCCCCCCc1c(C)c(CCCCCCCCCC)c2[n+](c1C)CCC2.[Cl-],CHEMBL2057811,7800.0,CHEMBL274,7.8
CCCCCCCC/C=C\c1c(C)c(/C=C/CCCCCCCC)c(C)[n+]2c1CCC2.[Cl-],CHEMBL2057813,9200.0,CHEMBL274,9.2
CCCCCCCC/C=C\c1c(C)c(/C=C\CCCCCCCC)c2[n+](c1C)CCCCC2.[Cl-],CHEMBL2057815,8400.0,CHEMBL274,8.4
CCCCCCCC/C=C/c1c(C)c(/C=C/CCCCCCCC)c2[n+](c1C)CCCC2.[Cl-],CHEMBL2057816,4600.0,CHEMBL274,4.6
CCCCCCCC/C=C\c1c(C)c(/C=C\CCCCCCCC)c2[n+](c1C)CCC2.O=C([O-])C(F)(F)F,CHEMBL469649,5400.0,CHEMBL274,5.4
CCCCCCCC/C=C\c1c(C)cc(C)[n+]2c1CCC2.[Cl-],CHEMBL2057534,9200.0,CHEMBL274,9.2
CCCCCCCC/C=C/c1c(C)c(/C=C/CCCCCCCC)c2[n+](c1C)CCC2.[Cl-],CHEMBL2057810,6500.0,CHEMBL274,6.5
CCCCCCCCCCc1c(C)c(CCCCCCCCCC)c2[n+](c1C)CCC2.[Cl-],CHEMBL2057811,7800.0,CHEMBL274,7.8
CCCCCCCC/C=C\c1c(C)c(/C=C/CCCCCCCC)c(C)[n+]2c1CCC2.[Cl-],CHEMBL2057813,9200.0,CHEMBL274,9.2
CCCCCCCC/C=C\c1c(C)c(/C=C\CCCCCCCC)c2[n+](c1C)CCCCC2.[Cl-],CHEMBL2057815,8400.0,CHEMBL274,8.4
CCCCCCCC/C=C/c1c(C)cc(C)[n+]2c1CCC2.[Cl-],CHEMBL2064265,9200.0,CHEMBL274,9.2
Cc1cc(Cl)nc(C)c1C(=O)NCC[C@@H](C)N1CCC(N(Cc2ccsc2)C(=O)NCc2ccc(C(=O)O)cc2)CC1,CHEMBL2164212,0.5,CHEMBL274,0.5
COCCONC(=O)N(Cc1ccsc1)C1CCN([C@H](C)CCNC(=O)c2c(C)cc(Cl)nc2C)CC1,CHEMBL2164211,0.3,CHEMBL274,0.3
CONC(=O)N(Cc1ccsc1)C1CCN([C@H](C)CCNC(=O)c2c(C)cc(C#N)nc2Cl)CC1,CHEMBL2164210,0.1,CHEMBL274,0.1
CONC(=O)N(Cc1ccsc1)C1CCN([C@H](C)CCNC(=O)c2c(C)cc(Cl)[n+]([O-])c2Cl)CC1,CHEMBL2164209,0.4,CHEMBL274,0.4
CONC(=O)N(Cc1ccsc1)C1CCN([C@H](C)CCNC(=O)c2c(C)cc(C(=O)NC(C)C)nc2C)CC1,CHEMBL2164208,0.4,CHEMBL274,0.4
CONC(=O)N(Cc1ccsc1)C1CCN([C@H](C)CCNC(=O)c2c(C)cc(Cl)nc2Cl)CC1,CHEMBL2164207,0.08,CHEMBL274,0.08
CONC(=O)N(Cc1ccsc1)C1CCN([C@H](C)CCNC(=O)c2c(C)cc(Cl)nc2C)CC1,CHEMBL2164206,0.3,CHEMBL274,0.3
Cc1cc(Cl)nc(C)c1C(=O)NCC[C@@H](C)N1CCC(N(Cc2ccsc2)C(=O)NO)CC1,CHEMBL2164205,0.3,CHEMBL274,0.3
Cc1cc(Cl)nc(C)c1C(=O)NCC[C@@H](C)N1CCC(N(Cc2ccsc2)C(=O)N(C)C)CC1,CHEMBL2164204,48.4,CHEMBL274,48.4
CNC(=O)N(Cc1ccsc1)C1CCN([C@H](C)CCNC(=O)c2c(C)cc(Cl)nc2C)CC1,CHEMBL2164203,0.3,CHEMBL274,0.3
Cc1cc(Cl)nc(C)c1C(=O)NCC[C@@H](C)N1CCC(N(Cc2ccsc2)C(=O)CN2CCOC2=O)CC1,CHEMBL2164202,0.1,CHEMBL274,0.1
Cc1cc(C#N)nc(C)c1C(=O)NCC[C@@H](C)N1CCC(N(Cc2ccsc2)C(=O)CC2CCOCC2)CC1,CHEMBL2164201,0.8,CHEMBL274,0.8
Cc1cc(Cl)nc(C)c1C(=O)NCC[C@@H](C)N1CCC(N(Cc2ccsc2)C(=O)CC#N)CC1,CHEMBL2164220,0.4,CHEMBL274,0.4
COCC(=O)N(Cc1ccsc1)C1CCN([C@H](C)CCNC(=O)c2c(C)cc(Cl)nc2C)CC1,CHEMBL2164219,0.4,CHEMBL274,0.4
CC(=O)N(Cc1ccsc1)C1CCN([C@H](C)CCNC(=O)c2c(C)cc(Cl)nc2C)CC1,CHEMBL2164218,0.9,CHEMBL274,0.9
Cc1cc(Cl)nc(C)c1C(=O)NCC[C@@H](C)N1CCC(N(Cc2ccsc2)C(=O)Nc2cccnc2)CC1,CHEMBL2164217,0.11,CHEMBL274,0.11
Cc1ccncc1CN(C(=O)Nc1cccnc1)C1CCN([C@H](C)CCNC(=O)c2c(C)cc(Cl)nc2C)CC1,CHEMBL2164216,14.3,CHEMBL274,14.3
Cc1cc(Cl)nc(C)c1C(=O)NCC[C@@H](C)N1CCC(N(Cc2ccsc2)C(=O)CC2CCOCC2)CC1,CHEMBL2164215,0.7,CHEMBL274,0.7
Cc1ccncc1CN(C(=O)CC1CCOCC1)C1CCN([C@H](C)CCNC(=O)c2c(C)cc(Cl)nc2C)CC1,CHEMBL2164214,31.1,CHEMBL274,31.1
COc1ccc(N(Cc2ccsc2)C2CCN([C@H](C)CCNC(=O)c3c(C)ncnc3C)CC2)cc1,CHEMBL2164213,1.2,CHEMBL274,1.2
COc1ccc(N(Cc2cnccc2C)C2CCN([C@H](C)CCNC(=O)c3c(C)ncnc3C)CC2)cc1,CHEMBL1926888,10.9,CHEMBL274,10.9
CCCCOCCOc1ccc(-c2ccc3c(c2)/C=C(/C(=O)Nc2ccc([S@@+]([O-])Cc4cncn4CCC)cc2)CCCN3CC(C)C)cc1,CHEMBL2110727,3.0,CHEMBL274,3.0
CCN(C(=O)Cc1ccc(S(C)(=O)=O)cc1)C1CCN(CC[C@@H](c2cc(F)cc(F)c2)C2CCC(S(C)(=O)=O)CC2)CC1,CHEMBL2178577,0.17,CHEMBL274,0.17
CCN(C(=O)Cc1ccc(S(C)(=O)=O)cc1)C1CCN(CC[C@H](c2ccc(S(C)(=O)=O)cc2)c2cc(F)cc(F)c2)CC1,CHEMBL212689,0.32,CHEMBL274,0.32
CCO[C@@H]1Cc2cc(C(F)(F)F)ccc2[C@H]1N1CCN(C2(C)CCN(C(=O)c3c(C)ncnc3C)CC2)C[C@@H]1C,CHEMBL1688243,3.1,CHEMBL274,3.1
Cc1ccc(-c2ccc3c(c2)C=C(C(=O)Nc2ccc(C[N+](C)(C)C4CCOCC4)cc2)CCC3)cc1.[Cl-],CHEMBL41275,1.4,CHEMBL274,1.4
COC[C@@H](c1ccc(C(F)(F)F)cc1)N1CCN(C2(C)CCN(C(=O)c3c(C)ncnc3C)CC2)C[C@@H]1C,CHEMBL82301,0.45,CHEMBL274,0.45
Cc1nnc(C(C)C)n1[C@H]1C[C@H]2CC[C@@H](C1)N2CC[C@H](NC(=O)C1CCC(F)(F)CC1)c1ccccc1,CHEMBL256907,3.0,CHEMBL274,3.0
Clc1cc(-c2ccccn2)nc(-c2ccccn2)c1,CHEMBL2205805,7943.28,CHEMBL274,5.1
Clc1cc(-c2ccccn2)nc(-c2ccccn2)c1,CHEMBL2205805,8100.0,CHEMBL274,8.1
Cc1nc2ccccc2n1[C@@H]1C[C@@H](C)N(CC[C@H](NC(=O)C2CCC2)c2ccccc2)[C@@H](C)C1,CHEMBL2203613,8.0,CHEMBL274,8.0
Cc1nc2ccccc2n1[C@@H]1C[C@H]2COC[C@@H](C1)N2CC[C@H](NC(=O)C1CCC1)c1ccccc1,CHEMBL2203612,9.0,CHEMBL274,9.0
Cc1nc2ccccc2n1[C@H]1C[C@H]2COC[C@@H](C1)N2CC[C@H](NC(=O)C1CCC1)c1ccccc1,CHEMBL2203621,39.7,CHEMBL274,39.7
Cc1nc2ccccc2n1[C@@H]1C[C@H]2CSC[C@@H](C1)N2CC[C@H](NC(=O)C1CCC1)c1ccccc1,CHEMBL2203620,21.5,CHEMBL274,21.5
Cc1nc2ccccc2n1C1(C)CCN(CC[C@H](NC(=O)C2CCC2)c2ccccc2)CC1,CHEMBL2203619,1.2,CHEMBL274,1.2
Cc1nc2ccccc2n1C1[C@H]2CN(CC[C@H](NC(=O)C3CCC3)c3ccccc3)C[C@@H]12,CHEMBL2203618,17.0,CHEMBL274,17.0
Cc1nc2ccccc2n1C1CN(CC[C@H](NC(=O)C2CCC2)c2ccccc2)C1,CHEMBL2203617,1000.0,CHEMBL274,1000.0
Cc1nc2ccccc2n1[C@H]1C[C@H]2CC[C@@H](C1)N2CC[C@H](NC(=O)C1CCC1)c1ccccc1,CHEMBL2203616,6.0,CHEMBL274,6.0
Cc1nc2ccccc2n1[C@@H]1C[C@H]2CC[C@@H](C1)N2CC[C@H](NC(=O)C1CCC1)c1ccccc1,CHEMBL2203615,2.0,CHEMBL274,2.0
Cc1nc2ccccc2n1C1CCN(CC[C@H](NC(=O)C2CCC2)c2ccccc2)CC1,CHEMBL2203614,20.0,CHEMBL274,20.0
CN(C[C@@H](CCN1CCC(CCCc2ccccc2)CC1)c1cccc(Cl)c1)S(=O)(=O)c1ccccc1,CHEMBL310780,50.0,CHEMBL274,7.301
CN(C[C@@H](CCN1CCC(CCc2ccccc2)CC1)c1cccc(Cl)c1)S(=O)(=O)c1ccccc1,CHEMBL83882,599.79,CHEMBL274,6.222
CN(C[C@@H](CCN1CCC(Cc2ccccc2)CC1)c1cccc(Cl)c1)S(=O)(=O)c1ccccc1,CHEMBL79958,650.13,CHEMBL274,6.187
CN(C[C@@H](CCN1CCC(c2ccc(F)cc2)CC1)c1cccc(Cl)c1)S(=O)(=O)c1ccccc1,CHEMBL83957,2500.35,CHEMBL274,5.602
CN(C[C@@H](CCN1CCC(c2ccc(Cl)cc2)CC1)c1cccc(Cl)c1)S(=O)(=O)c1ccccc1,CHEMBL83963,250.03,CHEMBL274,6.602
CN(C[C@@H](CCN1CCC(c2cccc(C(F)(F)F)c2)CC1)c1cccc(Cl)c1)S(=O)(=O)c1ccccc1,CHEMBL82838,1999.86,CHEMBL274,5.699
COc1ccccc1C1CCN(CC[C@H](CN(C)S(=O)(=O)c2ccccc2)c2cccc(Cl)c2)CC1,CHEMBL431795,1000.0,CHEMBL274,6.0
Cc1ccccc1C1CCN(CC[C@H](CN(C)S(=O)(=O)c2ccccc2)c2cccc(Cl)c2)CC1,CHEMBL84120,1199.5,CHEMBL274,5.921
Cc1ccccc1N1CCN(CC[C@H](CN(C)S(=O)(=O)c2ccccc2)c2cccc(Cl)c2)CC1,CHEMBL79369,349.95,CHEMBL274,6.456
CN(C[C@@H](CCN1CCN(c2ccccc2)CC1)c1cccc(Cl)c1)S(=O)(=O)c1ccccc1,CHEMBL79697,699.84,CHEMBL274,6.155
CN(C[C@@H](CCN1CCC2(CC1)Cc1ccccc1O2)c1cccc(Cl)c1)S(=O)(=O)c1ccccc1,CHEMBL83818,3999.45,CHEMBL274,5.398
CN(C[C@@H](CCN1CCC2(CC1)CC(=O)Nc1ccccc12)c1ccc(Cl)c(Cl)c1)S(=O)(=O)c1cccc([N+](=O)[O-])c1,CHEMBL2259885,6998.42,CHEMBL274,5.155
CN(C[C@@H](CCN1CCC2(CC1)CNC(=O)c1ccccc12)c1ccc(Cl)c(Cl)c1)S(=O)(=O)c1cccc([N+](=O)[O-])c1,CHEMBL2259884,599.79,CHEMBL274,6.222
CN1C(=O)c2ccccc2C12CCN(CC[C@H](CN(C)S(=O)(=O)c1ccccc1)c1cccc(Cl)c1)CC2,CHEMBL83745,1499.68,CHEMBL274,5.824
CN(C[C@@H](CCN1CCC2(CC1)NC(=O)c1ccccc12)c1cccc(Cl)c1)S(=O)(=O)c1ccccc1,CHEMBL310305,299.92,CHEMBL274,6.523
CN(C[C@@H](CCN1CCC2(CC1)CC(=O)c1ccccc12)c1cccc(Cl)c1)S(=O)(=O)c1ccccc1,CHEMBL82880,3396.25,CHEMBL274,5.469
CN(C[C@@H](CCN1CCC2(CC1)CNc1ccccc12)c1cccc(Cl)c1)S(=O)(=O)c1ccccc1,CHEMBL312808,1199.5,CHEMBL274,5.921
CN(C[C@@H](CCN1CCC2(CCc3ccccc32)CC1)c1cccc(Cl)c1)S(=O)(=O)c1ccccc1,CHEMBL84374,899.5,CHEMBL274,6.046
CN(C[C@@H](CCN1CCC2(CC1)CS(=O)(=O)c1ccccc12)c1cccc(Cl)c1)S(=O)(=O)c1ccccc1,CHEMBL83107,1000.0,CHEMBL274,6.0
CN(C[C@@H](CCN1CCC2(CC1)C[S+]([O-])c1ccccc12)c1cccc(Cl)c1)S(=O)(=O)c1ccccc1,CHEMBL83338,699.84,CHEMBL274,6.155
CN(C[C@@H](CCN1CCC2(CC1)CSc1ccccc12)c1cccc(Cl)c1)S(=O)(=O)c1ccccc1,CHEMBL79716,599.79,CHEMBL274,6.222
CN(C[C@@H](CCN1CCC2(CC1)C[S+]([O-])c1ccccc12)c1ccc(Cl)c(Cl)c1)S(=O)(=O)c1cccs1,CHEMBL89279,3597.49,CHEMBL274,5.444
CN(C[C@@H](CCN1CCC2(CC1)CS(=O)(=O)c1ccccc12)c1ccc(Cl)c(Cl)c1)S(=O)(=O)c1ccccc1,CHEMBL421356,399.94,CHEMBL274,6.398
C/C=C(\C)[C@H](CCN1CCC2(CC1)C[S+]([O-])c1ccccc12)CN(C)S(=O)(=O)c1ccccc1,CHEMBL2259883,399.94,CHEMBL274,6.398
CN(C[C@@H](CCN1CCC2(CC1)CSc1ccccc12)c1ccc(Cl)c(Cl)c1)S(=O)(=O)c1ccccc1,CHEMBL420057,399.94,CHEMBL274,6.398
CN(C[C@@H](CCN1CCC2(CC1)CS(=O)(=O)c1ccccc12)c1ccc(Cl)c(Cl)c1)S(=O)(=O)c1ccc([N+](=O)[O-])cc1,CHEMBL313071,699.84,CHEMBL274,6.155
CN(C[C@@H](CCN1CCC2(CC1)CS(=O)(=O)c1ccccc12)c1ccc(Cl)c(Cl)c1)S(=O)(=O)c1cccc([N+](=O)[O-])c1,CHEMBL313072,799.83,CHEMBL274,6.097
C/C=C(\C)[C@H](CCN1CCC2(CC1)C[S+]([O-])c1ccccc12)CN(C)S(=O)(=O)c1cn(C)cn1,CHEMBL2259882,1000.0,CHEMBL274,6.0
CN(C[C@@H](CCN1CCC2(CC1)C[S+]([O-])c1ccccc12)c1ccc(Cl)c(Cl)c1)S(=O)(=O)c1cncc2ccccc12,CHEMBL2259881,1000.0,CHEMBL274,6.0
CN(C[C@@H](CCN1CCC2(CC1)C[S+]([O-])c1ccccc12)c1ccc(Cl)c(Cl)c1)S(=O)(=O)c1cccnc1,CHEMBL89167,8491.8,CHEMBL274,5.071
CN(C[C@@H](CCN1CCC2(CC1)C[S+]([O-])c1ccccc12)c1ccc(Cl)c(Cl)c1)S(=O)(=O)c1ccc2c(c1)CCC2,CHEMBL2263647,5902.01,CHEMBL274,5.229
CN(C[C@@H](CCN1CCC2(CC1)C[S+]([O-])c1ccccc12)c1ccc(Cl)c(Cl)c1)S(=O)(=O)c1ccc2ccccc2c1,CHEMBL328024,3396.25,CHEMBL274,5.469
CN(C[C@@H](CCN1CCC2(CC1)C[S+]([O-])c1ccccc12)c1ccc(Cl)c(Cl)c1)S(=O)(=O)c1cccc2ccccc12,CHEMBL328025,2600.16,CHEMBL274,5.585
CN(C[C@@H](CCN1CCC2(CC1)C[S+]([O-])c1ccccc12)c1ccc(Cl)c(Cl)c1)S(=O)(=O)c1ccc(-c2ccccc2)cc1,CHEMBL330570,1000.0,CHEMBL274,6.0
COc1ccc(S(=O)(=O)N(C)C[C@@H](CCN2CCC3(CC2)C[S+]([O-])c2ccccc23)c2ccc(Cl)c(Cl)c2)cc1,CHEMBL86419,349.95,CHEMBL274,6.456
CN(C[C@@H](CCN1CCC2(CC1)C[S+]([O-])c1ccccc12)c1ccc(Cl)c(Cl)c1)S(=O)(=O)c1ccc(Cl)cc1,CHEMBL90620,349.95,CHEMBL274,6.456
CN(C[C@@H](CCN1CCC2(CC1)C[S+]([O-])c1ccccc12)c1ccc(Cl)c(Cl)c1)S(=O)(=O)c1cccc(Cl)c1,CHEMBL88344,1000.0,CHEMBL274,6.0
CN(C[C@@H](CCN1CCC2(CC1)C[S+]([O-])c1ccccc12)c1ccc(Cl)c(Cl)c1)S(=O)(=O)c1ccccc1Cl,CHEMBL88261,449.78,CHEMBL274,6.347
CN(C[C@@H](CCN1CCC2(CC1)C[S+]([O-])c1ccccc12)c1ccc(Cl)c(Cl)c1)S(=O)(=O)C1CCCCC1,CHEMBL88644,50.0,CHEMBL274,7.301
CN(C[C@@H](CCN1CCC2(CC1)C[S+]([O-])c1ccccc12)c1ccc(Cl)c(Cl)c1)S(=O)(=O)C1CCCC1,CHEMBL87167,500.03,CHEMBL274,6.301
CCCCCCCCS(=O)(=O)N(C)C[C@@H](CCN1CCC2(CC1)C[S+]([O-])c1ccccc12)c1ccc(Cl)c(Cl)c1,CHEMBL91045,1798.87,CHEMBL274,5.745
CN(C[C@@H](CCN1CCC2(CC1)C[S+]([O-])c1ccccc12)c1ccc(Cl)c(Cl)c1)S(C)(=O)=O,CHEMBL89221,149.97,CHEMBL274,6.824
CN(C[C@@H](CCN1CCC2(CC1)C[S+]([O-])c1ccccc12)c1ccc(Cl)c(Cl)c1)S(=O)(=O)Cc1ccccc1,CHEMBL88159,100.0,CHEMBL274,7.0
CN(C)S(=O)(=O)N(C)C[C@@H](CCN1CCC2(CC1)C[S+]([O-])c1ccccc12)c1ccc(Cl)c(Cl)c1,CHEMBL90272,2697.74,CHEMBL274,5.569
CN(C[C@@H](CCN1CCC2(CC1)CS(=O)(=O)c1ccccc12)c1ccc(Cl)c(Cl)c1)S(=O)(=O)c1cccs1,CHEMBL88976,1199.5,CHEMBL274,5.921
Clc1ccc(COc2ccc(Br)cc2CN2CCC(N3CCNCC3)CC2)cc1,CHEMBL232409,349.95,CHEMBL274,6.456
COC(=O)NC1CCN(Cc2cc(Br)ccc2OCc2ccc(Cl)cc2)CC1,CHEMBL234843,399.94,CHEMBL274,6.398
CC(=O)NC1CCN(Cc2cc(Br)ccc2OCc2ccc(Cl)cc2)CC1,CHEMBL394256,389.94,CHEMBL274,6.409
CCNC1CCN(Cc2cc(Br)ccc2OCc2ccc(Cl)cc2)CC1,CHEMBL234674,3097.42,CHEMBL274,5.509
FC1CCN(Cc2cc(Br)ccc2OCc2ccc(Cl)cc2)CC1,CHEMBL234672,279.9,CHEMBL274,6.553
CCOC1CCN(Cc2cc(Br)ccc2OCc2ccc(Cl)cc2)CC1,CHEMBL394115,449.78,CHEMBL274,6.347
OC1CCCN(Cc2cc(Br)ccc2OCc2ccc(Cl)cc2)C1,CHEMBL392868,149.97,CHEMBL274,6.824
OC1CCN(Cc2cc(Br)ccc2OCc2ccc(Cl)cc2)CC1,CHEMBL392659,48.98,CHEMBL274,7.31
OC1CCN(Cc2cc(Br)ccc2OCc2ccc(Cl)cc2)C1,CHEMBL233638,349.95,CHEMBL274,6.456
O=C1CCN(Cc2cc(Br)ccc2OCc2ccc(Cl)cc2)CC1,CHEMBL234206,149.97,CHEMBL274,6.824
CN(C)Cc1cc(Br)ccc1OCc1ccc(Cl)cc1,CHEMBL234461,599.79,CHEMBL274,6.222
N#Cc1ccc(COc2ccc(Br)cc2/C=N/NC(=N)N)cc1,CHEMBL240636,479.73,CHEMBL274,6.319
CN(C)c1cc(Br)ccc1OCc1ccc(Cl)cc1,CHEMBL2281962,599.79,CHEMBL274,6.222
CCCC/C(=N\NC(=N)N)c1cc(Cl)ccc1OCc1ccc(F)cc1,CHEMBL394684,4197.59,CHEMBL274,5.377
CC/C(=N\NC(=N)N)c1cc(Br)ccc1OCc1ccc(Cl)cc1,CHEMBL2281961,399.94,CHEMBL274,6.398
C/C(=N\NC(=N)N)c1cc(Br)ccc1OCc1ccc(C#N)cc1,CHEMBL2281960,92.9,CHEMBL274,7.032
N=C(N)N/N=C/c1cc(Cl)ccc1OCc1ccc(Cl)cc1,CHEMBL240639,602.56,CHEMBL274,6.22
COc1ccc(COc2ccc(Br)cc2/C=N/NC(=N)N)cc1,CHEMBL238545,699.84,CHEMBL274,6.155
Cc1ccc(COc2ccc(Br)cc2/C=N/NC(=N)N)cc1,CHEMBL239154,500.03,CHEMBL274,6.301
O=C(NCC1(O)CCC(Cc2cc(Br)ccc2OCc2ccc(Cl)cc2)CC1)Nc1c(Cl)cc(Cl)cc1Cl,CHEMBL2281959,449.78,CHEMBL274,6.347
Cc1ccc(NC(=O)NCC2(O)CCC(Cc3cc(Br)ccc3OCc3ccc(Cl)cc3)CC2)cc1,CHEMBL2281958,1499.68,CHEMBL274,5.824
N=C(N)N/N=C/c1cc(Br)ccc1OCc1cccc(Cl)c1,CHEMBL2281957,839.46,CHEMBL274,6.076
CC1CCN(CC2(O)CCN(Cc3cc(Br)ccc3OCc3ccc(Cl)cc3)CC2)CC1,CHEMBL2281956,209.89,CHEMBL274,6.678
OC1CCN(CC2(O)CCN(Cc3cc(Br)ccc3OCc3ccc(Cl)cc3)CC2)CC1,CHEMBL237896,1099.01,CHEMBL274,5.959
NCC1(O)CCN(Cc2cc(Br)ccc2OCc2ccc(Cl)cc2)CC1,CHEMBL234896,579.43,CHEMBL274,6.237
OC1(C(F)(F)F)CCN(Cc2cc(Br)ccc2OCc2ccc(Cl)cc2)CC1,CHEMBL393004,579.43,CHEMBL274,6.237
N=C(N)N/N=C/c1cc(Br)ccc1OCc1cccc([N+](=O)[O-])c1,CHEMBL240638,1698.24,CHEMBL274,5.77
N=C(N)N/N=C/c1cc(Br)ccc1OCc1ccc([N+](=O)[O-])cc1,CHEMBL395607,899.5,CHEMBL274,6.046
CCOC(=O)C1CCN(Cc2cc(Br)ccc2OCc2ccc(Cl)cc2)CC1,CHEMBL232412,1300.17,CHEMBL274,5.886
NCC1CCN(Cc2cc(Br)ccc2OCc2ccc(Cl)cc2)CC1,CHEMBL234844,1300.17,CHEMBL274,5.886
N#Cc1cccc(COc2ccc(Br)cc2/C=N/NC(=N)N)c1,CHEMBL240637,1999.86,CHEMBL274,5.699
Clc1ccc(COc2ccc(Br)cc2CN2CCCC2)cc1,CHEMBL391378,1300.17,CHEMBL274,5.886
CCN(CC)Cc1cc(Br)ccc1OCc1ccc(Cl)cc1,CHEMBL234634,1399.59,CHEMBL274,5.854
CCNCc1cc(Br)ccc1OCc1ccc(Cl)cc1,CHEMBL233385,1099.01,CHEMBL274,5.959
NCc1cc(Br)ccc1OCc1ccc(Cl)cc1,CHEMBL233845,1698.24,CHEMBL274,5.77
N=C(N)N/N=C/c1cc(Br)ccc1OCc1ccc(Cl)cc1,CHEMBL429641,599.79,CHEMBL274,6.222
Brc1ccc(COc2ccc(Br)cc2N2CCOCC2)cc1,CHEMBL2281892,1000.0,CHEMBL274,6.0
CCN(CC)c1cc(Br)ccc1OCc1ccc(Cl)cc1,CHEMBL2281971,1399.59,CHEMBL274,5.854
Clc1ccc(COc2ccc(Br)cc2/C=N/NC2=NCCCN2)cc1,CHEMBL439223,1999.86,CHEMBL274,5.699
Clc1ccc(COc2ccc(Br)cc2/C=N/NC2=NCCN2)cc1,CHEMBL394685,749.89,CHEMBL274,6.125
N=C(N)N/N=C/c1cc(Br)ccc1OCc1ccc(F)cc1,CHEMBL397296,799.83,CHEMBL274,6.097
C/C(=N\NC(=N)N)c1cc(Cl)ccc1OCc1ccc(Cl)cc1,CHEMBL393274,139.96,CHEMBL274,6.854
C/C(=N\NC(=N)N)c1cc(Br)ccc1OCc1ccc(Cl)cc1,CHEMBL241097,199.99,CHEMBL274,6.699
N=C(N)N/N=C/c1cc(Br)ccc1OCc1ccccc1,CHEMBL397295,1901.08,CHEMBL274,5.721
N#Cc1ccc(OCc2ccc(Cl)cc2)c(/C=N/NC(=N)N)c1,CHEMBL241057,599.79,CHEMBL274,6.222
N=C(N)N/N=C/c1cc(F)ccc1OCc1ccc(Cl)cc1,CHEMBL240640,3404.08,CHEMBL274,5.468
N=C(N)N/N=C/c1cc([N+](=O)[O-])ccc1OCc1ccc(Cl)cc1,CHEMBL395843,1199.5,CHEMBL274,5.921
COc1ccc([N+](=O)[O-])cc1COc1ccc(Br)cc1/C=N/NC(=N)N,CHEMBL238549,8709.64,CHEMBL274,5.06
N=C(N)N/N=C/c1cc(Br)ccc1OCc1ccc(F)c(F)c1,CHEMBL2281970,3698.28,CHEMBL274,5.432
Clc1ccc(COc2ccc(Br)cc2CN2CCOCC2)cc1,CHEMBL391379,1000.0,CHEMBL274,6.0
N=C(N)N/N=C/c1cc(Br)ccc1OCc1ccc(-c2ccccc2)cc1,CHEMBL393068,1698.24,CHEMBL274,5.77
N=C(N)N/N=C/c1cc(Br)ccc1OCc1ccc(OCc2ccccc2)cc1,CHEMBL238546,2897.34,CHEMBL274,5.538
Cc1cccc(COc2ccc(Br)cc2/C=N/NC(=N)N)c1,CHEMBL239783,1698.24,CHEMBL274,5.77
COC(=O)c1cccc(COc2ccc(Br)cc2/C=N/NC(=N)N)c1,CHEMBL238949,1599.56,CHEMBL274,5.796
COC(=O)c1ccc(COc2ccc(Br)cc2/C=N/NC(=N)N)cc1,CHEMBL241251,1300.17,CHEMBL274,5.886
CC(C)c1cccc(C(C)C)c1NC(=O)NCC1(O)CCC(Cc2cc(Br)ccc2OCc2ccc(Cl)cc2)CC1,CHEMBL2281969,34.99,CHEMBL274,7.456
CCc1cccc(CC)c1NC(=O)NCC1(O)CCC(Cc2cc(Br)ccc2OCc2ccc(Cl)cc2)CC1,CHEMBL2281968,10.99,CHEMBL274,7.959
Cc1cccc(C)c1NC(=O)NCC1(O)CCC(Cc2cc(Br)ccc2OCc2ccc(Cl)cc2)CC1,CHEMBL2281967,46.99,CHEMBL274,7.328
Cc1cc(C)c(NC(=O)NCC2(O)CCC(Cc3cc(Br)ccc3OCc3ccc(Cl)cc3)CC2)c(C)c1,CHEMBL2281966,100.0,CHEMBL274,7.0
Cc1cc(Br)cc(C)c1NC(=O)NCC1(O)CCC(Cc2cc(Br)ccc2OCc2ccc(Cl)cc2)CC1,CHEMBL2281965,169.82,CHEMBL274,6.77
O=C(NCC1(O)CCC(Cc2cc(Br)ccc2OCc2ccc(Cl)cc2)CC1)Nc1c(Cl)cccc1Cl,CHEMBL2281964,57.02,CHEMBL274,7.244
O=C(NCC1(O)CCC(Cc2cc(Br)ccc2OCc2ccc(Cl)cc2)CC1)Nc1c(F)cccc1F,CHEMBL2281963,319.89,CHEMBL274,6.495
N=C(N)N/N=C/c1cc(Br)ccc1OCc1ccccc1[N+](=O)[O-],CHEMBL240655,5701.64,CHEMBL274,5.244
C=CCN(C(=O)c1ccc([N+](=O)[O-])cc1)C1CCN(CCC(CN(C)S(=O)(=O)c2ccccc2)c2ccccc2)CC1,CHEMBL2282503,1.995,CHEMBL274,8.7
CCCN(C(=O)CCc1ccccc1)C1CCN(CCC(CN(C)S(=O)(=O)c2ccccc2)c2ccccc2)CC1,CHEMBL2282502,19.95,CHEMBL274,7.7
CCCN(C(=O)COc1ccccc1)C1CCN(CCC(CN(C)S(=O)(=O)c2ccccc2)c2ccccc2)CC1,CHEMBL2282501,3.981,CHEMBL274,8.4
CCCN(C(=O)Cc1ccccc1)C1CCN(CCC(CN(C)S(=O)(=O)c2ccccc2)c2ccccc2)CC1,CHEMBL2282500,3.02,CHEMBL274,8.52
CCCN(C(=O)c1ccccc1)C1CCN(CCC(CN(C)S(=O)(=O)c2ccccc2)c2ccccc2)CC1,CHEMBL2282504,100.0,CHEMBL274,7.0
CCN(C(C)=O)C1CCN(CCC(CN(C)S(=O)(=O)c2ccccc2)c2ccccc2)CC1,CHEMBL2282505,120.23,CHEMBL274,6.92
C=CCN(C(=O)Nc1ccc([N+](=O)[O-])cc1)C1CCN(CCC(CN(C)S(=O)(=O)c2ccccc2)c2ccccc2)CC1,CHEMBL2282506,0.7586,CHEMBL274,9.12
CCCN(C(=O)N(C)Cc1ccccc1)C1CCN(CCC(CN(C)S(=O)(=O)c2ccccc2)c2ccccc2)CC1,CHEMBL309447,19.95,CHEMBL274,7.7
CCCN(C(=O)Nc1ccccc1)C1CCN(CCC(CN(C)S(=O)(=O)c2ccccc2)c2ccccc2)CC1,CHEMBL445836,3.981,CHEMBL274,8.4
CN(CC(CCN1CCC(NC(=O)NCc2ccccc2)CC1)c1ccccc1)S(=O)(=O)c1ccccc1,CHEMBL309922,2.512,CHEMBL274,8.6
CCN(C(=O)NCc1ccccc1)C1CCN(CCC(CN(C)S(=O)(=O)c2ccccc2)c2ccccc2)CC1,CHEMBL2282507,100.0,CHEMBL274,7.0
CNC(=O)NC1CCN(CCC(CN(C)S(=O)(=O)c2ccccc2)c2ccccc2)CC1,CHEMBL83773,120.23,CHEMBL274,6.92
CCCN(C(=O)NC)C1CCN(CCC(CN(C)S(=O)(=O)c2ccccc2)c2ccccc2)CC1,CHEMBL2282508,1000.0,CHEMBL274,6.0
CCCN(C(=O)OCc1ccc(C(N)=O)cc1)C1CCN(CC[C@H](CN(C)S(=O)(=O)c2ccccc2)c2ccccc2)CC1,CHEMBL79622,3.02,CHEMBL274,8.52
CCCN(C(=O)OCc1cccc(C(N)=O)c1)C1CCN(CC[C@H](CN(C)S(=O)(=O)c2ccccc2)c2ccccc2)CC1,CHEMBL2282509,0.7943,CHEMBL274,9.1
C=CCN(C(=O)OCc1ccc([N+](=O)[O-])cc1)C1CCN(CC[C@H](CN(C)S(=O)(=O)c2ccccc2)c2ccccc2)CC1,CHEMBL83335,1.995,CHEMBL274,8.7
CCCN(C(=O)OCc1ccc([N+](=O)[O-])cc1)C1CCN(CC[C@H](CN(C)S(=O)(=O)c2ccccc2)c2ccccc2)CC1,CHEMBL421342,1.514,CHEMBL274,8.82
CCCN(C(=O)OCc1ccc(C)cc1)C1CCN(CC[C@H](CN(C)S(=O)(=O)c2ccccc2)c2ccccc2)CC1,CHEMBL311261,3.02,CHEMBL274,8.52
CCCN(C(=O)OCc1cccc(C)c1)C1CCN(CC[C@H](CN(C)S(=O)(=O)c2ccccc2)c2ccccc2)CC1,CHEMBL83823,3.02,CHEMBL274,8.52
CCCN(C(=O)OCc1ccccc1C)C1CCN(CC[C@H](CN(C)S(=O)(=O)c2ccccc2)c2ccccc2)CC1,CHEMBL81926,1.514,CHEMBL274,8.82
C=CCN(C(=O)OCc1ccccc1)C1CCN(CC[C@H](CN(C)S(=O)(=O)c2ccccc2)c2ccccc2)CC1,CHEMBL82168,1.995,CHEMBL274,8.7
CCCN(C(=O)OCc1ccccc1)C1CCN(CC[C@H](CN(C)S(=O)(=O)c2ccccc2)c2ccccc2)CC1,CHEMBL82048,3.981,CHEMBL274,8.4
CN(C(=O)OCc1ccccc1)C1CCN(CC[C@H](CN(C)S(=O)(=O)c2ccccc2)c2ccccc2)CC1,CHEMBL309619,5.012,CHEMBL274,8.3
CCN(C(=O)OCc1ccccc1)C1CCN(CC[C@H](CN(C)S(=O)(=O)c2ccccc2)c2ccccc2)CC1,CHEMBL85086,1.995,CHEMBL274,8.7
CCN(C(=O)Oc1ccccc1)C1CCN(CC[C@H](CN(C)S(=O)(=O)c2ccccc2)c2ccccc2)CC1,CHEMBL311532,10.0,CHEMBL274,8.0
CCN(C(=O)OCC1CCCCC1)C1CCN(CC[C@H](CN(C)S(=O)(=O)c2ccccc2)c2ccccc2)CC1,CHEMBL309657,15.14,CHEMBL274,7.82
CCOC(=O)N(CC)C1CCN(CC[C@H](CN(C)S(=O)(=O)c2ccccc2)c2ccccc2)CC1,CHEMBL84029,39.81,CHEMBL274,7.4
CN(C[C@@H](CCN1CCC(N(CC2CCCCC2)C(=O)OCc2ccccc2)CC1)c1ccccc1)S(=O)(=O)c1ccccc1,CHEMBL84351,794.33,CHEMBL274,6.1
COC(=O)N(Cc1ccccc1)C1CCN(CC[C@H](CN(C)S(=O)(=O)c2ccccc2)c2ccccc2)CC1,CHEMBL79315,100.0,CHEMBL274,7.0
COC(=O)N(CC1CCCCC1)C1CCN(CC[C@H](CN(C)S(=O)(=O)c2ccccc2)c2ccccc2)CC1,CHEMBL80043,6.026,CHEMBL274,8.22
CCCCCCN(C(=O)OC)C1CCN(CC[C@H](CN(C)S(=O)(=O)c2ccccc2)c2ccccc2)CC1,CHEMBL79667,10.0,CHEMBL274,8.0
CCCCN(C(=O)OC)C1CCN(CC[C@H](CN(C)S(=O)(=O)c2ccccc2)c2ccccc2)CC1,CHEMBL431009,15.14,CHEMBL274,7.82
CCCN(C(=O)OC)C1CCN(CC[C@H](CN(C)S(=O)(=O)c2ccccc2)c2ccccc2)CC1,CHEMBL79907,19.95,CHEMBL274,7.7
CCN(C(=O)OC)C1CCN(CC[C@H](CN(C)S(=O)(=O)c2ccccc2)c2cccc(Cl)c2)CC1,CHEMBL2282510,39.81,CHEMBL274,7.4
COC(=O)N(C)C1CCN(CC[C@H](CN(C)S(=O)(=O)c2ccccc2)c2ccccc2)CC1,CHEMBL440137,151.36,CHEMBL274,6.82
CCN(C(=O)OC(C)(C)C)C1CCN(CC[C@H](CN(C)S(=O)(=O)c2ccccc2)c2ccccc2)CC1,CHEMBL79930,30.2,CHEMBL274,7.52
CN(C[C@@H](CCN1CCC(NC(=O)OC(C)(C)C)CC1)c1ccccc1)S(=O)(=O)c1ccccc1,CHEMBL421527,1000.0,CHEMBL274,6.0
COC(=O)NC1CCN(CC[C@H](CN(C)S(=O)(=O)c2ccccc2)c2ccccc2)CC1,CHEMBL310369,1000.0,CHEMBL274,6.0
COc1cccc2c1c(NS(=O)(=O)c1ccc(Cl)s1)nn2Cc1cccc(CNC(=O)C(C)(C)O)c1,CHEMBL2018969,6309.57,CHEMBL274,5.2
Cc1ncnc(C)c1C(=O)NCC[C@@H](C)N1CCC(N2C(=O)N(C3CCCCC3)C[C@@H]2c2ccccc2)CC1,CHEMBL2435882,9039.0,CHEMBL274,9039.0
Cc1ncnc(C)c1C(=O)NCCC(C)N1CCC(N2C(=O)N(C3CCCCC3)CC2c2ccccc2Cl)CC1,CHEMBL2435889,3148.0,CHEMBL274,3148.0
Cc1ncnc(C)c1C(=O)NCCC(C)N1CCC(N2C(=O)N(C3CCCCC3)CC2c2ccc(Br)cc2)CC1,CHEMBL2435896,3020.0,CHEMBL274,3020.0
Cc1ncnc(C)c1C(=O)NCCC(C)N1CCC(N2C(=O)N(C3CCCCC3)CC2c2cccnc2)CC1,CHEMBL2435899,2938.0,CHEMBL274,2938.0
O=C1N(C2CCCCC2)C[C@@H](c2ccccc2)N1C1CCN(Cc2ccc(-c3ncccn3)cc2)CC1,CHEMBL2435869,2040.0,CHEMBL274,2040.0
Cc1ncnc(C)c1C(=O)NCC[C@H](C)N1CCC(N2C(=O)N(C3CCCCC3)C[C@@H]2c2ccccc2)CC1,CHEMBL2435884,1839.0,CHEMBL274,1839.0
Cc1ccccc1C1CN(C2CCCCC2)C(=O)N1C1CCN(C(C)CCNC(=O)c2c(C)ncnc2C)CC1,CHEMBL2435887,1702.0,CHEMBL274,1702.0
Cc1ccccc1N1CCC(CN2CCC(N3C(=O)N(C4CCCCC4)C[C@H]3c3ccccc3)CC2)CC1,CHEMBL2435875,1595.0,CHEMBL274,1595.0
Cc1ncnc(C)c1C(=O)NCCC(C)N1CCC(N2C(=O)N(C3CCCCC3)CC2c2ccccc2Cl)CC1,CHEMBL2435889,1526.0,CHEMBL274,1526.0
Cc1ncnc(C)c1C(=O)NCC[C@H](C)N1CCC(N2C(=O)N(C3CCCCC3)C[C@@H]2c2ccccc2)CC1,CHEMBL2435884,1465.0,CHEMBL274,1465.0
Cc1ncnc(C)c1C(=O)NCCC(C)N1CCC(N2C(=O)N(C3CCCCC3)CC2c2ccccn2)CC1,CHEMBL2435900,908.8,CHEMBL274,908.8
Cc1ncnc(C)c1C(=O)NCCC(C)N1CCC(N2C(=O)N(C3CCCCC3)CC2c2cccnc2)CC1,CHEMBL2435899,832.0,CHEMBL274,832.0
Cc1cc(Cl)nc(C)c1C(=O)NCCC(C)N1CCC(N2C(=O)N(C3CCC(C(=O)O)CC3)C[C@H]2c2ccccc2)CC1,CHEMBL2435865,807.2,CHEMBL274,807.2
Cc1ncnc(C)c1C(=O)NCCC(C)N1CCC(N2C(=O)N(C3CCCCC3)CC2c2ccc(Br)cc2)CC1,CHEMBL2435896,700.8,CHEMBL274,700.8
O=C1N(C2CCCCC2)C[C@@H](c2ccccc2)N1C1CCN(Cc2ccc(-c3ccncc3)cc2)CC1,CHEMBL2435871,548.0,CHEMBL274,548.0
O=C1N(C2CCCCC2)C[C@@H](c2ccccc2)N1C1CCN(Cc2ccc(-c3ccccc3)cc2)CC1,CHEMBL2435867,435.9,CHEMBL274,435.9
COC(=O)c1cccc(C2CN(C3CCCCC3)C(=O)N2C2CCN(C(C)CCNC(=O)c3c(C)ncnc3C)CC2)c1,CHEMBL2435895,346.5,CHEMBL274,346.5
Cc1ncnc(C)c1C(=O)NCCC(C)N1CCC(N2C(=O)N(C3CCCCC3)CC2c2ccccc2F)CC1,CHEMBL2435888,342.0,CHEMBL274,342.0
O=C1N(C2CCCCC2)C[C@@H](c2ccccc2)N1C1CCN(Cc2ccc(N3CCOCC3)cc2)CC1,CHEMBL2435873,336.2,CHEMBL274,336.2
O=C1N(C2CCCCC2)C[C@@H](c2ccccc2)N1C1CCN(Cc2ccc(-c3ncccn3)cc2)CC1,CHEMBL2435869,334.0,CHEMBL274,334.0
Cc1ccccc1C1CN(C2CCCCC2)C(=O)N1C1CCN(C(C)CCNC(=O)c2c(C)ncnc2C)CC1,CHEMBL2435887,322.0,CHEMBL274,322.0
Cc1ncnc(C)c1C(=O)NCCC(C)N1CCC(N2C(=O)N(C3CCCCC3)CC2c2ccccn2)CC1,CHEMBL2435900,300.7,CHEMBL274,300.7
Cn1nnc(-c2ccc(CN3CCC(N4C(=O)N(C5CCCCC5)C[C@H]4c4ccccc4)CC3)cc2)n1,CHEMBL2435872,279.5,CHEMBL274,279.5
O=C1N(C2CCCCC2)C[C@@H](c2ccccc2)N1C1CCN(Cc2ccc(-c3cccnc3)cc2)CC1,CHEMBL2435870,214.0,CHEMBL274,214.0
O=C1N(C2CCCCC2)C[C@@H](c2ccccc2)N1C1CCN(Cc2ccc3nc[nH]c3c2)CC1,CHEMBL2435874,199.7,CHEMBL274,199.7
Cc1ncnc(C)c1C(=O)NCCC(C)N1CCC(N2C(=O)N(C3CCCCC3)CC2c2ccccc2Cl)CC1,CHEMBL2435889,195.0,CHEMBL274,195.0
COC(=O)c1cccc(C2CN(C3CCCCC3)C(=O)N2C2CCN(C(C)CCNC(=O)c3c(C)ncnc3C)CC2)c1,CHEMBL2435895,175.8,CHEMBL274,175.8
O=C1N(C2CCCCC2)C[C@@H](c2ccccc2)N1C1CCN(Cc2ccc(-c3ncccn3)cc2)CC1,CHEMBL2435869,169.0,CHEMBL274,169.0
COC(=O)c1cccc(C2CN(C3CCCCC3)C(=O)N2C2CCN(C(C)CCNC(=O)c3c(C)ncnc3C)CC2)c1,CHEMBL2435895,157.6,CHEMBL274,157.6
Cc1ncnc(C)c1C(=O)NCCC(C)N1CCC(N2C(=O)N(C3CCCCC3)CC2c2ccccc2F)CC1,CHEMBL2435888,155.0,CHEMBL274,155.0
Cc1cccc(C2CN(C3CCCCC3)C(=O)N2C2CCN(C(C)CCNC(=O)c3c(C)ncnc3C)CC2)n1,CHEMBL2435901,149.8,CHEMBL274,149.8
O=C1N(C2CCCCC2)C[C@@H](c2ccccc2)N1C1CCN(Cc2ccc(Oc3ccccc3)cc2)CC1,CHEMBL2435877,135.9,CHEMBL274,135.9
Cc1cccc(C2CN(C3CCCCC3)C(=O)N2C2CCN(C(C)CCNC(=O)c3c(C)ncnc3C)CC2)n1,CHEMBL2435901,117.1,CHEMBL274,117.1
O=C(O)c1cccc(Oc2ccc(CN3CCC(N4C(=O)N(C5CCCCC5)C[C@H]4c4ccccc4)CC3)cc2)c1,CHEMBL2435846,92.8,CHEMBL274,92.8
O=C1N(C2CCCCC2)C[C@@H](c2ccccc2)N1C1CCN(Cc2ccc3nc[nH]c3c2)CC1,CHEMBL2435874,91.0,CHEMBL274,91.0
Cc1ncnc(C)c1C(=O)NCCC(C)N1CCC(N2C(=O)N(C3CCCCC3)CC2c2ccccc2F)CC1,CHEMBL2435888,91.0,CHEMBL274,91.0
CNC(=O)c1ccc(CN2CCC(N3C(=O)N(C4CCCCC4)C[C@H]3c3ccccc3)CC2)cc1,CHEMBL2435876,85.1,CHEMBL274,85.1
Cc1ncnc(C)c1C(=O)NCCC(C)N1CCC(N2C(=O)N(C3CCCCC3)CC2c2ccsc2)CC1,CHEMBL2435910,85.0,CHEMBL274,85.0
Cc1cc(C)cc(C2CN(C3CCCCC3)C(=O)N2C2CCN(C(C)CCNC(=O)c3c(C)ncnc3C)CC2)c1,CHEMBL2435897,79.6,CHEMBL274,79.6
Cc1ncnc(C)c1C(=O)NCCC(C)N1CCC(N2C(=O)N(C3CCCCC3)CC2c2ccccc2)CC1,CHEMBL2435911,77.0,CHEMBL274,77.0
Cc1ncnc(C)c1C(=O)NCCC(C)N1CCC(N2C(=O)N(C3CCCCC3)CC2c2ccccc2)CC1,CHEMBL2435911,65.7,CHEMBL274,65.7
CNC(=O)c1ccc(CN2CCC(N3C(=O)N(C4CCCCC4)C[C@H]3c3ccccc3)CC2)cc1,CHEMBL2435876,62.7,CHEMBL274,62.7
Cc1ncnc(C)c1C(=O)NCCC(C)N1CCC(N2C(=O)N(C3CCCCC3)CC2c2cccc(F)c2)CC1,CHEMBL2435893,62.5,CHEMBL274,62.5
CN(C)C(=O)c1ccc(Oc2ccc(CN3CCC(N4C(=O)N(C5CCCCC5)C[C@H]4c4ccccc4)CC3)cc2)cc1,CHEMBL2435879,57.0,CHEMBL274,57.0
Cc1ncnc(C)c1C(=O)NCCC(C)N1CCC(N2C(=O)N(C3CCCCC3)CC2c2cccc(C#N)c2)CC1,CHEMBL2435894,56.9,CHEMBL274,56.9
CCN1C[C@@H](c2ccccc2)N(C2CCN(C(C)CCNC(=O)c3c(C)cc(Cl)nc3C)CC2)C1=O,CHEMBL2435902,56.6,CHEMBL274,56.6
Cc1cc(Cl)nc(C)c1C(=O)NCCC(C)N1CCC(N2C(=O)N(C3CCC(C(=O)O)CC3)C[C@H]2c2ccccc2)CC1,CHEMBL2435865,56.0,CHEMBL274,56.0
Cc1cc(Cl)nc(C)c1C(=O)NCCC(C)N1CCC(N2C(=O)N(Cc3cccnc3)C[C@H]2c2ccccc2)CC1,CHEMBL2435863,52.4,CHEMBL274,52.4
O=C1N(C2CCCCC2)C[C@@H](c2ccccc2)N1C1CCN(Cc2ccc3nc[nH]c3c2)CC1,CHEMBL2435874,50.7,CHEMBL274,50.7
O=C1N(C2CCCCC2)C[C@@H](c2ccccc2)N1C1CCN(Cc2ccc(-c3cncnc3)cc2)CC1,CHEMBL2435868,50.6,CHEMBL274,50.6
CNC(=O)c1ccc(Oc2ccc(CN3CCC(N4C(=O)N(C5CCCCC5)C[C@H]4c4ccccc4)CC3)cc2)cc1,CHEMBL2435878,44.7,CHEMBL274,44.7
Cc1ncnc(C)c1C(=O)NCCC(C)N1CCC(N2C(=O)N(C3CCCCC3)CC2c2ccsc2)CC1,CHEMBL2435910,44.4,CHEMBL274,44.4
O=C1N(C2CCCCC2)C[C@@H](c2ccccc2)N1C1CCN(Cc2ccc(-c3cccnc3)cc2)CC1,CHEMBL2435870,43.7,CHEMBL274,43.7
Cn1nnc(-c2ccc(CN3CCC(N4C(=O)N(C5CCCCC5)C[C@H]4c4ccccc4)CC3)cc2)n1,CHEMBL2435872,43.7,CHEMBL274,43.7
O=C1N(C2CCCCC2)C[C@@H](c2ccccc2)N1C1CCN(Cc2ccc(-c3ccncc3)cc2)CC1,CHEMBL2435871,43.5,CHEMBL274,43.5
Cc1cc(Cl)nc(C)c1C(=O)NCCC(C)N1CCC(N2C(=O)N(Cc3ccc(C(=O)O)cc3)C[C@H]2c2ccccc2)CC1,CHEMBL2435866,42.2,CHEMBL274,42.2
O=C1N(C2CCCCC2)C[C@@H](c2ccccc2)N1C1CCN(Cc2ccc(-c3ccccc3)cc2)CC1,CHEMBL2435867,41.8,CHEMBL274,41.8
O=C1N(C2CCCCC2)C[C@@H](c2ccccc2)N1C1CCN(Cc2ccc(-c3ccncc3)cc2)CC1,CHEMBL2435871,39.3,CHEMBL274,39.3
Cc1ncnc(C)c1C(=O)NCCC(C)N1CCC(N2C(=O)N(C3CCCCC3)CC2c2ccsc2)CC1,CHEMBL2435910,39.0,CHEMBL274,39.0
O=C(O)c1ccc(Oc2ccc(CN3CCC(N4C(=O)N(C5CCCCC5)C[C@H]4c4ccccc4)CC3)cc2)cc1,CHEMBL2435881,38.9,CHEMBL274,38.9
Cc1cc(C)cc(C2CN(C3CCCCC3)C(=O)N2C2CCN(C(C)CCNC(=O)c3c(C)ncnc3C)CC2)c1,CHEMBL2435897,36.5,CHEMBL274,36.5
Cc1ncnc(C)c1C(=O)NCCC(C)N1CCC(N2C(=O)N(C3CCCCC3)CC2c2cccc(C#N)c2)CC1,CHEMBL2435894,34.8,CHEMBL274,34.8
Cc1ncnc(C)c1C(=O)NCCC(C)N1CCC(N2C(=O)N(C3CCCCC3)CC2c2cccc(C#N)c2)CC1,CHEMBL2435894,32.2,CHEMBL274,32.2
Cc1cc(F)cc(C2CN(C3CCCCC3)C(=O)N2C2CCN(C(C)CCNC(=O)c3c(C)ncnc3C)CC2)c1,CHEMBL2435898,32.0,CHEMBL274,32.0
Cc1cccc(C2CN(C3CCCCC3)C(=O)N2C2CCN(C(C)CCNC(=O)c3c(C)ncnc3C)CC2)c1,CHEMBL2435890,31.0,CHEMBL274,31.0
NC(=O)c1ccc(Oc2ccc(CN3CCC(N4C(=O)N(C5CCCCC5)C[C@H]4c4ccccc4)CC3)cc2)cc1,CHEMBL2435880,28.8,CHEMBL274,28.8
Cc1ncnc(C)c1C(=O)NCC[C@@H](C)N1CCC(N2C(=O)N(C3CCCCC3)C[C@H]2c2ccccc2)CC1,CHEMBL2435913,27.6,CHEMBL274,27.6
Cc1ncnc(C)c1C(=O)NCCC(C)N1CCC(N2C(=O)N(C3CCCCC3)CC2c2cccc(F)c2)CC1,CHEMBL2435893,25.9,CHEMBL274,25.9
CCN1C[C@@H](c2ccccc2)N(C2CCN(C(C)CCNC(=O)c3c(C)cc(Cl)nc3C)CC2)C1=O,CHEMBL2435902,24.7,CHEMBL274,24.7
O=C1N(C2CCCCC2)C[C@@H](c2ccccc2)N1C1CCN(Cc2ccc(Oc3ccccc3)cc2)CC1,CHEMBL2435877,22.5,CHEMBL274,22.5
Cc1ncnc(C)c1C(=O)NCCC(C)N1CCC(N2C(=O)N(C3CCCCC3)CC2c2cccc(Br)c2)CC1,CHEMBL2435891,22.0,CHEMBL274,22.0
Cc1ncnc(C)c1C(=O)NCCC(C)N1CCC(N2C(=O)N(C3CCCCC3)CC2c2ccccc2)CC1,CHEMBL2435911,20.7,CHEMBL274,20.7
Cc1ncnc(C)c1C(=O)NCC[C@@H](C)N1CCC(N2C(=O)N(C3CCCCC3)C[C@H]2c2ccccc2)CC1,CHEMBL2435913,19.8,CHEMBL274,19.8
Cc1cc(Cl)nc(C)c1C(=O)NCCC(C)N1CCC(N2C(=O)N(C3CCC3)C[C@H]2c2ccccc2)CC1,CHEMBL2435906,19.5,CHEMBL274,19.5
Cc1ncnc(C)c1C(=O)NCCC(C)N1CCC(N2C(=O)N(C3CCCCC3)CC2c2cccc(Cl)c2)CC1,CHEMBL2435892,19.5,CHEMBL274,19.5
CCCN1C[C@@H](c2ccccc2)N(C2CCN(C(C)CCNC(=O)c3c(C)cc(Cl)nc3C)CC2)C1=O,CHEMBL2435903,19.4,CHEMBL274,19.4
O=C1N(C2CCCCC2)C[C@@H](c2ccccc2)N1C1CCN(Cc2ccc(-c3cncnc3)cc2)CC1,CHEMBL2435868,18.9,CHEMBL274,18.9
Cc1cc(F)cc(C2CN(C3CCCCC3)C(=O)N2C2CCN(C(C)CCNC(=O)c3c(C)ncnc3C)CC2)c1,CHEMBL2435898,18.5,CHEMBL274,18.5
NC(=O)c1ccc(Oc2ccc(CN3CCC(N4C(=O)N(C5CCCCC5)C[C@H]4c4ccccc4)CC3)cc2)cc1,CHEMBL2435880,18.0,CHEMBL274,18.0
O=C1N(C2CCCCC2)C[C@@H](c2ccccc2)N1C1CCN(Cc2ccc(-c3cccnc3)cc2)CC1,CHEMBL2435870,17.9,CHEMBL274,17.9
O=C1N(C2CCCCC2)C[C@@H](c2ccccc2)N1C1CCN(Cc2ccc(-c3cncnc3)cc2)CC1,CHEMBL2435868,17.3,CHEMBL274,17.3
Cc1ncnc(C)c1C(=O)NCC[C@H](C)N1CCC(N2C(=O)N(C3CCCCC3)C[C@H]2c2ccccc2)CC1,CHEMBL2435883,16.6,CHEMBL274,16.6
CNC(=O)c1ccc(CN2CCC(N3C(=O)N(C4CCCCC4)C[C@H]3c3ccccc3)CC2)cc1,CHEMBL2435876,15.8,CHEMBL274,15.8
O=C(O)c1ccc(Oc2ccc(CN3CCC(N4C(=O)N(C5CCOCC5)C[C@H]4c4ccccc4)CC3)cc2)cc1,CHEMBL2435849,15.7,CHEMBL274,15.7
CN(C)C(=O)c1ccc(Oc2ccc(CN3CCC(N4C(=O)N(C5CCCCC5)C[C@H]4c4ccccc4)CC3)cc2)cc1,CHEMBL2435879,15.5,CHEMBL274,15.5
O=C1N(C2CCCCC2)C[C@@H](c2ccccc2)N1C1CCN(Cc2ccc(N3CCOCC3)cc2)CC1,CHEMBL2435873,15.2,CHEMBL274,15.2
Cc1ncnc(C)c1C(=O)NCCC(C)N1CCC(N2C(=O)N(C3CCCCC3)CC2c2cccc(F)c2)CC1,CHEMBL2435893,15.0,CHEMBL274,15.0
Cc1cc(Cl)nc(C)c1C(=O)NCCC(C)N1CCC(N2C(=O)N(CC3CCOCC3)C[C@H]2c2ccccc2)CC1,CHEMBL2435909,14.6,CHEMBL274,14.6
Cc1ncnc(C)c1C(=O)NCC[C@H](C)N1CCC(N2C(=O)N(C3CCCCC3)C[C@H]2c2ccccc2)CC1,CHEMBL2435883,14.0,CHEMBL274,14.0
Cc1cc(Cl)nc(C)c1C(=O)NCC[C@@H](C)N1CCC(N2C(=O)N(C3CCCCC3)C[C@H]2c2ccccc2)CC1,CHEMBL2435885,13.6,CHEMBL274,13.6
Cc1ncnc(C)c1C(=O)NCC[C@@H](C)N1CCC(N2C(=O)N(C3CCCCC3)C[C@H]2c2ccccc2)CC1,CHEMBL2435913,13.6,CHEMBL274,13.6
O=C1N(C2CCCCC2)C[C@@H](c2ccccc2)N1C1CCN(Cc2ccc(Oc3ccccc3)cc2)CC1,CHEMBL2435877,13.3,CHEMBL274,13.3
O=C(O)c1ccc(Oc2ccc(CN3CCC(N4C(=O)N(C5CCCCC5)C[C@H]4c4ccccc4)CC3)cc2)cc1,CHEMBL2435881,13.0,CHEMBL274,13.0
O=C(O)c1cccc(Oc2ccc(CN3CCC(N4C(=O)N(C5CCCCC5)C[C@H]4c4ccccc4)CC3)cc2)c1,CHEMBL2435846,12.7,CHEMBL274,12.7
O=C1N(C2CCCCC2)C[C@@H](c2ccccc2)N1C1CCN(Cc2ccc(-c3ccccc3)cc2)CC1,CHEMBL2435867,12.4,CHEMBL274,12.4
Cc1cccc(C2CN(C3CCCCC3)C(=O)N2C2CCN(C(C)CCNC(=O)c3c(C)ncnc3C)CC2)c1,CHEMBL2435890,11.7,CHEMBL274,11.7
CNC(=O)c1ccc(Oc2ccc(CN3CCC(N4C(=O)N(C5CCCCC5)C[C@H]4c4ccccc4)CC3)cc2)cc1,CHEMBL2435878,11.6,CHEMBL274,11.6
Cc1cc(Cl)nc(C)c1C(=O)NCCC(C)N1CCC(N2C(=O)N(C(C)C)C[C@H]2c2ccccc2)CC1,CHEMBL2435904,11.2,CHEMBL274,11.2
Cc1ncnc(C)c1C(=O)NCCC(C)N1CCC(N2C(=O)N(C3CCCCC3)CC2c2cccc(Br)c2)CC1,CHEMBL2435891,10.4,CHEMBL274,10.4
CNC(=O)c1ccc(Oc2ccc(CN3CCC(N4C(=O)N(C5CCCCC5)C[C@H]4c4ccccc4)CC3)cc2)cc1,CHEMBL2435878,9.6,CHEMBL274,9.6
Cc1cc(Cl)nc(C)c1C(=O)NCC[C@H](C)N1CCC(N2C(=O)N(C3CCCCC3)C[C@H]2c2ccccc2)CC1,CHEMBL2435886,9.6,CHEMBL274,9.6
Cc1cc(Cl)nc(C)c1C(=O)NCCC(C)N1CCC(N2C(=O)N(Cc3cccnc3)C[C@H]2c2ccccc2)CC1,CHEMBL2435863,9.3,CHEMBL274,9.3
Cc1cc(Cl)nc(C)c1C(=O)NCCC(C)N1CCC(N2C(=O)N(Cc3ccccc3)C[C@H]2c2ccccc2)CC1,CHEMBL2435860,9.0,CHEMBL274,9.0
Cc1cc(Cl)nc(C)c1C(=O)NCCC(C)N1CCC(N2C(=O)N(C3CCOCC3)C[C@H]2c2ccccc2)CC1,CHEMBL2435908,8.6,CHEMBL274,8.6
Cc1ccncc1CN1C[C@@H](c2ccccc2)N(C2CCN(C(C)CCNC(=O)c3c(C)cc(Cl)nc3C)CC2)C1=O,CHEMBL2435862,8.0,CHEMBL274,8.0
Cc1cc(Cl)nc(C)c1C(=O)NCCC(C)N1CCC(N2C(=O)N(CC3CCCCC3)C[C@H]2c2ccccc2)CC1,CHEMBL2435859,7.7,CHEMBL274,7.7
CN(C)C(=O)c1ccc(Oc2ccc(CN3CCC(N4C(=O)N(C5CCCCC5)C[C@H]4c4ccccc4)CC3)cc2)cc1,CHEMBL2435879,7.5,CHEMBL274,7.5
CCCN1C[C@@H](c2ccccc2)N(C2CCN(C(C)CCNC(=O)c3c(C)cc(Cl)nc3C)CC2)C1=O,CHEMBL2435903,7.5,CHEMBL274,7.5
Cc1cc(F)cc(C2CN(C3CCCCC3)C(=O)N2C2CCN(C(C)CCNC(=O)c3c(C)ncnc3C)CC2)c1,CHEMBL2435898,7.1,CHEMBL274,7.1
NC(=O)c1ccc(Oc2ccc(CN3CCC(N4C(=O)N(C5CCCCC5)C[C@H]4c4ccccc4)CC3)cc2)cc1,CHEMBL2435880,6.9,CHEMBL274,6.9
O=C(O)c1ccc(Oc2ccc(CN3CCC(N4C(=O)N(C5CCOCC5)C[C@H]4c4ccccc4)CC3)cn2)cc1,CHEMBL2435850,6.6,CHEMBL274,6.6
O=C(O)c1ccc(Oc2ccc(CN3CCC(N4C(=O)N(C5CCCCC5)C[C@H]4c4ccccc4)CC3)cc2)cc1,CHEMBL2435881,6.4,CHEMBL274,6.4
CCCN1C[C@@H](c2ccccc2)N(C2CCN(C(C)CCNC(=O)c3c(C)cc(Cl)nc3C)CC2)C1=O,CHEMBL2435903,6.4,CHEMBL274,6.4
Cc1cc(Cl)nc(C)c1C(=O)NCCC(C)N1CCC(N2C(=O)N(C3CCOCC3)C[C@H]2c2ccccc2)CC1,CHEMBL2435908,6.3,CHEMBL274,6.3
Cc1cccc(C2CN(C3CCCCC3)C(=O)N2C2CCN(C(C)CCNC(=O)c3c(C)ncnc3C)CC2)c1,CHEMBL2435890,6.0,CHEMBL274,6.0
Cc1cc(Cl)nc(C)c1C(=O)NCCC(C)N1CCC(N2C(=O)N(Cc3ccccn3)C[C@H]2c2ccccc2)CC1,CHEMBL2435861,5.9,CHEMBL274,5.9
Cc1ncnc(C)c1C(=O)N1CCC(C)(N2CCC(N3C(=O)N(C4CCCCC4)C[C@H]3c3ccccc3)CC2)CC1,CHEMBL2435847,5.8,CHEMBL274,5.8
Cc1ncnc(C)c1C(=O)NCCC(C)N1CCC(N2C(=O)N(C3CCCCC3)CC2c2cccc(Cl)c2)CC1,CHEMBL2435892,5.8,CHEMBL274,5.8
Cc1cc(Cl)nc(C)c1C(=O)NCCC(C)N1CCC(N2C(=O)N(Cc3ccncc3)C[C@H]2c2ccccc2)CC1,CHEMBL2435864,5.7,CHEMBL274,5.7
Cc1cc(Cl)nc(C)c1C(=O)NCCC(C)N1CCC(N2C(=O)N(C(C)C)C[C@H]2c2ccccc2)CC1,CHEMBL2435904,5.3,CHEMBL274,5.3
Cc1ncnc(C)c1C(=O)NCCC(C)N1CCC(N2C(=O)N(C3CCCCC3)CC2c2cccc(Br)c2)CC1,CHEMBL2435891,5.1,CHEMBL274,5.1
Cc1cc(C)cc(C2CN(C3CCCCC3)C(=O)N2C2CCN(C(C)CCNC(=O)c3c(C)ncnc3C)CC2)c1,CHEMBL2435897,4.7,CHEMBL274,4.7
Cc1ncnc(C)c1C(=O)NCC[C@H](C)N1CCC(N2C(=O)N(C3CCCCC3)C[C@H]2c2ccccc2)CC1,CHEMBL2435883,4.4,CHEMBL274,4.4
Cc1cc(Cl)nc(C)c1C(=O)N1CCC(C)(N2CCC(N3C(=O)N(C4CCCCC4)C[C@H]3c3ccccc3)CC2)CC1,CHEMBL2435848,4.2,CHEMBL274,4.2
Cc1cc(Cl)nc(C)c1C(=O)NCCC(C)N1CCC(N2C(=O)N(C(C)(C)C)C[C@H]2c2ccccc2)CC1,CHEMBL2435905,3.8,CHEMBL274,3.8
Cc1cc(Cl)nc(C)c1C(=O)NCCC(C)N1CCC(N2C(=O)N(Cc3ccc(C(=O)O)cc3)C[C@H]2c2ccccc2)CC1,CHEMBL2435866,3.6,CHEMBL274,3.6
Cc1cc(Cl)nc(C)c1C(=O)NCCC(C)N1CCC(N2C(=O)N(C(C)(C)C)C[C@H]2c2ccccc2)CC1,CHEMBL2435905,3.6,CHEMBL274,3.6
Cc1cc(Cl)nc(C)c1C(=O)NCCC(C)N1CCC(N2C(=O)N(Cc3cccnc3)C[C@H]2c2ccccc2)CC1,CHEMBL2435863,3.4,CHEMBL274,3.4
Cc1cc(Cl)nc(C)c1C(=O)NCCC(C)N1CCC(N2C(=O)N(Cc3ccccn3)C[C@H]2c2ccccc2)CC1,CHEMBL2435861,2.9,CHEMBL274,2.9
Cc1ncnc(C)c1C(=O)NCCC(C)N1CCC(N2C(=O)N(C3CCCCC3)CC2c2cccc(Cl)c2)CC1,CHEMBL2435892,2.5,CHEMBL274,2.5
Cc1cc(Cl)nc(C)c1C(=O)NCCC(C)N1CCC(N2C(=O)N(C3CCCCC3)CC2c2ccsc2)CC1,CHEMBL2435912,2.4,CHEMBL274,2.4
Cc1cc(Cl)nc(C)c1C(=O)NCCC(C)N1CCC(N2C(=O)N(C3CCC3)C[C@H]2c2ccccc2)CC1,CHEMBL2435906,2.3,CHEMBL274,2.3
Cc1cc(Cl)nc(C)c1C(=O)NCCC(C)N1CCC(N2C(=O)N(CC3CCCCC3)C[C@H]2c2ccccc2)CC1,CHEMBL2435859,1.8,CHEMBL274,1.8
Cc1ncnc(C)c1C(=O)N1CCC(C)(N2CCC(N3C(=O)N(C4CCCCC4)C[C@H]3c3ccccc3)CC2)CC1,CHEMBL2435847,1.7,CHEMBL274,1.7
Cc1ccncc1CN1C[C@@H](c2ccccc2)N(C2CCN(C(C)CCNC(=O)c3c(C)cc(Cl)nc3C)CC2)C1=O,CHEMBL2435862,1.7,CHEMBL274,1.7
Cc1cc(Cl)nc(C)c1C(=O)NCCC(C)N1CCC(N2C(=O)N(C3CCC3)C[C@H]2c2ccccc2)CC1,CHEMBL2435906,1.7,CHEMBL274,1.7
Cc1cc(Cl)nc(C)c1C(=O)NCC[C@H](C)N1CCC(N2C(=O)N(C3CCCCC3)C[C@H]2c2ccccc2)CC1,CHEMBL2435886,1.5,CHEMBL274,1.5
Cc1cc(Cl)nc(C)c1C(=O)NCC[C@@H](C)N1CCC(N2C(=O)N(C3CCCCC3)C[C@H]2c2ccccc2)CC1,CHEMBL2435885,1.5,CHEMBL274,1.5
Cc1nc(Oc2ccc(C(=O)O)cc2)ccc1CN1CCC(N2C(=O)N(C3CCOCC3)C[C@H]2c2cccc(F)c2)CC1,CHEMBL2435855,1.5,CHEMBL274,1.5
Cc1nc(Oc2ccc(C(=O)O)cc2)ccc1CN1CCC(N2C(=O)N(C3CCOCC3)C[C@H]2c2ccccc2)CC1,CHEMBL2435852,1.4,CHEMBL274,1.4
Cc1cc(Cl)nc(C)c1C(=O)NCCC(C)N1CCC(N2C(=O)N(Cc3ccccc3)C[C@H]2c2ccccc2)CC1,CHEMBL2435860,1.3,CHEMBL274,1.3
CNC(=O)c1ccc(Oc2ccc(CN3CCC(N4C(=O)N(C5CCOCC5)C[C@H]4c4ccccc4)CC3)c(C)n2)cc1,CHEMBL2435843,1.3,CHEMBL274,1.3
O=C(O)c1ccc(Oc2ccc(CN3CCC(N4C(=O)N(C5CCOCC5)C[C@H]4c4cccc(Cl)c4)CC3)cn2)cc1,CHEMBL2435851,1.3,CHEMBL274,1.3
Cc1ccncc1CN1C[C@@H](c2ccccc2)N(C2CCN(C(C)CCNC(=O)c3c(C)cc(Cl)nc3C)CC2)C1=O,CHEMBL2435862,1.2,CHEMBL274,1.2
Cc1cc(Cl)nc(C)c1C(=O)NCCC(C)N1CCC(N2C(=O)N(Cc3ccccc3)C[C@H]2c2ccccc2)CC1,CHEMBL2435860,1.2,CHEMBL274,1.2
Cc1cc(Cl)nc(C)c1C(=O)NCC[C@@H](C)N1CCC(N2C(=O)N(C3CCCCC3)C[C@H]2c2ccccc2)CC1,CHEMBL2435885,1.2,CHEMBL274,1.2
Cc1nc(Oc2ccc(C(N)=O)cc2)ccc1CN1CCC(N2C(=O)N(C3CCOCC3)C[C@H]2c2ccccc2)CC1,CHEMBL2435858,1.1,CHEMBL274,1.1
Cc1cccc([C@@H]2CN(C3CCOCC3)C(=O)N2C2CCN(Cc3ccc(Oc4ccc(C(=O)O)cc4)nc3C)CC2)c1,CHEMBL2435854,1.1,CHEMBL274,1.1
Cc1cc(Cl)nc(C)c1C(=O)NCCC(C)N1CCC(N2C(=O)N(CC3CCOCC3)C[C@H]2c2ccccc2)CC1,CHEMBL2435909,1.1,CHEMBL274,1.1
Cc1cc(Cl)nc(C)c1C(=O)NCCC(C)N1CCC(N2C(=O)N(Cc3ccc(C(=O)O)cc3)C[C@H]2c2ccccc2)CC1,CHEMBL2435866,1.0,CHEMBL274,1.0
Cc1cc(Cl)nc(C)c1C(=O)NCCC(C)N1CCC(N2C(=O)N(Cc3ccncc3)C[C@H]2c2ccccc2)CC1,CHEMBL2435864,1.0,CHEMBL274,1.0
Cc1cc(Cl)nc(C)c1C(=O)NCCC(C)N1CCC(N2C(=O)N(C3CCCC3)C[C@H]2c2ccccc2)CC1,CHEMBL2435907,0.9,CHEMBL274,0.9
Cc1nc(Nc2ccc(C(=O)O)cc2)ncc1CN1CCC(N2C(=O)N(C3CCOCC3)C[C@H]2c2cccc(Cl)c2)CC1,CHEMBL2435845,0.9,CHEMBL274,0.9
O=C(O)c1ccc(Sc2ncc(CN3CCC(N4C(=O)N(C5CCOCC5)C[C@H]4c4cccc(Cl)c4)CC3)cn2)cc1,CHEMBL2435844,0.9,CHEMBL274,0.9
O=C(O)c1ccc(Sc2ccc(CN3CCC(N4C(=O)N(C5CCOCC5)C[C@H]4c4ccccc4)CC3)cn2)cc1,CHEMBL2434978,0.9,CHEMBL274,0.9
Cc1cc(Cl)nc(C)c1C(=O)NCCC(C)N1CCC(N2C(=O)N(CC3CCCCC3)C[C@H]2c2ccccc2)CC1,CHEMBL2435859,0.9,CHEMBL274,0.9
Cc1cc(Cl)nc(C)c1C(=O)NCCC(C)N1CCC(N2C(=O)N(C3CCCC3)C[C@H]2c2ccccc2)CC1,CHEMBL2435907,0.9,CHEMBL274,0.9
Cc1cc(Cl)nc(C)c1C(=O)NCCC(C)N1CCC(N2C(=O)N(C3CCCCC3)CC2c2ccsc2)CC1,CHEMBL2435912,0.9,CHEMBL274,0.9
Cc1cc(Cl)nc(C)c1C(=O)NCCC(C)N1CCC(N2C(=O)N(Cc3ccncc3)C[C@H]2c2ccccc2)CC1,CHEMBL2435864,0.8,CHEMBL274,0.8
Cc1cc(Cl)nc(C)c1C(=O)NCCC(C)N1CCC(N2C(=O)N(CC3CCOCC3)C[C@H]2c2ccccc2)CC1,CHEMBL2435909,0.8,CHEMBL274,0.8
CCc1nc(Oc2ccc(C(=O)O)cc2)ccc1CN1CCC(N2C(=O)N(C3CCOCC3)C[C@H]2c2ccccc2)CC1,CHEMBL2435856,0.7,CHEMBL274,0.7
Cc1nc(Oc2ccc(C(=O)O)cc2)ccc1CN1CCC(N2C(=O)N(C3CCOCC3)C[C@H]2c2cccc(Cl)c2)CC1,CHEMBL2435853,0.6,CHEMBL274,0.6
Cc1cc(Cl)nc(C)c1C(=O)NCC[C@H](C)N1CCC(N2C(=O)N(C3CCCCC3)C[C@H]2c2ccccc2)CC1,CHEMBL2435886,0.5,CHEMBL274,0.5
Cc1nc(Sc2ccc(C(=O)O)cc2)ccc1CN1CCC(N2C(=O)N(C3CCOCC3)C[C@H]2c2ccccc2)CC1,CHEMBL2435857,0.4,CHEMBL274,0.4
Cc1cc(Cl)nc(C)c1C(=O)N1CCC(C)(N2CCC(N3C(=O)N(C4CCCCC4)C[C@H]3c3ccccc3)CC2)CC1,CHEMBL2435848,0.3,CHEMBL274,0.3
Cc1ccccc1N1CCC(CN2CCC(N3C(=O)N(C4CCCCC4)C[C@H]3c3ccccc3)CC2)CC1,CHEMBL2435875,1000.0,CHEMBL274,1000.0
Cc1nnc(C(C)C)n1[C@H]1C[C@H]2CC[C@@H](C1)N2CC[C@H](NC(=O)C1CCC(F)(F)CC1)c1ccccc1,CHEMBL256907,25.43,CHEMBL274,25.43
CCN(CCc1ccc(Cl)cc1)C(=O)C1CCN(CCCN(C(=O)C2CCN(C(C)=O)CC2)c2cccc(Cl)c2)CC1,CHEMBL3104693,125.81,CHEMBL274,125.81
CCN(CCc1ccc(F)cc1)C(=O)C1CCN(CCCN(C(=O)C2CCN(C(C)=O)CC2)c2cccc(Cl)c2)CC1,CHEMBL3104692,151.8,CHEMBL274,151.8
CCN(CCc1ccccc1)C(=O)C1CCN(CCCN(C(=O)C2CCN(C(C)=O)CC2)c2cccc(Cl)c2)CC1,CHEMBL3104691,26.37,CHEMBL274,26.37
CC(=O)N1CCC(C(=O)N(CCCN2CCC(C(=O)NCCc3ccc(Cl)cc3)CC2)c2cccc(Cl)c2)CC1,CHEMBL3104690,86.7,CHEMBL274,86.7
CC(=O)N1CCC(C(=O)N(CCCN2CCC(C(=O)NCCc3ccc(F)cc3)CC2)c2cccc(Cl)c2)CC1,CHEMBL3104689,196.9,CHEMBL274,196.9
CC(=O)N1CCC(C(=O)N(CCCN2CCC(C(=O)NCCc3ccccc3)CC2)c2cccc(Cl)c2)CC1,CHEMBL3104688,76.03,CHEMBL274,76.03
CCN(C(=O)C1CCN(CCCN(C(=O)C2CCN(C(C)=O)CC2)c2cccc(Cl)c2)CC1)c1ccccc1,CHEMBL3104687,1000.0,CHEMBL274,1000.0
CC(=O)N1CCC(C(=O)N(CCCN2CCC(C(=O)Nc3ccccc3)CC2)c2cccc(Cl)c2)CC1,CHEMBL3104686,1000.0,CHEMBL274,1000.0
CC(=O)N1CCC(C(=O)N(CCCN2CCC(C(=O)NCc3ccc(C#N)cc3)CC2)c2cccc(Cl)c2)CC1,CHEMBL3104685,75.3,CHEMBL274,75.3
CC(=O)N1CCC(C(=O)N(CCCN2CCC(C(=O)NCc3ccc(Cl)cc3)CC2)c2cccc(Cl)c2)CC1,CHEMBL3104684,25.53,CHEMBL274,25.53
CC(=O)N1CCC(C(=O)N(CCCN2CCC(C(=O)NCc3ccc(F)cc3)CC2)c2cccc(Cl)c2)CC1,CHEMBL3104683,35.47,CHEMBL274,35.47
CC(=O)N1CCC(C(=O)N(CCCN2CCC(C(=O)NCc3ccccc3)CC2)c2cccc(Cl)c2)CC1,CHEMBL3104682,25.73,CHEMBL274,25.73
CC(=O)N1CCC(C(=O)N(CCCN2CCC(C(=O)N(C)Cc3ccccc3)CC2)c2cccc(Cl)c2)CC1,CHEMBL3104681,64.07,CHEMBL274,64.07
CCN(Cc1ccc(C#N)cc1)C(=O)C1CCN(CCCN(C(=O)C2CCN(C(C)=O)CC2)c2cccc(Cl)c2)CC1,CHEMBL3104680,473.33,CHEMBL274,473.33
CCN(Cc1ccc(Cl)cc1)C(=O)C1CCN(CCCN(C(=O)C2CCN(C(C)=O)CC2)c2cccc(Cl)c2)CC1,CHEMBL3104679,93.53,CHEMBL274,93.53
CCN(Cc1ccc(F)cc1)C(=O)C1CCN(CCCN(C(=O)C2CCN(C(C)=O)CC2)c2cccc(Cl)c2)CC1,CHEMBL3104678,320.33,CHEMBL274,320.33
CCN(Cc1ccc(C)cc1)C(=O)C1CCN(CCCN(C(=O)C2CCN(C(C)=O)CC2)c2cccc(Cl)c2)CC1,CHEMBL3104677,202.43,CHEMBL274,202.43
CCN(Cc1ccccc1)C(=O)C1CCN(CCCN(C(=O)C2CCN(C(C)=O)CC2)c2cccc(Cl)c2)CC1,CHEMBL3104695,525.0,CHEMBL274,525.0
CCN(C(=O)Cc1ccccc1)C1CCN(CCCN(C(=O)C2CCN(C(C)=O)CC2)c2cccc(Cl)c2)CC1,CHEMBL3104694,251.67,CHEMBL274,251.67
CCN(C(=O)Cc1ccccc1)C1CCN(CCCN(C(=O)C2CCN(C(C)=O)CC2)c2cccc(Cl)c2)CC1,CHEMBL3104694,7.0,CHEMBL274,7.0
Cc1nnc(C(C)C)n1[C@H]1C[C@H]2CC[C@@H](C1)N2CC[C@H](NC(=O)C1CCC(F)(F)CC1)c1ccccc1,CHEMBL256907,0.37,CHEMBL274,0.37
Cc1nnc(C(C)C)n1[C@H]1C[C@H]2CC[C@@H](C1)N2CC[C@H](NC(=O)C1CCC(F)(F)CC1)c1ccccc1,CHEMBL256907,0.43,CHEMBL274,0.43
Cc1nnc(C(C)C)n1[C@H]1C[C@H]2CC[C@@H](C1)N2CC[C@H](NC(=O)C1CCC(F)(F)CC1)c1ccccc1,CHEMBL256907,1.3,CHEMBL274,1.3
Cc1nnc(CCCCCCCCCCn2cc(COCCOCCOCCOCCOCc3ccc(C(=O)NCCCNC(=O)OC(C)(C)C)cc3)nn2)n1C1CC2CCC(C1)N2CC[C@H](NC(=O)C1CCC(F)(F)CC1)c1ccccc1,CHEMBL3109172,3.0,CHEMBL274,3.0
Cc1nnc(CCCCCCCCCCn2cc(COCCOCCOCCOCCOCc3ccc(C(=O)N4CCC4=O)cc3)nn2)n1C1CC2CCC(C1)N2CC[C@H](NC(=O)C1CCC(F)(F)CC1)c1ccccc1,CHEMBL3109173,2.6,CHEMBL274,2.6
Cc1nnc(C(C)C)n1C1CC2CCC(C1)N2CC[C@H](NC(=O)CCCCCCCCCCn1cc(COCCOCCOCCOCCOCc2ccc(C(=O)N3CCC3=O)cc2)nn1)c1ccccc1,CHEMBL3109174,27.0,CHEMBL274,27.0
Cc1nnc(CCCCCCCCCCN=[N+]=[N-])n1C1CC2CCC(C1)N2CC[C@H](NC(=O)C1CCC(F)(F)CC1)c1ccccc1,CHEMBL3109175,0.96,CHEMBL274,0.96
Cc1nnc(C(C)C)n1C1CC2CCC(C1)N2CC[C@H](NC(=O)COCCOCCOCCN=[N+]=[N-])c1ccccc1,CHEMBL3109176,1000.0,CHEMBL274,1000.0
Cc1nnc(C(C)C)n1C1CC2CCC(C1)N2CC[C@H](NC(=O)CCCCCCCCCCN=[N+]=[N-])c1ccccc1,CHEMBL3109177,360.0,CHEMBL274,360.0
Cc1nnc(C(C)C)n1[C@H]1C[C@H]2CC[C@@H](C1)N2CC[C@H](NC(=O)C1CCC(F)(F)CC1)c1ccccc1,CHEMBL256907,1.6,CHEMBL274,1.6
Cc1nnc(C(C)C)n1[C@H]1C[C@H]2CC[C@@H](C1)N2CC[C@H](NC(=O)C1CCC(F)(F)CC1)c1ccccc1,CHEMBL256907,2.2,CHEMBL274,2.2
Cc1nnc(C(C)C)n1C1CC2CCC(C1)N2CC[C@H](NC(=O)C1CCC(F)(F)CC1)c1ccc(NC(=O)COCC(=O)NCCCCCCCNC(=O)COCC(=O)N[C@@H]2CC[C@@]3(O)[C@H]4Cc5ccc(O)c6c5[C@@]3(CCN4CC3CC3)[C@H]2O6)cc1,CHEMBL3219777,126.0,CHEMBL274,126.0
CNC(=O)COCC(=O)NCCCCCCCNC(=O)COCC(=O)Nc1ccc([C@H](CCN2C3CCC2CC(n2c(C)nnc2C(C)C)C3)NC(=O)C2CCC(F)(F)CC2)cc1,CHEMBL3219779,622.0,CHEMBL274,622.0
Cc1nnc(C(C)C)n1C1CC2CCC(C1)N2CC[C@H](NC(=O)C1CCC(F)(F)CC1)c1ccc(N)cc1,CHEMBL3219780,14.2,CHEMBL274,14.2
Cc1nnc(C(C)C)n1C1CC2CCC(C1)N2CC[C@H](NC(=O)C1CCC(F)(F)CC1)c1ccc(NC(=O)OC(C)(C)C)cc1,CHEMBL3219781,1570.0,CHEMBL274,1.57
CNC(=O)COCC(=O)Nc1ccc([C@H](CCN2C3CCC2CC(n2c(C)nnc2C(C)C)C3)NC(=O)C2CCC(F)(F)CC2)cc1,CHEMBL3219782,7910.0,CHEMBL274,7.91
CC(C)Oc1ccc(N2CCN(Cc3ccc([N+](=O)[O-])cc3)CC2)cc1NC(=O)c1cnccn1,CHEMBL3263022,6450.0,CHEMBL274,6.45
CC(C)Oc1ccc(N2CCN(Cc3ccc(Cl)cc3)CC2)cc1NC(=O)c1cnccn1,CHEMBL3263026,6290.0,CHEMBL274,6.29
COC(=O)c1ccc(CN2CCN(c3ccc(OC(C)C)c(NC(=O)c4cnccn4)c3)CC2)cc1,CHEMBL3263030,9800.0,CHEMBL274,9.8
CSc1ccc(CN2CCN(c3ccc(OC(C)C)c(NC(=O)c4cnccn4)c3)CC2)cc1,CHEMBL3263320,5100.0,CHEMBL274,5.1
CC(=O)N1CCC(C(=O)N(CCCN2CCN(c3ccc(C#N)cc3)CC2C)c2ccc(C)c(Cl)c2)CC1,CHEMBL3398002,163.8,CHEMBL274,163.8
CC(=O)N1CCC(C(=O)N(CCCN2CCN(c3ccc(C#N)cc3)CC2)c2ccc(C)c(Cl)c2)CC1,CHEMBL3398001,239.5,CHEMBL274,239.5
Cc1nnc(C(C)C)n1[C@H]1C[C@H]2CC[C@@H](C1)N2CC[C@H](NC(=O)C1CCC(F)(F)CC1)c1ccccc1,CHEMBL256907,13.1,CHEMBL274,13.1
CC(=O)N1CCC(C(=O)N(CCCN2CCN(Cc3ccc(F)cc3)C[C@@H]2C)c2ccc(C)c(Cl)c2)CC1,CHEMBL3398000,3.0,CHEMBL274,3.0
CC(=O)N1CCC(C(=O)N(CCCN2CCN(Cc3ccc(F)cc3)C[C@H]2C)c2ccc(C)c(Cl)c2)CC1,CHEMBL3397999,49.9,CHEMBL274,49.9
CC(=O)N1CCC(C(=O)N(CCCN2CCCN(Cc3ccc(F)cc3)CC2)c2ccc(C)c(Cl)c2)CC1,CHEMBL3397998,906.0,CHEMBL274,906.0
CC(=O)N1CCC(C(=O)N(CCCN2C[C@@H]3C[C@H]2CN3Cc2ccc(F)cc2)c2ccc(C)c(Cl)c2)CC1,CHEMBL3397997,8.8,CHEMBL274,8.8
Cc1ccc(N(CCCN2CCN(Cc3ccc(F)cc3)CC2C)C(=O)C2CCN(C(=O)c3ccccc3)CC2)cc1Cl,CHEMBL3397996,33.2,CHEMBL274,33.2
Cc1ccc(N(CCCN2CCN(Cc3ccc(F)cc3)CC2C)C(=O)C2CCN(S(C)(=O)=O)CC2)cc1Cl,CHEMBL3397995,17.1,CHEMBL274,17.1
CC(=O)N1CCCC(C(=O)N(CCCN2CCN(Cc3ccc(F)cc3)CC2C)c2ccc(C)c(Cl)c2)C1,CHEMBL3397994,259.7,CHEMBL274,259.7
Cc1ccc(N(CCCN2CCN(Cc3ccc(F)cc3)CC2C)C(=O)c2ccc(F)cc2)cc1Cl,CHEMBL3397993,204.1,CHEMBL274,204.1
CC(=O)N(CCCN1CCN(Cc2ccc(F)cc2)CC1C)c1ccc(C)c(Cl)c1,CHEMBL3397992,2158.0,CHEMBL274,2158.0
CC(=O)N1CCC(C(=O)N(CCCN2CCN(S(=O)(=O)c3ccc(F)cc3)CC2C)c2ccc(C)c(Cl)c2)CC1,CHEMBL3397991,10.9,CHEMBL274,10.9
CC(=O)N1CCC(C(=O)N(CCCN2CCN(C(=O)c3ccc(F)cc3)CC2C)c2ccc(C)c(Cl)c2)CC1,CHEMBL3397990,30.0,CHEMBL274,30.0
CC(=O)N1CCC(C(=O)N(CCCN2CCN(Cc3ccc(F)cc3)CC2C)c2cccc(Cl)c2)CC1,CHEMBL3397989,25.1,CHEMBL274,25.1
CC(=O)N1CCC(C(=O)N(CCCN2CCN(Cc3ccc(F)cc3)CC2C)c2ccccc2)CC1,CHEMBL3397988,319.9,CHEMBL274,319.9
CC(=O)N1CCC(C(=O)N(CCCN2CCN(Cc3cccc(F)c3)CC2C)c2ccc(C)c(Cl)c2)CC1,CHEMBL3397987,11.7,CHEMBL274,11.7
CC(=O)N1CCC(C(=O)N(CCCN2CCN(Cc3ccccc3F)CC2C)c2ccc(C)c(Cl)c2)CC1,CHEMBL3397986,30.1,CHEMBL274,30.1
CC(=O)N1CCC(C(=O)N(CCCN2CCN(Cc3ccc(F)cc3)CC2C)c2ccc(C)c(Cl)c2)CC1,CHEMBL3397985,6.6,CHEMBL274,6.6
CC(=O)N1CCC(C(=O)N(CCCN2CCN(Cc3ccc(C)cc3)CC2C)c2ccc(C)c(Cl)c2)CC1,CHEMBL3397984,25.1,CHEMBL274,25.1
CC(=O)N1CCC(C(=O)N(CCCN2CCN(Cc3ccccc3)CC2C)c2ccc(C)c(Cl)c2)CC1,CHEMBL3397983,15.1,CHEMBL274,15.1
CC(=O)N1CCC(C(=O)N(CCCN2CCN(Cc3ccc(C#N)cc3)CC2C)c2ccc(C)c(Cl)c2)CC1,CHEMBL3397982,8.3,CHEMBL274,8.3
N#Cc1ccc(N2CCN(CCC(NC(=O)C3CCCCC3)c3ccccc3)CC2)cc1,CHEMBL3398003,6290.0,CHEMBL274,6.29
CCC[C@@H]1C[C@H](N(C)C(C)C)CC[C@@H]1N1CC[C@H](NC(=O)c2cc(C(F)(F)F)ccc2NC(=O)NCC)C1=O,CHEMBL3577942,3.4,CHEMBL274,3.4
CCC[C@@H]1C[C@H](N(C)C(C)C)CC[C@@H]1N1CC[C@H](Nc2ncnc3ccc(Cl)cc23)C1=O,CHEMBL3577944,22.0,CHEMBL274,22.0
CCC[C@@H]1C[C@H](N(C)C(C)C)CC[C@@H]1N1CC[C@H](Nc2ncnc3ccc(C(F)(F)F)cc23)C1=O,CHEMBL3577945,2.4,CHEMBL274,2.4
CC[C@@H]1C[C@H](N(C)C(C)C)CC[C@@H]1N1CC[C@H](Nc2ncnc3ccc(C(F)(F)F)cc23)C1=O,CHEMBL3577946,3.0,CHEMBL274,3.0
CC(C)[C@@H]1C[C@H](N(C)C(C)C)CC[C@@H]1N1CC[C@H](Nc2ncnc3ccc(C(F)(F)F)cc23)C1=O,CHEMBL3577948,10.0,CHEMBL274,10.0
COC[C@@H]1C[C@H](N(C)C(C)C)CC[C@@H]1N1CC[C@H](Nc2ncnc3ccc(C(F)(F)F)cc23)C1=O,CHEMBL3577949,18.0,CHEMBL274,18.0
CCC[C@@H]1C[C@H](N(C)C(C)C)CC[C@@H]1N1CC[C@H](Nc2ncnc3ccc(C(F)(F)F)cc23)C1=O,CHEMBL3577945,4.3,CHEMBL274,4.3
CCC[C@H](O)[C@H](CNCC(C)C)NC(=O)CNC(=O)c1cc(C(F)(F)F)ccc1NC(=O)NC(C)C,CHEMBL3577932,137.0,CHEMBL274,137.0
CCC[C@H](O)[C@H](CNCC(C)(C)C)NC(=O)CNC(=O)c1cc(C(F)(F)F)ccc1NC(=O)NC(C)C,CHEMBL3577933,321.0,CHEMBL274,321.0
CCC[C@H](O)[C@H](CNCC1CC1)NC(=O)CNC(=O)c1cc(C(F)(F)F)ccc1NC(=O)NC(C)C,CHEMBL3577934,1242.0,CHEMBL274,1242.0
Cc1c(CNC(=O)c2ccccc2)c(C)[n+]2c(c1CNC(=O)c1ccccc1)CCC2.[Cl-],CHEMBL3604312,1350.0,CHEMBL274,1.35
Cc1nc2ccccc2n1C1CCN(CCC(c2ccccc2)c2ccccc2)CC1,CHEMBL3799799,650.0,CHEMBL274,0.65
Cc1nnc(C(C)C)n1[C@@H]1C[C@H]2CC[C@@H](C1)N2CC[C@H](NC(=O)C1CCC(F)(F)CC1)c1ccccc1,CHEMBL1201187,2.2,CHEMBL274,2.2
Cc1nnc(C(C)C)n1C1CC2CCC(C1)N2CC[C@H](NC(=O)C1CCC(F)(F)CC1)c1ccc(NC(=O)COCC(=O)NCCCCCCCNC(=O)COCC(=O)N[C@@H]2CC[C@@]3(O)[C@H]4Cc5ccc(O)c6c5[C@@]3(CCN4CC3CC3)[C@H]2O6)cc1,CHEMBL3219777,126.0,CHEMBL274,126.0
Cc1nnc(C(C)C)n1C1CC2CCC(C1)N2CC[C@H](NC(=O)C1CCC(F)(F)CC1)c1ccc(NC(=O)COCC(N)=O)cc1,CHEMBL3639964,622.0,CHEMBL274,622.0
Cc1nnc(C(C)C)n1C1CC2CCC(C1)N2CC[C@H](NC(=O)C1CCC(F)(F)CC1)c1ccc(NC(=O)COC(C)(C)C)cc1,CHEMBL3697626,14.2,CHEMBL274,14.2
Cc1ccc(-c2ccc3c(c2)C=C(C(=O)Nc2ccc(C[N+](C)(C)C4CCOCC4)cc2)CCC3)cc1.[Cl-],CHEMBL41275,2.0,CHEMBL274,2.0
Cc1ccc(-c2ccc3c(c2)C=C(C(=O)Nc2ccc(C[N+](C)(C)C4CCOCC4)cc2)CCC3)cc1.[Cl-],CHEMBL41275,1.4,CHEMBL274,1.4
CN(C1CCN(CCCN2CCCc3c(ccnc3Nc3ccc(Cl)c(Cl)c3)C2=O)CC1)S(C)(=O)=O,CHEMBL4128498,660.0,CHEMBL274,660.0
C1NCC2CNCC12,CHEMBL4160473,7.0,CHEMBL274,7.0
Cc1nnc(C(C)C)n1[C@H]1C[C@H]2CC[C@@H](C1)N2CC[C@H](NC(=O)C1CCC(F)(F)CC1)c1ccccc1,CHEMBL256907,0.2,CHEMBL274,0.2
CCn1nc(Cc2ccccc2)cc1C1CCN(C[C@@H]2C[C@@H](N(C)[C@H](C(=O)O)C(C)C)C[C@H]2c2cccc(F)c2)CC1,CHEMBL4213499,1.288,CHEMBL274,8.89
Cc1nc2ccccc2n1[C@@H]1C[C@H]2CC[C@@H](C1)N2CC[C@H](NC(=O)C1CCC1)c1ccccc1,CHEMBL2203615,6.0,CHEMBL274,6.0
Cc1nc2cnccc2n1C1CCN(CCC(c2ccccc2)c2ccccc2)CC1,CHEMBL2011438,400.0,CHEMBL274,400.0
Cc1nc2cnccc2n1C1CCN(CCC2(c3ccc(Cl)c(Cl)c3)CCCN(C(=O)Cc3ccccc3)C2)CC1,CHEMBL4211358,1100.0,CHEMBL274,1100.0
Cc1nnc(C(C)C)n1[C@@H]1C[C@H]2CC[C@@H](C1)N2CC[C@H](NC(=O)C1CCC(F)(F)CC1)c1cccs1,CHEMBL4244935,9.1,CHEMBL274,9.1
Cc1nnc(C(C)C)n1[C@@H]1C[C@H]2CC[C@@H](C1)N2CC[C@H](NC(=O)C1CCC(F)(F)CC1)c1cscn1,CHEMBL4240742,27.1,CHEMBL274,27.1
Cc1nnc(C(C)C)n1[C@@H]1C[C@H]2CC[C@@H](C1)N2CC[C@H](NC(=O)C1CCC(F)(F)CC1)c1cccnc1,CHEMBL4248733,82.6,CHEMBL274,82.6
Cc1nnc(C(C)C)n1[C@@H]1C[C@H]2CC[C@@H](C1)N2CC[C@H](NC(=O)C1CCC(F)(F)CC1)c1ccc(F)nc1,CHEMBL4244470,251.6,CHEMBL274,251.6
Cc1nnc(C(C)C)n1[C@@H]1C[C@H]2CC[C@@H](C1)N2CC[C@H](NC(=O)C1CCC(F)(F)CC1)c1csc2ccccc12,CHEMBL4238266,9.7,CHEMBL274,9.7
Cc1ccc([C@H](CCN2[C@@H]3CC[C@H]2C[C@H](n2c(C)nnc2C(C)C)C3)NC(=O)C2CCC(F)(F)CC2)s1,CHEMBL4248282,2.8,CHEMBL274,2.8
Cc1csc([C@H](CCN2[C@@H]3CC[C@H]2C[C@H](n2c(C)nnc2C(C)C)C3)NC(=O)C2CCC(F)(F)CC2)c1,CHEMBL4237581,6.8,CHEMBL274,6.8
Cc1nnc(C(C)C)n1[C@@H]1C[C@H]2CC[C@@H](C1)N2CC[C@H](NC(=O)C1CCC(F)(F)CC1)c1ccc(F)s1,CHEMBL4240763,15.8,CHEMBL274,15.8
Cc1nnc(C(C)C)n1[C@@H]1C[C@H]2CC[C@@H](C1)N2CC[C@H](NC(=O)C1CCC(F)(F)CC1)c1ccc(Cl)s1,CHEMBL4243842,12.0,CHEMBL274,12.0
Cc1cscc1[C@H](CCN1[C@@H]2CC[C@H]1C[C@H](n1c(C)nnc1C(C)C)C2)NC(=O)C1CCC(F)(F)CC1,CHEMBL4241066,8.1,CHEMBL274,8.1
COc1ccc([C@H](CCN2[C@@H]3CC[C@H]2C[C@H](n2c(C)nnc2C(C)C)C3)NC(=O)C2CCC(F)(F)CC2)s1,CHEMBL4249941,6.8,CHEMBL274,6.8
Cc1ccc([C@H](CCN2[C@@H]3CC[C@H]2C[C@H](n2c(C)nnc2C(C)C)C3)NC(=O)c2ccccc2)s1,CHEMBL4242946,51.7,CHEMBL274,51.7
Cc1ccc([C@H](CCN2[C@@H]3CC[C@H]2C[C@H](n2c(C)nnc2C(C)C)C3)NC(=O)Cc2ccc(F)cc2)s1,CHEMBL4249259,33.0,CHEMBL274,33.0
CC(=O)N1CCN(C(=O)N[C@@H](CCN2[C@@H]3CC[C@H]2C[C@H](n2c(C)nnc2C(C)C)C3)c2ccc(C)s2)CC1,CHEMBL4249241,87.9,CHEMBL274,87.9
Cc1ccc([C@H](CCN2[C@@H]3CC[C@H]2C[C@H](n2c(C)nnc2C(C)C)C3)NC(=O)N2CCN(C)CC2)s1,CHEMBL4246290,296.4,CHEMBL274,296.4
Cc1ccc([C@H](CCN2[C@@H]3CC[C@H]2C[C@H](n2c(C)nnc2C(C)C)C3)NC(=O)C2=CCOCC2)s1,CHEMBL4250560,24.5,CHEMBL274,24.5
Cc1ccc([C@H](CCN2[C@@H]3CC[C@H]2C[C@H](n2c(C)nnc2C(C)C)C3)NC(=O)C2CCCC2)s1,CHEMBL4242489,2.6,CHEMBL274,2.6
Cc1ccc([C@H](CCN2[C@@H]3CC[C@H]2C[C@H](n2c(C)nnc2C(C)C)C3)NC(=O)C(C)C)s1,CHEMBL4242034,16.2,CHEMBL274,16.2
Cc1nnc(C(C)C)n1[C@@H]1C[C@H]2CC[C@@H](C1)N2CC[C@H](NC(=O)C1CCC(F)CC1)c1cccs1,CHEMBL4237964,3.0,CHEMBL274,3.0
Cc1nnc(C(C)C)n1[C@@H]1C[C@H]2CC[C@@H](C1)N2CC[C@H](NC(=O)C1CCCCC1)c1cccs1,CHEMBL4242114,2.3,CHEMBL274,2.3
Cc1nnc(C(C)C)n1[C@@H]1C[C@H]2CC[C@@H](C1)N2CC[C@H](NC(=O)C1CCCC1)c1cccs1,CHEMBL4238063,3.1,CHEMBL274,3.1
Cc1nnc(C(C)C)n1[C@@H]1C[C@H]2CC[C@@H](C1)N2CC[C@H](NC(=O)C(C)(C)C(F)(F)F)c1cccs1,CHEMBL4241284,5.4,CHEMBL274,5.4
Cc1nnc(C(C)C)n1[C@@H]1C[C@H]2CC[C@@H](C1)N2CC[C@H](NC(=O)C1CCC(=O)C1)c1cccs1,CHEMBL4241721,2.9,CHEMBL274,2.9
Cc1nnc(C(C)C)n1[C@@H]1C[C@H]2CC[C@@H](C1)N2CC[C@H](NC(=O)[C@@H]1CCC(=O)N1)c1cccs1,CHEMBL4248119,20.6,CHEMBL274,20.6
Cc1nnc(C(C)C)n1[C@@H]1C[C@H]2CC[C@@H](C1)N2CC[C@H](NC(=O)C1CC(=O)N(C)C1)c1cccs1,CHEMBL4238007,5.2,CHEMBL274,5.2
Cc1nnc(C(C)C)n1[C@@H]1C[C@H]2CC[C@@H](C1)N2CC[C@H](NC(=O)C1CCC(F)(F)C1)c1cccs1,CHEMBL4248009,2.3,CHEMBL274,2.3
Cc1nnc(C(C)C)n1[C@@H]1C[C@H]2CC[C@@H](C1)N2CC[C@H](NC(=O)C1CC(F)(F)C1)c1cccs1,CHEMBL4248472,2.6,CHEMBL274,2.6
Cc1nnc(C2CC2)n1[C@@H]1C[C@H]2CC[C@@H](C1)N2CC[C@H](NC(=O)C1CCC(F)(F)CC1)c1ccsc1,CHEMBL4242913,2.6,CHEMBL274,2.6
Cc1nnc(C2CC2)n1[C@@H]1C[C@H]2CC[C@@H](C1)N2CC[C@H](NC(=O)C1CCC(F)(F)CC1)c1cccs1,CHEMBL4244672,2.9,CHEMBL274,2.9
CCc1nnc(C)n1[C@@H]1C[C@H]2CC[C@@H](C1)N2CC[C@H](NC(=O)C1CCC(F)(F)CC1)c1ccsc1,CHEMBL4240475,2.8,CHEMBL274,2.8
Cc1ccc([C@H](CCN2[C@@H]3CC[C@H]2C[C@H](n2c(C(C)C)nnc2C(F)(F)F)C3)NC(=O)C2CCC(F)(F)CC2)s1,CHEMBL4250366,4.0,CHEMBL274,4.0
CC(C)c1nnc(C(F)(F)F)n1[C@@H]1C[C@H]2CC[C@@H](C1)N2CC[C@H](NC(=O)C1CCC(F)(F)CC1)c1cccs1,CHEMBL4240242,4.7,CHEMBL274,4.7
O=C(N[C@@H](CCN1[C@@H]2CC[C@H]1C[C@H](n1c(C3CC3)nnc1C(F)(F)F)C2)c1ccsc1)C1CCC(F)(F)CC1,CHEMBL4239790,2.9,CHEMBL274,2.9
Cc1nnc(C(C)C)n1[C@@H]1C[C@H]2CC[C@@H](C1)N2CC[C@H](NC(=O)C1CCC(F)(F)CC1)c1ccsc1,CHEMBL4249798,3.0,CHEMBL274,3.0
Cc1nnc(C(C)C)n1[C@H]1C[C@H]2CC[C@@H](C1)N2CC[C@H](NC(=O)C1CCC(F)(F)CC1)c1ccccc1,CHEMBL256907,8.0,CHEMBL274,8.0
Nc1nc2[nH]c(C3CC3)c(Cc3cccc(Cl)c3)c(=O)n2n1,CHEMBL4517518,575.44,CHEMBL274,6.24
CC(C)c1[nH]c2nc(N)nn2c(=O)c1Cc1cccc(Cl)c1,CHEMBL4450273,275.42,CHEMBL274,6.56
CCCCc1[nH]c2nc(N)nn2c(=O)c1Cc1cccc(Cl)c1,CHEMBL4474757,512.86,CHEMBL274,6.29
Nc1nc2[nH]c(C3CCCC3)c(Cc3cccc(Cl)c3)c(=O)n2n1,CHEMBL4438407,371.54,CHEMBL274,6.43
Nc1nc2[nH]c(C3CC3)c(Cc3ccc(Cl)c(Cl)c3)c(=O)n2n1,CHEMBL4483373,213.8,CHEMBL274,6.67
CC(C)c1[nH]c2nc(N)nn2c(=O)c1Cc1ccc(Cl)c(Cl)c1,CHEMBL4548396,123.03,CHEMBL274,6.91
CC(C)c1[nH]c2nc(N)nn2c(=O)c1Cc1cccc(Cl)c1Cl,CHEMBL4531005,81.28,CHEMBL274,7.09
CC(C)c1[nH]c2nc(N)nn2c(=O)c1Cc1cc(Cl)cc(Cl)c1,CHEMBL4516788,323.59,CHEMBL274,6.49
CC(C)c1[nH]c2nc(N)nn2c(=O)c1Cc1ccc(Cl)c(Br)c1,CHEMBL4544504,112.2,CHEMBL274,6.95
Cc1ccc(-c2ccc3c(c2)C=C(C(=O)Nc2ccc(C[N+](C)(C)C4CCOCC4)cc2)CCC3)cc1.[Cl-],CHEMBL41275,6.0,CHEMBL274,6.0
CC(=O)C1=C(O)C(=O)N(c2ccc(Cl)cc2F)[C@@H]1C1CCCCC1,CHEMBL4519152,703.0,CHEMBL274,703.0
CC(C)N(C)[C@@H]1CC[C@H](N2CC[C@H](NC(=O)c3cccc(C(F)(F)F)c3)C2=O)[C@H](CS(C)(=O)=O)C1,CHEMBL3233178,1636.0,CHEMBL274,1636.0
CC(C)N(C)[C@@H]1CC[C@H](N2CC[C@H](NC(=O)c3cccc(C(F)(F)F)c3)C2=O)[C@H](NS(C)(=O)=O)C1,CHEMBL4463290,3469.0,CHEMBL274,3469.0
CC(C)N(C)[C@@H]1CC[C@H](N2CC[C@H](NC(=O)c3cccc(C(F)(F)F)c3)C2=O)[C@H](N(C)S(C)(=O)=O)C1,CHEMBL4465351,1570.0,CHEMBL274,1570.0
CCC[C@@H]1C[C@H](N(C)C(C)C)CC[C@@H]1N1CC[C@H](Nc2ncnc3ccc(C(F)(F)F)cc23)C1=O,CHEMBL3577945,2.4,CHEMBL274,2.4
CC(C)N(C)[C@@H]1CC[C@H](N2CC[C@H](Nc3ncnc4ccc(C(F)(F)F)cc34)C2=O)[C@H](CS(C)(=O)=O)C1,CHEMBL4470701,190.0,CHEMBL274,190.0
CC(C)N(C)[C@@H]1CC[C@H](N2CC[C@H](Nc3ncnc4ccc(C(F)(F)F)cc34)C2=O)[C@H](NS(C)(=O)=O)C1,CHEMBL4457723,287.0,CHEMBL274,287.0
CC(=O)N[C@@H]1C[C@H](N(C)C(C)C)CC[C@@H]1N1CC[C@H](Nc2ncnc3ccc(C(F)(F)F)cc23)C1=O,CHEMBL4442783,780.0,CHEMBL274,780.0
CC(=O)N[C@@H]1C[C@H](N(C)C(C)C)CC[C@@H]1N1CC[C@H](Nc2ncnc3ccc(C(F)(F)F)cc23)C1=O,CHEMBL4442783,780.0,CHEMBL274,780.0
CC(=O)N[C@@H]1C[C@H](N(C)C)CC[C@@H]1N1CC[C@H](Nc2ncnc3ccc(C(F)(F)F)cc23)C1=O,CHEMBL4741305,8056.0,CHEMBL274,8056.0
CC(=O)N[C@@H]1C[C@H](NC(C)C)CC[C@@H]1N1CC[C@H](Nc2ncnc3ccc(C(F)(F)F)cc23)C1=O,CHEMBL4742683,4959.0,CHEMBL274,4959.0
CN[C@@H]1CC[C@H](N2CC[C@H](Nc3ncnc4ccc(C(F)(F)F)cc34)C2=O)[C@H](NC(C)=O)C1,CHEMBL4760098,4631.0,CHEMBL274,4631.0
CC(=O)N[C@@H]1C[C@H](NC(C)(C)C)CC[C@@H]1N1CC[C@H](Nc2ncnc3ccc(C(F)(F)F)cc23)C1=O,CHEMBL4781426,83.0,CHEMBL274,83.0
CC(=O)N[C@@H]1C[C@H](NC(C)(C)C)CC[C@@H]1N1CC[C@H](Nc2ncnc3ccc(OC(F)(F)F)cc23)C1=O,CHEMBL4746510,34.0,CHEMBL274,34.0
CC(=O)N[C@@H]1C[C@H](NC(C)(C)C)CC[C@@H]1N1CC[C@H](NC(=O)c2cccc(C(F)(F)F)c2)C1=O,CHEMBL4760566,2930.0,CHEMBL274,2930.0
CN[C@@H]1CC[C@H](N2CC[C@H](NC(=O)c3cccc(C(C)(C)C)n3)C2=O)[C@H](NC(C)=O)C1,CHEMBL4757857,3867.0,CHEMBL274,3867.0
CC(=O)N[C@@H]1C[C@H](NC(C)(C)C)CC[C@@H]1N1CC[C@H](NC(=O)c2cccc(C(C)(C)C)n2)C1=O,CHEMBL4764460,147.0,CHEMBL274,147.0
CC(=O)N[C@@H]1C[C@H](NC(C)(C)C)CC[C@@H]1N1CC[C@H](Nc2ncnc3ccc(C(C)(C)C)nc23)C1=O,CHEMBL4790208,18.0,CHEMBL274,18.0
CNC(=O)COCC(=O)NCCCCCCCNC(=O)COCC(=O)Nc1cccc([C@H](CCN2[C@@H]3CC[C@H]2C[C@@H](n2c(C)nnc2C(C)C)C3)NC(=O)C2CCC(F)(F)CC2)c1,CHEMBL4799343,129.0,CHEMBL274,129.0
CNC(=O)COCC(=O)NCCCCCCCCCNC(=O)COCC(=O)Nc1ccc([C@H](CCN2[C@@H]3CC[C@H]2C[C@@H](n2c(C)nnc2C(C)C)C3)NC(=O)C2CCC(F)(F)CC2)cc1,CHEMBL4761614,392.0,CHEMBL274,392.0
CNC(=O)COCC(=O)NCCCCCCCNC(=O)COCC(=O)Nc1ccc([C@H](CCN2[C@@H]3CC[C@H]2C[C@@H](n2c(C)nnc2C(C)C)C3)NC(=O)C2CCC(F)(F)CC2)cc1,CHEMBL4795179,622.0,CHEMBL274,622.0
CNC(=O)COCC(=O)NCCCCCNC(=O)COCC(=O)Nc1ccc([C@H](CCN2[C@@H]3CC[C@H]2C[C@@H](n2c(C)nnc2C(C)C)C3)NC(=O)C2CCC(F)(F)CC2)cc1,CHEMBL4800480,948.0,CHEMBL274,948.0
Cc1nnc(C(C)C)n1[C@H]1C[C@H]2CC[C@@H](C1)N2CC[C@H](NC(=O)C1CCC(F)(F)CC1)c1ccccc1,CHEMBL256907,2.1,CHEMBL274,2.1
Cc1nnc(C(C)C)n1[C@H]1C[C@H]2CC[C@@H](C1)N2CC[C@H](NC(=O)C1CCC(F)(F)CC1)c1cccc(NC(=O)COCC(=O)NCCCCCCCNC(=O)COCC(=O)N[C@@H]2CC[C@@]3(O)[C@H]4Cc5ccc(O)c6c5[C@@]3(CCN4CC3CC3)[C@H]2O6)c1,CHEMBL4761273,1340.0,CHEMBL274,1340.0
Cc1nnc(C(C)C)n1[C@H]1C[C@H]2CC[C@@H](C1)N2CC[C@H](NC(=O)C1CCC(F)(F)CC1)c1ccc(NC(=O)COCC(=O)NCCCCCCCCCNC(=O)COCC(=O)N[C@@H]2CC[C@@]3(O)[C@H]4Cc5ccc(O)c6c5[C@@]3(CCN4CC3CC3)[C@H]2O6)cc1,CHEMBL4761986,543.0,CHEMBL274,543.0
Cc1nnc(C(C)C)n1[C@H]1C[C@H]2CC[C@@H](C1)N2CC[C@H](NC(=O)C1CCC(F)(F)CC1)c1ccc(NC(=O)COCC(=O)NCCCCCCCNC(=O)COCC(=O)N[C@@H]2CC[C@@]3(O)[C@H]4Cc5ccc(O)c6c5[C@@]3(CCN4CC3CC3)[C@H]2O6)cc1,CHEMBL4748891,126.0,CHEMBL274,126.0
Cc1nnc(C(C)C)n1[C@H]1C[C@H]2CC[C@@H](C1)N2CC[C@H](NC(=O)C1CCC(F)(F)CC1)c1ccc(NC(=O)COCC(=O)NCCCCCNC(=O)COCC(=O)N[C@@H]2CC[C@@]3(O)[C@H]4Cc5ccc(O)c6c5[C@@]3(CCN4CC3CC3)[C@H]2O6)cc1,CHEMBL4797451,2413.0,CHEMBL274,2413.0
O=C(O)c1ccc(Oc2ccc(Cl)cc2NS(=O)(=O)c2ccc(Cl)c(Cl)c2)cc1,CHEMBL4760108,3981.07,CHEMBL274,5.4
N#CSCCNC(=O)c1ccc(Oc2ccc(Cl)cc2NS(=O)(=O)c2ccc(Cl)c(C(F)(F)F)c2)cc1,CHEMBL4783861,3981.07,CHEMBL274,5.4
CC(=O)N[C@@H]1C[C@H](NC(C)(C)C)CC[C@@H]1N1CC[C@H](Nc2ncnc3cc(C(C)(C)C)nn23)C1=O,CHEMBL4594419,3.6,CHEMBL274,3.6
CC(=O)N[C@@H]1C[C@H](NC(C)(C)C)CC[C@@H]1N1CC[C@H](Nc2ncnc3ccc(C(F)(F)F)cc23)C1=O,CHEMBL4781426,1.1,CHEMBL274,1.1
CC(=O)N[C@@H]1C[C@H](NC(C)(C)C)CC[C@@H]1N1CC[C@H](Nc2ncnc3cc(C(C)(C)C)nn23)C1=O,CHEMBL4594419,1.1,CHEMBL274,1.1
CC(=O)N[C@@H]1C[C@H](NC(C)(C)C)CC[C@@H]1N1CC[C@H](Nc2ncnc3ccc(C(F)(F)F)cc23)C1=O,CHEMBL4781426,34.7,CHEMBL274,34.7
CC(=O)N[C@@H]1C[C@H](NC(C)(C)C)CC[C@@H]1N1CC[C@H](Nc2ncnc3cc(C(C)(C)C)nn23)C1=O,CHEMBL4594419,5.7,CHEMBL274,5.7
CC[C@H](C)[C@H](NC(=O)[C@H](CC(C)C)NC(=O)[C@H](CO)NC(=O)[C@H](Cc1cnc[nH]1)NC(=O)[C@@H](NC(=O)[C@H](CC(C)C)NC(=O)[C@H](CO)NC(=O)[C@@H](NC(=O)[C@H](Cc1ccc(O)cc1)NC(=O)[C@H](CC(N)=O)NC(=O)[C@H](CC(N)=O)NC(=O)[C@@H](NC(=O)[C@H](CCC(=O)O)NC(=O)[C@H](CCCNC(=N)N)NC(=O)[C@H](CC(=O)O)NC(=O)[C@H](Cc1c[nH]c2ccccc12)NC(=O)[C@H](CCC(=O)O)NC(=O)[C@H](CCSC)NC(=O)[C@H](Cc1c[nH]c2ccccc12)NC(C)=O)[C@@H](C)CC)[C@@H](C)O)[C@@H](C)CC)C(=O)N[C@@H](CCC(=O)O)C(=O)N[C@@H](CCC(=O)O)C(=O)N[C@@H](CO)C(=O)N[C@@H](CCC(N)=O)C(=O)N[C@@H](CC(N)=O)C(=O)N[C@@H](CCC(N)=O)C(=O)N[C@@H](CCC(N)=O)C(=O)N[C@@H](CCC(=O)O)C(=O)N[C@@H](CCCCN)C(=O)N[C@@H](CC(N)=O)C(=O)N[C@@H](CCC(=O)O)C(=O)N[C@@H](CCC(N)=O)C(=O)N[C@@H](CCC(=O)O)C(=O)N[C@@H](CC(C)C)C(=O)N[C@@H](CC(C)C)C(=O)N[C@@H](CCCCNC(=O)CCOCCOCCOCCOCCOCCOCCOCCOCCOCCOCCOCCOCCNC(=O)c1ccc(CC2CCN(CCCN(C(=O)C3CCN(C(C)=O)CC3)c3ccc(C)c(Cl)c3)CC2)cc1)C(N)=O,CHEMBL5078769,55.47,CHEMBL274,55.47
CC(=O)N1CCC(C(=O)N(CCCN2CCC(Cc3ccc(C(=O)O)cc3)CC2)c2ccc(C)c(Cl)c2)CC1,CHEMBL5084989,1.49,CHEMBL274,1.49
Cc1nnc(C(C)C)n1[C@H]1C[C@H]2CC[C@@H](C1)N2CC[C@H](NC(=O)C1CCC(F)(F)CC1)c1ccccc1,CHEMBL256907,0.82,CHEMBL274,0.82
CC(C)c1nnc(CCNC(=O)COCC(=O)NCCCCCCCNC(=O)COCC(=O)N[C@@H]2CC[C@@]3(O)[C@H]4Cc5ccc(O)c6c5[C@@]3(CCN4CC3CC3)[C@H]2O6)n1C1C[C@H]2CC[C@@H](C1)N2CC[C@H](NC(=O)C1CCC(F)(F)CC1)c1ccccc1,CHEMBL5074744,57.5,CHEMBL274,57.5
CC(C)c1nnc(CCNC(=O)COCC(=O)NCCCCCCCCCNC(=O)COCC(=O)N[C@@H]2CC[C@@]3(O)[C@H]4Cc5ccc(O)c6c5[C@@]3(CCN4CC3CC3)[C@H]2O6)n1C1C[C@H]2CC[C@@H](C1)N2CC[C@H](NC(=O)C1CCC(F)(F)CC1)c1ccccc1,CHEMBL5089300,965.0,CHEMBL274,965.0
CC(C)c1nnc(CCNC(=O)COCC(=O)NCCCCCNC(=O)COCC(=O)N[C@@H]2CC[C@@]3(O)[C@H]4Cc5ccc(O)c6c5[C@@]3(CCN4CC3CC3)[C@H]2O6)n1C1C[C@H]2CC[C@@H](C1)N2CC[C@H](NC(=O)C1CCC(F)(F)CC1)c1ccccc1,CHEMBL5074037,1260.0,CHEMBL274,1260.0
Cc1nnc(C(C)C)n1C1C[C@H]2CC[C@@H](C1)N2CC[C@H](NC(=O)C1CCC(F)(F)CC1)c1ccc(NC(=O)COCC(=O)NCCCCCCCNC(=O)COCC(=O)N[C@@H]2CC[C@@]3(O)[C@H]4Cc5ccc(O)c6c5[C@@]3(CCN4CC3CC3)[C@H]2O6)cc1,CHEMBL5071060,126.0,CHEMBL274,126.0
Cc1nnc(C(C)C)n1C1C[C@H]2CC[C@@H](C1)N2CC[C@H](NC(=O)C1CCC(F)(F)CC1)c1ccccc1,CHEMBL584744,0.77,CHEMBL274,0.77
CC(=O)N[C@@H](CCN1[C@@H]2CC[C@H]1C[C@H](n1c(C)nnc1C(C)C)C2)c1cccs1,CHEMBL5176665,15.04,CHEMBL274,15.04
CC(=O)Nc1cccc(C(=O)N[C@@H](CCN2[C@@H]3CC[C@H]2C[C@H](n2c(C)nnc2C(C)C)C3)c2cccs2)c1,CHEMBL5178495,40.4,CHEMBL274,40.4
COc1ccc(S(N)(=O)=O)cc1C(=O)N[C@@H](CCN1[C@@H]2CC[C@H]1C[C@H](n1c(C)nnc1C(C)C)C2)c1cccs1,CHEMBL5184978,1381.0,CHEMBL274,1381.0
CNS(=O)(=O)c1cccc(C(=O)N[C@@H](CCN2[C@@H]3CC[C@H]2C[C@H](n2c(C)nnc2C(C)C)C3)c2cccs2)c1,CHEMBL5197247,31.89,CHEMBL274,31.89
COC(=O)C1CCC(C(=O)N[C@@H](CCN2[C@@H]3CC[C@H]2C[C@H](n2c(C)nnc2C(C)C)C3)c2cccs2)CC1,CHEMBL5185201,11.76,CHEMBL274,11.76
Cc1ccc([C@H](CCN2[C@@H]3CC[C@H]2C[C@H](n2c(C)nnc2C(C)C)C3)NC(=O)CC#N)s1,CHEMBL5205626,72.74,CHEMBL274,72.74
Cc1ccc([C@H](CCN2[C@@H]3CC[C@H]2C[C@H](n2c(C)nnc2C(C)C)C3)NC(=O)Cn2cnnn2)s1,CHEMBL5208613,45.08,CHEMBL274,45.08
Cc1ccc([C@H](CCN2[C@@H]3CC[C@H]2C[C@H](n2c(C)nnc2C(C)C)C3)NC(=O)C2CCN(S(C)(=O)=O)CC2)s1,CHEMBL5205216,7.99,CHEMBL274,7.99
Cc1csc([C@H](CCN2[C@@H]3CC[C@H]2C[C@H](n2c(C)nnc2C(C)C)C3)NC(=O)C2CCN(S(C)(=O)=O)CC2)c1,CHEMBL5204027,21.46,CHEMBL274,21.46
Cc1ccsc1[C@H](CCN1[C@@H]2CC[C@H]1C[C@H](n1c(C)nnc1C(C)C)C2)NC(=O)C1CCCC1,CHEMBL5178121,18.91,CHEMBL274,18.91
Cc1nnc(C(C)C)n1[C@@H]1C[C@H]2CC[C@@H](C1)N2CC[C@H](NC(=O)C1CCCCC1)c1ccc(F)s1,CHEMBL5200961,9.33,CHEMBL274,9.33
Cc1nnc(C(C)C)n1[C@@H]1C[C@H]2CC[C@@H](C1)N2CC[C@H](NC(=O)C1CCCC1)c1ccsc1Cl,CHEMBL5180628,4.36,CHEMBL274,4.36
Cc1nnc(C(C)C)n1[C@@H]1C[C@H]2CC[C@@H](C1)N2CC[C@H](NC(=O)C1CCC(F)(F)CC1)c1ccsc1Cl,CHEMBL5177519,5.34,CHEMBL274,5.34
Cc1nnc(C(C)C)n1[C@@H]1C[C@H]2CC[C@@H](C1)N2CC[C@H](NC(=O)C1CCC(F)(F)CC1)c1cscn1,CHEMBL4240742,67.39,CHEMBL274,67.39
Cc1nnc(C(C)C)n1[C@@H]1C[C@H]2CC[C@@H](C1)N2CC[C@H](NC(=O)C(F)(F)F)c1csc2ccccc12,CHEMBL5184527,680.2,CHEMBL274,680.2
COCc1nnc(C(C)C)n1[C@@H]1C[C@H]2CC[C@@H](C1)N2CC[C@H](NC(=O)C1CCC(F)(F)CC1)c1ccsc1,CHEMBL5171331,2.49,CHEMBL274,2.49
Cc1nc2c(n1[C@@H]1C[C@H]3CC[C@@H](C1)N3CC[C@H](NC(=O)C1CCC(F)(F)CC1)c1ccsc1)CCN(C(=O)C(C)C)C2,CHEMBL5209067,8.34,CHEMBL274,8.34
CC(=O)N1CCc2c(nc(C)n2[C@@H]2C[C@H]3CC[C@@H](C2)N3CC[C@H](NC(=O)C2CCC(F)(F)CC2)c2ccsc2)C1,CHEMBL5175220,15.9,CHEMBL274,15.9
Cc1nnc(C(C)C)n1[C@H]1C[C@H]2CC[C@@H](C1)N2CC[C@H](NC(=O)C1CCC(F)(F)CC1)c1ccccc1,CHEMBL256907,8.0,CHEMBL274,8.0
CC(=O)N[C@@H](CCN1C2CCC1CC(n1c(C)nc3c1CCN(C(=O)C(C)C)C3)C2)c1cccc(F)c1,CHEMBL5203084,18.91,CHEMBL274,18.91
C[C@@H](N)C(=O)N[C@@H](CO)C(=O)N[C@H](C(=O)N[C@H](C(=O)N[C@H](C(=O)N[C@@H](CC(N)=O)C(=O)N[C@@H](Cc1ccc(O)cc1)C(=O)N[C@H](C(N)=O)[C@@H](C)O)[C@@H](C)O)[C@@H](C)O)[C@@H](C)O,CHEMBL181276,0.06,CHEMBL274,0.06
C[C@@H](N)C(=O)N[C@@H](CO)C(=O)N[C@H](C(=O)N[C@H](C(=O)N[C@H](C(=O)N[C@@H](CC(N)=O)C(=O)N[C@@H](Cc1ccc(O)cc1)C(=O)N[C@H](C(N)=O)[C@@H](C)O)[C@@H](C)O)[C@@H](C)O)[C@@H](C)O,CHEMBL181276,0.32,CHEMBL274,0.32
CCCN(C(=O)OCc1cccc(C(N)=O)c1)C1CCN(CC[C@H](CN(C)S(=O)(=O)c2ccccc2)c2cccc(Cl)c2)CC1,CHEMBL310106,0.8,CHEMBL274,0.8
C=CCN(C(=O)OCc1ccc([N+](=O)[O-])cc1)C1CCN(C[C@H]2CN(Cc3ccccc3)C[C@@H]2c2ccccc2)CC1,CHEMBL328445,0.1,CHEMBL274,0.1
O=C(C1=C(O)C(=O)N(c2nnc(SCc3ccc(Cl)cc3)s2)C1c1cccs1)c1cc2ccccc2o1,CHEMBL5268295,2000.0,CHEMBL274,2.0
CC1CCCN(CC(O)COc2ccc3c4c(c(=O)oc3c2)CCC4)C1,CHEMBL2381331,1300.0,CHEMBL274,1.3
COc1ccccc1C(CNC(=O)c1cc(-c2ccc(Br)cc2)on1)N1CCC(C)CC1,CHEMBL2381332,1900.0,CHEMBL274,1.9
CN(C)c1ccc(/C=C2\SC(N3CCN(CCO)CC3)=NC2=O)cc1,CHEMBL2381216,5400.0,CHEMBL274,5.4
CCCC[C@H]1C[C@@H](N(C)C(C)C)CC[C@H]1NC(=O)CNC(=O)c1cccc(C(F)(F)F)c1,CHEMBL5267875,2.5,CHEMBL274,2.5
O=C(CCC(=O)N1CCN(c2ccnc3cc(Cl)ccc23)CC1)N1CCN(c2ccnc3cc(Cl)ccc23)CC1,CHEMBL5269098,2000.0,CHEMBL274,2.0
Cc1ccc(-c2ccc3c(c2)C=C(C(=O)Nc2ccc(C[N+](C)(C)C4CCOCC4)cc2)CCC3)cc1,CHEMBL1178786,1.4,CHEMBL274,1.4
CC[C@H](C)[C@H](NC(C)=O)C(=O)N[C@@H](CCC(=O)O)C(=O)N[C@@H](CCC(=O)O)C(=O)N[C@@H](CC(C)C)C(=O)N[C@H](C(=O)N[C@@H](CCCNC(=N)N)C(=O)N[C@@H](C)C(=O)N[C@@H](C)C(=O)N[C@@H](CCC(N)=O)C(=O)N[C@@H](CCC(=O)O)C(=O)N[C@@H](CCC(N)=O)C(=O)N[C@@H](CCC(N)=O)C(=O)N[C@@H](CCCNC(=N)N)C(=O)N[C@@H](CCCCN)C(=O)N[C@@H](CC(N)=O)C(=O)N[C@@H](CCC(=O)O)C(=O)N[C@@H](CCC(=O)O)C(=O)N[C@@H](C)C(=O)N[C@@H](CC(C)C)C(=O)N[C@@H](CCCNC(=N)N)C(=O)N[C@@H](CCC(=O)O)C(=O)N[C@@H](CC(C)C)C(=O)N[C@@H](CCCCNC(=O)CCOCCOCCOCCOCCOCCOCCOCCOCCOCCOCCOCCOCCNC(=O)c1ccc(CC2CCN(CCCN(C(=O)C3CCN(C(C)=O)CC3)c3ccc(C)c(Cl)c3)CC2)cc1)C(N)=O)[C@@H](C)CC,CHEMBL5414303,19.17,CHEMBL274,19.17
CC[C@H](C)[C@H](NC(C)=O)C(=O)N[C@@H](CCC(=O)O)C(=O)N[C@@H](CCC(=O)O)C(=O)N[C@@H](CC(C)C)C(=O)N[C@H](C(=O)N[C@@H](CCCNC(=N)N)C(=O)N[C@@H](C)C(=O)N[C@@H](C)C(=O)N[C@@H](CCC(N)=O)C(=O)N[C@@H](CCC(=O)O)C(=O)N[C@@H](CCC(N)=O)C(=O)N[C@@H](CCC(N)=O)C(=O)N[C@@H](CCCNC(=N)N)C(=O)N[C@@H](CCCCN)C(=O)N[C@@H](CC(N)=O)C(=O)N[C@@H](CCC(=O)O)C(=O)N[C@@H](CCC(=O)O)C(=O)N[C@@H](C)C(=O)N[C@@H](CC(C)C)C(=O)N[C@@H](CCCNC(=N)N)C(=O)N[C@@H](CCC(=O)O)C(=O)N[C@@H](CC(C)C)C(=O)N[C@@H](CCCCNC(=O)CCOCCOCCOCCOCCOCCOCCOCCOCCOCCOCCOCCOCCNC(=O)c1ccc(S(=O)(=O)NC2CC3CCC(C2)N3CCCN(C(=O)C2CCN(C(C)=O)CC2)c2ccc(C)c(Cl)c2)cc1)C(N)=O)[C@@H](C)CC,CHEMBL5410204,10.27,CHEMBL274,10.27
CC(=O)N1CCC(C(=O)N(CCCN2CCC(Cc3ccc(C(N)=O)cc3)CC2)c2ccc(C)c(Cl)c2)CC1,CHEMBL207004,0.83,CHEMBL274,0.83
CC(=O)N1CCC(C(=O)N(CCCN2C3CCC2CC(NS(=O)(=O)c2ccc(F)cc2)C3)c2ccc(C)c(Cl)c2)CC1,CHEMBL5438380,1.08,CHEMBL274,1.08
Cc1nnc(C(C)C)n1[C@@H]1C[C@H]2CC[C@@H](C1)N2CC[C@@H](NC(=O)C1CCC(F)(F)CC1)c1ccccc1,CHEMBL5413158,0.75,CHEMBL274,0.75
C=CC/C=C\C/C=C\CCCCCCCc1cccc(O)c1C(=O)O,CHEMBL455368,9000.0,CHEMBL5750,9.0
c1cc(SSc2ccns2)sn1,CHEMBL3774630,2000.0,CHEMBL5750,2.0
c1cc(SSc2ccns2)sn1,CHEMBL3774630,2000.0,CHEMBL5750,2.0
c1cc(SSc2ccns2)sn1,CHEMBL3774630,2000.0,CHEMBL5750,2.0
O=C(NNS(=O)(=O)c1ccccc1F)c1cc(F)cc(-c2ccccn2)c1,CHEMBL4456585,8700.0,CHEMBL5750,8.7
O=C(N[C@H](CO)[C@H](O)c1ccc([N+](=O)[O-])cc1)C(Cl)Cl.O=S(=O)(O)O,CHEMBL2205638,7400.0,CHEMBL3987582,7.4
COc1ccc(CCC(=O)N(c2nccc3ccccc23)[C@@H]2CCCNC2)cc1,CHEMBL4128250,2630.0,CHEMBL3987582,2.63
O=C(c1ccc(-c2cnccn2)cc1)N(c1nccc2ccccc12)[C@@H]1CCCNC1,CHEMBL4127016,4300.0,CHEMBL3987582,4.3
Cn1cc(-c2ccc(C(=O)N(c3nccc4ccccc34)[C@@H]3CCCNC3)cc2)cn1,CHEMBL4128388,1060.0,CHEMBL3987582,1.06
O=C(c1ccc(-c2cnn3cccnc23)cc1)N(c1nccc2ccccc12)[C@@H]1CCCNC1,CHEMBL4130157,690.0,CHEMBL3987582,0.69
O=C(c1ccc(-n2nnc3cccnc32)cc1)N(c1nccc2ccccc12)[C@@H]1CCCNC1,CHEMBL4126894,390.0,CHEMBL3987582,0.39
O=C(c1ccc(-n2nnc3cccnc32)cc1)N(c1ncccc1Cl)[C@@H]1CCCNC1,CHEMBL4109308,380.0,CHEMBL3987582,0.38
Cc1ccc2nnn(-c3ccc(C(=O)N(c4ncccc4Cl)[C@@H]4CCCNC4)cc3)c2n1,CHEMBL4126496,450.0,CHEMBL3987582,0.45
Cc1cnc2c(c1)nnn2-c1ccc(C(=O)N(c2ncccc2Cl)[C@@H]2CCCNC2)cc1,CHEMBL4114159,410.0,CHEMBL3987582,0.41
O=C(c1ccc(-n2nnc3cccnc32)cn1)N(c1ncccc1Cl)[C@@H]1CCCNC1,CHEMBL4108338,710.0,CHEMBL3987582,0.71
O=C(c1ccc(-n2nnc3cccnc32)nc1)N(c1ncccc1Cl)[C@@H]1CCCNC1,CHEMBL4128560,4100.0,CHEMBL3987582,4.1
Cc1cnc2c(c1)nnn2-c1ccc(C(=O)N(c2ncccc2Cl)[C@@H]2CCCNC2)nc1,CHEMBL4107559,850.0,CHEMBL3987582,0.85
COc1ccc(CCC(=O)N(c2nccc3ccccc23)[C@@H]2CCCNC2)cc1,CHEMBL4128250,8370.0,CHEMBL3987582,8.37
O=C(c1ccc(-c2cnccn2)cc1)N(c1nccc2ccccc12)[C@@H]1CCCNC1,CHEMBL4127016,9320.0,CHEMBL3987582,9.32
Cn1cc(-c2ccc(C(=O)N(c3nccc4ccccc34)[C@@H]3CCCNC3)cc2)cn1,CHEMBL4128388,2380.0,CHEMBL3987582,2.38
O=C(c1ccc(-c2cnn3cccnc23)cc1)N(c1nccc2ccccc12)[C@@H]1CCCNC1,CHEMBL4130157,1290.0,CHEMBL3987582,1.29
O=C(c1ccc(-n2nnc3cccnc32)cc1)N(c1nccc2ccccc12)[C@@H]1CCCNC1,CHEMBL4126894,900.0,CHEMBL3987582,0.9
O=C(c1ccc(-n2nnc3cccnc32)cc1)N(c1ncccc1Cl)[C@@H]1CCCNC1,CHEMBL4109308,820.0,CHEMBL3987582,0.82
Cc1ccc2nnn(-c3ccc(C(=O)N(c4ncccc4Cl)[C@@H]4CCCNC4)cc3)c2n1,CHEMBL4126496,900.0,CHEMBL3987582,0.9
Cc1cnc2c(c1)nnn2-c1ccc(C(=O)N(c2ncccc2Cl)[C@@H]2CCCNC2)cc1,CHEMBL4114159,780.0,CHEMBL3987582,0.78
O=C(c1ccc(-n2nnc3cccnc32)cn1)N(c1ncccc1Cl)[C@@H]1CCCNC1,CHEMBL4108338,1440.0,CHEMBL3987582,1.44
O=C(c1ccc(-n2nnc3cccnc32)nc1)N(c1ncccc1Cl)[C@@H]1CCCNC1,CHEMBL4128560,9240.0,CHEMBL3987582,9.24
Cc1cnc2c(c1)nnn2-c1ccc(C(=O)N(c2ncccc2Cl)[C@@H]2CCCNC2)nc1,CHEMBL4107559,1370.0,CHEMBL3987582,1.37
CN(C)c1cncc(-c2ccc(C(=O)N(c3ncccc3Cl)[C@@H]3CCCNC3)cc2)n1,CHEMBL4127311,2970.0,CHEMBL3987582,2.97
Cc1cncc(-c2ccc(C(=O)N(c3ncccc3Cl)[C@@H]3CCCNC3)cc2)n1,CHEMBL4127458,2820.0,CHEMBL3987582,2.82
CNc1cncc(-c2ccc(C(=O)N(c3ncccc3Cl)[C@@H]3CCCNC3)cc2)n1,CHEMBL4126072,3080.0,CHEMBL3987582,3.08
O=C(c1ccc(-n2nnc3cccnc32)cc1)N(c1ncccc1Cl)[C@@H]1CCCNC1,CHEMBL4109308,7000.0,CHEMBL3987582,7.0
COc1ccc(CCC(=O)N(c2nccc3ccccc23)[C@@H]2CCCNC2)cc1,CHEMBL4128250,2630.0,CHEMBL3987582,2.63
O=C(CCc1ccc(-n2nnc3cccnc32)cc1)N(c1ncccc1Cl)[C@@H]1CCCNC1,CHEMBL4574496,380.0,CHEMBL3987582,0.38
Cc1cnc2c(c1)nnn2-c1ccc(CCC(=O)N(c2ncccc2Cl)[C@@H]2CCCNC2)nc1,CHEMBL4533299,850.0,CHEMBL3987582,0.85
O=C(N1CCC(c2ccccc2)CC1)N(c1nccc2ccccc12)[C@@H]1CCCNC1,CHEMBL4534859,1730.0,CHEMBL3987582,1.73
O=C(N1CCC(c2ccccc2)CC1)N(c1ncccc1Cl)[C@@H]1CCCNC1,CHEMBL4446635,2210.0,CHEMBL3987582,2.21
Cc1cccnc1N(C(=O)N1CCC(c2ccccc2)CC1)[C@@H]1CCCNC1,CHEMBL4566239,2050.0,CHEMBL3987582,2.05
Cc1ccc2c(N3CCN(C(=O)N(c4nccc5ccccc45)[C@@H]4CCCNC4)CC3)noc2c1,CHEMBL4525277,3500.0,CHEMBL3987582,3.5
COc1ccc(CCC(=O)N(c2nccc3ccccc23)[C@@H]2CCCNC2)cc1,CHEMBL4128250,8040.0,CHEMBL3987582,8.04
O=C(CCc1ccc(-n2nnc3cccnc32)cc1)N(c1ncccc1Cl)[C@@H]1CCCNC1,CHEMBL4574496,500.0,CHEMBL3987582,0.5
Cc1cnc2c(c1)nnn2-c1ccc(CCC(=O)N(c2ncccc2Cl)[C@@H]2CCCNC2)nc1,CHEMBL4533299,2270.0,CHEMBL3987582,2.27
O=C(N1CCC(c2ccccc2)CC1)N(c1nccc2ccccc12)[C@@H]1CCCNC1,CHEMBL4534859,1540.0,CHEMBL3987582,1.54
O=C(N1CCC(c2ccccc2)CC1)N(c1ncccc1Cl)[C@@H]1CCCNC1,CHEMBL4446635,2080.0,CHEMBL3987582,2.08
Cc1cccnc1N(C(=O)N1CCC(c2ccccc2)CC1)[C@@H]1CCCNC1,CHEMBL4566239,2330.0,CHEMBL3987582,2.33
Cc1nccnc1N(C(=O)N1CCC(c2ccccc2)CC1)[C@@H]1CCCNC1,CHEMBL4469712,3630.0,CHEMBL3987582,3.63
Cn1ccc2ccnc(N(C(=O)N3CCC(c4ccccc4)CC3)[C@@H]3CCCNC3)c21,CHEMBL4560206,500.0,CHEMBL3987582,0.5
Cc1cccnc1N(C(=O)N1CCC(c2ccccc2F)CC1)[C@@H]1CCCNC1,CHEMBL4527910,4380.0,CHEMBL3987582,4.38
Cc1cccnc1N(C(=O)N1CCC(c2cnn3cccnc23)CC1)[C@@H]1CCCNC1,CHEMBL4554909,920.0,CHEMBL3987582,0.92
O=C(c1ccc(-n2nnc3cccnc32)cc1)N(c1ncccc1Cl)[C@@H]1CCCNC1,CHEMBL4109308,300.0,CHEMBL3987582,0.3
