molecule_chembl_id,canonical_smiles,standard_value
CHEMBL470465,C#CC(O)/C=C/CCCCCC#CC/C=C\CCCCCCCCCCC/C=C\C#CC(=O)O,0.16
CHEMBL465330,C#C[C@@H](O)/C=C/CCCCCC#CC#CCCCC#CCCCC#CCCCCCC#CC(=O)O,0.25
CHEMBL4634355,O=c1cc(-c2cc(O)c(O)c(O)c2)c2ccc(O)c(O)c2o1,0.25
CHEMBL3349437,OC[C@@]1(O)C[C@H](NCCc2ccccc2)[C@H](O)[C@@H](O)[C@@H]1O,2.3
CHEMBL2374254,OC[C@@]1(O)C[C@H](NC[C@H](O)c2ccccc2)[C@H](O)[C@H](O)[C@H]1O,2.9
CHEMBL361025,O=c1c2cc(O)ccc2oc2cc(O)cc(O)c12,3.2
CHEMBL3349441,OC[C@@]1(O)C[C@H](NCc2cccs2)[C@H](O)[C@@H](O)[C@@H]1O,3.3
CHEMBL465332,C#C[C@@H](O)/C=C/CCCCCCC#C[C@@H](O)/C=C/[C@H](O)C#CCCCCCC/C=C/[C@H](O)C#C,4.08
CHEMBL169,C[C@H]1[C@H](C)CC[C@]2(C(=O)O)CC[C@]3(C)C(=CC[C@@H]4[C@@]5(C)CC[C@H](O)C(C)(C)[C@@H]5CC[C@]43C)[C@H]12,4.42
CHEMBL3349431,OCN(CO)[C@H]1C[C@](O)(CO)[C@@H](O)[C@H](O)[C@H]1O,4.6
CHEMBL2051983,CO[C@H]1O[C@H](C)[C@@H](N[C@H]2C[C@](O)(CO)[C@@H](O)[C@H](O)[C@H]2O)[C@H](O)[C@H]1O,4.9
CHEMBL3349432,OC[C@@]1(O)C[C@H](N[C@@H]2CCCC[C@H]2O)[C@H](O)[C@@H](O)[C@@H]1O,5.2
CHEMBL151,O=c1cc(-c2ccc(O)c(O)c2)oc2cc(O)cc(O)c12,5.96
CHEMBL2374253,OC[C@H](N[C@H]1C[C@](O)(CO)[C@@H](O)[C@H](O)[C@H]1O)c1ccccc1,6.6
CHEMBL3349442,CC(C)(C)c1cc(CN[C@H]2C[C@](O)(CO)[C@@H](O)[C@H](O)[C@H]2O)cc(C(C)(C)C)c1O,6.8
CHEMBL2051761,C[C@H]1C[C@H](N)[C@H](O)[C@@H](O)[C@@H]1N[C@H]1C[C@](O)(CO)[C@@H](O)[C@H](O)[C@H]1O,7.5
CHEMBL2436928,COc1c(O)cc2oc3ccc(O)cc3c(=O)c2c1O,7.6
CHEMBL3349433,OC[C@@]1(O)C[C@H](NCC2CCCCC2)[C@H](O)[C@@H](O)[C@@H]1O,9.3
CHEMBL86772,OCC12OC(Nc3ccccc3)=NC1C(O)C(O)C2O,10.3
CHEMBL3349438,CC(C)=CCC/C(C)=C/CN[C@H]1C[C@](O)(CO)[C@@H](O)[C@H](O)[C@H]1O,11.0
CHEMBL5274472,COc1c(O)cc(O)c2c(=O)c3cc(O)ccc3oc12,12.8
CHEMBL4100829,COc1cc(O)c2c(=O)c3cc(O)ccc3oc2c1OC,13.2
CHEMBL3349443,OC[C@@]1(O)C[C@H](NC/C=C/c2ccccc2)[C@H](O)[C@@H](O)[C@@H]1O,14.0
CHEMBL3349434,OC[C@@]1(O)C[C@H](NC2CCCCC2)[C@H](O)[C@@H](O)[C@@H]1O,15.0
CHEMBL3349446,OC[C@@]1(O)C[C@H](NCc2cccnc2)[C@H](O)[C@@H](O)[C@@H]1O,15.0
CHEMBL3349435,OC[C@@]1(O)C[C@H](NCc2ccc(Br)cc2)[C@H](O)[C@@H](O)[C@@H]1O,15.0
CHEMBL259025,O=c1ccc2ccc(Oc3cc4ccc(O)cc4oc3=O)cc2o1,18.7
CHEMBL5179527,Cc1nc2ccccc2n(CC(=O)N/N=C/c2ccc(OCCn3cc(CN4CCOCC4)nn3)cc2)c1=O,21.92
CHEMBL320116,OCC1NC(CO)[C@H](O)[C@@H](O)[C@@H]1O,22.0
CHEMBL5183163,Cc1nc2ccccc2n(CC(=O)N/N=C/c2ccc(OCCn3cc(CN4CCCCC4)nn3)cc2)c1=O,22.32
CHEMBL4856778,O=c1c2cc(O)c(O)cc2oc2cc(O)c([C@H]3O[C@@H](CO)[C@H](O)[C@@H](O)[C@@H]3O)c(O)c12,22.7
CHEMBL5179462,Cc1nc2ccccc2n(CC(=O)N/N=C/c2ccc(OCCn3cc(CN4CCCC4)nn3)cc2)c1=O,23.58
CHEMBL5171904,Cc1ccc(-n2cc(COc3ccc(/C=N/NC(=O)Cn4c(=O)c(C)nc5ccccc54)cc3)nn2)cc1,24.5
CHEMBL484030,COc1ccc(O)c2c(=O)c3cc(O)ccc3oc12,27.6
CHEMBL5402358,Brc1cccc(CSc2nnc(-c3ccc4nc(-c5ccccc5)c(-c5ccccc5)nc4c3)o2)c1,28.47
CHEMBL307429,OC[C@H]1NC[C@H](O)[C@@H](O)[C@@H]1O,30.0
CHEMBL506203,COc1cc(C(=O)OCc2ccc(O[C@@H]3O[C@H](COC(=O)/C=C/c4ccc(O)c(O)c4)[C@@H](O)[C@H](O)[C@H]3O)c(O)c2)ccc1O,34.0
CHEMBL2051982,C[C@H]1C[C@@H](O)[C@H](O)[C@@H](O)[C@H]1N[C@H]1C[C@](O)(CO)[C@@H](O)[C@H](O)[C@H]1O,35.0
CHEMBL2051762,C[C@H]1C[C@H](O)[C@H](O)[C@@H](O)[C@H]1N[C@H]1C[C@](O)(CO)[C@@H](O)[C@H](O)[C@H]1O,36.0
CHEMBL498833,C=C(C)[C@@H]1CC[C@]2(C(=O)O)CC[C@]3(C)[C@H](CC[C@@H]4[C@@]5(C)Cc6c([nH]c7ccccc67)C(C)(C)[C@@H]5CC[C@]43C)[C@@H]12,40.0
CHEMBL501355,OC[C@H]1N[C@H](CO)[C@@H](O)[C@H](O)[C@H]1O,40.0
CHEMBL75971,CN1C[C@H](O)[C@@H](O)[C@H](O)[C@H]1CO,40.0
CHEMBL3814496,O=[N+]([O-])c1ccccc1CO[C@@H](CO)[C@H](O)C[S+]1C[C@@H](O)[C@H](O)[C@H]1CO.[Cl-],42.0
CHEMBL4083803,COc1ccc2oc3ccc(O)cc3c(=O)c2c1OC,48.5
CHEMBL222396,N[C@H]1C[C@](O)(CO)[C@@H](O)[C@H](O)[C@H]1O,49.0
CHEMBL462972,O=c1ccc2ccc(Oc3cc4cc(O)c(O)cc4oc3=O)cc2o1,49.6
CHEMBL5269730,COc1cc(OC)c2c(=O)c3c(O)c(OC)ccc3oc2c1O,59.0
CHEMBL2442258,CN1[C@H](CO)[C@H](O)[C@@H](O)[C@H](O)[C@H]1CO,60.0
CHEMBL5286029,O=C(CO)CCC(=O)c1nc(C(=O)O)cc2c1[nH]c1ccccc12,63.3
CHEMBL5287044,COc1c(O)cc2oc3ccc(O)c(OC)c3c(=O)c2c1O,63.4
CHEMBL2237045,CC[C@H](/C=C/[C@@H](C)[C@H]1CC[C@H]2[C@@H]3CC=C4CC(OC(C)=O)CC[C@]4(C)[C@H]3CC[C@]12C)C(C)C,67.43
CHEMBL465360,O=c1cc(-c2ccc(O)cc2)oc2cc(O)c([C@@H]3O[C@H](CO)[C@@H](O)[C@H](O)[C@H]3O)c(O)c12,68.71
CHEMBL4448264,O=c1oc2ccccc2cc1-c1nn(C(Nc2ccc(Oc3ccc(NC(c4cccc(Br)c4)n4nc(-c5cc6ccccc6oc5=O)oc4=S)cc3)cc2)c2cccc(Br)c2)c(=S)o1,70.0
CHEMBL4533762,CN(C)c1ccc(C(Nc2ccc(NC(c3ccc(N(C)C)cc3)n3nc(-c4cc(=O)oc5ccccc45)oc3=S)cc2)n2nc(-c3cc4ccccc4oc3=O)oc2=S)cc1,70.0
CHEMBL4438224,O=c1cc(-c2nn(C(Nc3ccc(NC(c4ccc(Cl)cc4Cl)n4nc(-c5cc6ccccc6oc5=O)oc4=S)cc3)c3ccc(Cl)cc3Cl)c(=S)o2)c2ccccc2o1,70.0
CHEMBL4513326,COc1cccc(C(Nc2ccc(NC(c3cccc(OC)c3)n3nc(-c4cc(=O)oc5ccccc45)oc3=S)cc2)n2nc(-c3cc4ccccc4oc3=O)oc2=S)c1,70.0
CHEMBL4549180,CN(C)c1ccc(C(Nc2ccc(Oc3ccc(NC(c4ccc(N(C)C)cc4)n4nc(-c5cc6ccccc6oc5=O)oc4=S)cc3)cc2)n2nc(-c3cc4ccccc4oc3=O)oc2=S)cc1,70.0
CHEMBL4459113,O=c1cc(-c2nn(C(Nc3ccc(NC(c4cccc(Br)c4)n4nc(-c5cc6ccccc6oc5=O)oc4=S)cc3)c3cccc(Br)c3)c(=S)o2)c2ccccc2o1,70.0
CHEMBL4464119,O=c1oc2ccccc2cc1-c1nn(C(Nc2ccc(Oc3ccc(NC(c4ccc(Cl)cc4)n4nc(-c5cc6ccccc6oc5=O)oc4=S)cc3)cc2)c2ccc(Cl)cc2)c(=S)o1,70.0
CHEMBL4449167,O=c1cc(-c2nn(C(Nc3ccc(NC(c4ccc(Cl)cc4)n4nc(-c5cc6ccccc6oc5=O)oc4=S)cc3)c3ccc(Cl)cc3)c(=S)o2)c2ccccc2o1,70.0
CHEMBL4461882,COc1cccc(C(Nc2ccc(-c3ccc(NC(c4cccc(OC)c4)n4nc(-c5cc(=O)oc6ccccc56)oc4=S)cc3)cc2)n2nc(-c3cc4ccccc4oc3=O)oc2=S)c1,70.0
CHEMBL4552230,O=c1cc(-c2nn(C(Nc3ccc(-c4ccc(NC(c5ccc(Br)cc5)n5nc(-c6cc7ccccc7oc6=O)oc5=S)cc4)cc3)c3ccc(Br)cc3)c(=S)o2)c2ccccc2o1,70.0
CHEMBL4461780,O=c1cc(-c2nn(C(Nc3ccc(-c4ccc(NC(c5cccc(Cl)c5)n5nc(-c6cc7ccccc7oc6=O)oc5=S)cc4)cc3)c3cccc(Cl)c3)c(=S)o2)c2ccccc2o1,70.0
CHEMBL4448529,Cc1ccc(C(Nc2ccc(-c3ccc(NC(c4ccc(C)cc4)n4nc(-c5cc(=O)oc6ccccc56)oc4=S)cc3)cc2)n2nc(-c3cc4ccccc4oc3=O)oc2=S)cc1,70.0
CHEMBL4551617,O=c1cc(-c2nn(C(Nc3ccc(NC(c4ccc([N+](=O)[O-])cc4)n4nc(-c5cc6ccccc6oc5=O)oc4=S)cc3)c3ccc([N+](=O)[O-])cc3)c(=S)o2)c2ccccc2o1,70.0
CHEMBL4467305,CN(C)c1ccc(C(Nc2ccc(-c3ccc(NC(c4ccc(N(C)C)cc4)n4nc(-c5cc(=O)oc6ccccc56)oc4=S)cc3)cc2)n2nc(-c3cc4ccccc4oc3=O)oc2=S)cc1,70.0
CHEMBL4547928,Cc1ccc(C(Nc2ccc(Oc3ccc(NC(c4ccc(C)cc4)n4nc(-c5cc6ccccc6oc5=O)oc4=S)cc3)cc2)n2nc(-c3cc4ccccc4oc3=O)oc2=S)cc1,70.0
CHEMBL4549137,O=c1oc2ccccc2cc1-c1nn(C(Nc2ccc(Oc3ccc(NC(c4ccc(Br)cc4)n4nc(-c5cc6ccccc6oc5=O)oc4=S)cc3)cc2)c2ccc(Br)cc2)c(=S)o1,70.0
CHEMBL4535608,O=c1cc(-c2nn(C(Nc3ccc(NC(c4cccc(Cl)c4)n4nc(-c5cc6ccccc6oc5=O)oc4=S)cc3)c3cccc(Cl)c3)c(=S)o2)c2ccccc2o1,70.0
CHEMBL4468520,O=c1oc2ccccc2cc1-c1nn(C(Nc2ccc(Oc3ccc(NC(c4ccc([N+](=O)[O-])cc4)n4nc(-c5cc6ccccc6oc5=O)oc4=S)cc3)cc2)c2ccc([N+](=O)[O-])cc2)c(=S)o1,70.0
CHEMBL4468873,Cc1ccc(C(Nc2ccc(NC(c3ccc(C)cc3)n3nc(-c4cc(=O)oc5ccccc45)oc3=S)cc2)n2nc(-c3cc4ccccc4oc3=O)oc2=S)cc1,70.0
CHEMBL4448033,O=c1cc(-c2nn(C(Nc3ccc(-c4ccc(NC(c5ccc(Cl)cc5Cl)n5nc(-c6cc7ccccc7oc6=O)oc5=S)cc4)cc3)c3ccc(Cl)cc3Cl)c(=S)o2)c2ccccc2o1,70.0
CHEMBL4466971,O=c1cc(-c2nn(C(Nc3ccc(-c4ccc(NC(c5cccc(Br)c5)n5nc(-c6cc7ccccc7oc6=O)oc5=S)cc4)cc3)c3cccc(Br)c3)c(=S)o2)c2ccccc2o1,70.0
CHEMBL4538427,O=c1cc(-c2nn(C(Nc3ccc(NC(c4ccc(F)cc4)n4nc(-c5cc6ccccc6oc5=O)oc4=S)cc3)c3ccc(F)cc3)c(=S)o2)c2ccccc2o1,70.0
CHEMBL4574481,O=c1cc(-c2nn(C(Nc3ccc(-c4ccc(NC(c5ccc(Cl)cc5)n5nc(-c6cc7ccccc7oc6=O)oc5=S)cc4)cc3)c3ccc(Cl)cc3)c(=S)o2)c2ccccc2o1,70.0
CHEMBL4451108,O=c1cc(-c2nn(C(Nc3ccc(-c4ccc(NC(c5ccc([N+](=O)[O-])cc5)n5nc(-c6cc7ccccc7oc6=O)oc5=S)cc4)cc3)c3ccc([N+](=O)[O-])cc3)c(=S)o2)c2ccccc2o1,70.0
CHEMBL4453742,O=c1oc2ccccc2cc1-c1nn(C(Nc2ccc(Oc3ccc(NC(c4ccc(Cl)cc4Cl)n4nc(-c5cc6ccccc6oc5=O)oc4=S)cc3)cc2)c2ccc(Cl)cc2Cl)c(=S)o1,70.0
CHEMBL2051981,CO[C@H]1O[C@H](CO)[C@@H](N[C@H]2C[C@](O)(CO)[C@@H](O)[C@H](O)[C@H]2O)[C@H](O)[C@H]1O,72.0
CHEMBL5271914,O=c1c2cc(O)c(O)cc2oc2c([C@H]3O[C@@H](CO)[C@H](O)[C@@H](O)[C@@H]3O)c(O)cc(O)c12,76.98
CHEMBL5289086,COc1ccc2oc3ccc(O)cc3c(=O)c2c1,77.3
CHEMBL186068,CCCCCCCCN1CC(O)C(O)C(O)C1CO,80.0
CHEMBL187158,CCCCCCCCCN1CC(O)C(O)C(O)C1CO,80.0
CHEMBL4854113,Cc1nnc(SC(=O)c2ccc(-c3cccc(F)c3)o2)s1,82.0
CHEMBL508494,COc1cc2cc(Oc3ccc4ccc(=O)oc4c3)c(=O)oc2cc1O,86.0
CHEMBL3815109,CC(C)(C)CO[C@@H](CO)[C@H](O)C[S+]1C[C@@H](O)[C@H](O)[C@H]1CO.[Cl-],90.0
CHEMBL3814988,CC(C)CO[C@@H](CO)[C@H](O)C[S+]1C[C@@H](O)[C@H](O)[C@H]1CO.[Cl-],90.0
CHEMBL4441658,Cc1ccccc1N1C(=O)/C(=C/c2ccc(F)cc2)S/C1=N\NC(=O)c1cc2ccccc2oc1=O,90.0
CHEMBL4516968,O=C(N/N=C1\S/C(=C\c2ccc(F)cc2)C(=O)N1c1ccc(Cl)cc1)c1cc2ccccc2oc1=O,90.0
CHEMBL4463785,COc1ccccc1N1C(=O)/C(=C/c2ccc(F)cc2)S/C1=N\NC(=O)c1cc2ccccc2oc1=O,90.0
CHEMBL4557506,Cc1cccc(C)c1N1C(=O)/C(=C/c2ccc(F)cc2)S/C1=N\NC(=O)c1cc2ccccc2oc1=O,90.0
CHEMBL4457539,COc1ccc(N2C(=O)/C(=C/c3ccc(F)cc3)S/C2=N\NC(=O)c2cc3ccccc3oc2=O)cc1,90.0
CHEMBL4561204,Cc1ccc(N2C(=O)/C(=C/c3ccc(F)cc3)S/C2=N\NC(=O)c2cc3ccccc3oc2=O)c(C)c1,90.0
CHEMBL4469426,COc1cccc(N2C(=O)/C(=C/c3ccc(F)cc3)S/C2=N\NC(=O)c2cc3ccccc3oc2=O)c1,90.0
CHEMBL4127059,Cc1ccc(N2C(=O)/C(=C/c3ccc(F)cc3)S/C2=N\NC(=O)c2cc3ccccc3oc2=O)cc1,90.0
CHEMBL4589823,Cc1cccc(N2C(=O)/C(=C/c3ccc(F)cc3)S/C2=N\NC(=O)c2cc3ccccc3oc2=O)c1,90.0
CHEMBL4475313,O=C(N/N=C1\S/C(=C\c2ccc(F)cc2)C(=O)N1c1ccccc1Cl)c1cc2ccccc2oc1=O,90.0
CHEMBL4531736,Cc1ccc(N2C(=O)/C(=C/c3ccc(F)cc3)S/C2=N\NC(=O)c2cc3ccccc3oc2=O)cc1C,90.0
CHEMBL4591646,Cc1cc(C)cc(N2C(=O)/C(=C/c3ccc(F)cc3)S/C2=N\NC(=O)c2cc3ccccc3oc2=O)c1,90.0
CHEMBL4535006,Cc1ccc(C(c2c[nH]c3ccc(C(=O)NNS(=O)(=O)c4ccc(Br)cc4)cc23)c2c[nH]c3ccc(C(=O)NNS(=O)(=O)c4ccc(Br)cc4)cc23)cc1,100.0
CHEMBL4444058,Cc1ccc(C(c2c[nH]c3ccc(C(=O)NNS(=O)(=O)c4ccccc4Br)cc23)c2c[nH]c3ccc(C(=O)NNS(=O)(=O)c4ccccc4Br)cc23)cc1,100.0
CHEMBL4450153,Cc1ccc(C(c2c[nH]c3ccc(C(=O)NNS(=O)(=O)c4ccccc4Cl)cc23)c2c[nH]c3ccc(C(=O)NNS(=O)(=O)c4ccccc4Cl)cc23)cc1,100.0
CHEMBL1029,CCCCN1C[C@H](O)[C@@H](O)[C@H](O)[C@H]1CO,100.0
CHEMBL2051759,CO[C@H]1O[C@H](CO)[C@H](N[C@H]2C[C@](O)(CO)[C@@H](O)[C@H](O)[C@H]2O)[C@H](O)[C@H]1O,100.0
CHEMBL4592050,Cc1ccc(C(c2c[nH]c3ccc(C(=O)NNS(=O)(=O)c4cccc(Cl)c4Cl)cc23)c2c[nH]c3ccc(C(=O)NNS(=O)(=O)c4cccc(Cl)c4Cl)cc23)cc1,100.0
CHEMBL4465117,Cc1ccc(C(c2c[nH]c3ccc(C(=O)NNS(=O)(=O)c4ccc(Cl)c(Cl)c4)cc23)c2c[nH]c3ccc(C(=O)NNS(=O)(=O)c4ccc(Cl)c(Cl)c4)cc23)cc1,100.0
CHEMBL458472,COc1cc(C(=O)OCc2ccc(O[C@@H]3O[C@H](COC(C)=O)[C@@H](O)[C@H](O)[C@H]3O)c(O)c2)ccc1O,100.0
CHEMBL4476028,Cc1cs/c(=N\C(=O)c2ccco2)n1-c1cc(Cl)c(Cl)cc1Cl,100.0
CHEMBL4443277,Cc1cs/c(=N\C(=O)c2cc3ccccc3oc2=O)n1-c1cc(Cl)c(Cl)cc1Cl,100.0
CHEMBL4442767,Cc1cccc(C(=O)/N=c2\scc(C)n2-c2cc(Cl)c(Cl)cc2Cl)c1,100.0
CHEMBL4457996,COc1ccc(C(=O)/N=c2\scc(C)n2-c2cc(Cl)c(Cl)cc2Cl)cc1,100.0
CHEMBL4444856,Cc1ccc(C(c2c[nH]c3ccc(C(=O)NNS(=O)(=O)c4cc(Cl)ccc4Cl)cc23)c2c[nH]c3ccc(C(=O)NNS(=O)(=O)c4cc(Cl)ccc4Cl)cc23)cc1,100.0
CHEMBL470042,C=C1C[C@H]2[C@@](C)(C(=O)C(O)=C3C(C)(C)C(=O)CC[C@@]32C)[C@@H]2C(=O)O[C@@](C)(C(=O)OC)C(=O)[C@@]12C,100.0
CHEMBL515507,COc1cc(C(=O)OCc2ccc(O[C@@H]3O[C@H](CO)[C@@H](O)[C@H](O)[C@H]3O)c(O)c2)ccc1O,100.0
CHEMBL470039,COc1cc(-c2cc3c(c(=O)o2)C[C@]2(O)[C@@]4(C)C(=O)C=CC(C)(C)[C@]4(O)CC[C@@]2(C)O3)cc2c1OCO2,100.0
CHEMBL4468394,Cc1ccc(C(c2c[nH]c3ccc(C(=O)NNS(=O)(=O)c4cc(Cl)cc(Cl)c4)cc23)c2c[nH]c3ccc(C(=O)NNS(=O)(=O)c4cc(Cl)cc(Cl)c4)cc23)cc1,100.0
CHEMBL4459920,Cc1ccc(C(c2c[nH]c3ccc(C(=O)NNS(=O)(=O)c4ccc(C)cc4)cc23)c2c[nH]c3ccc(C(=O)NNS(=O)(=O)c4ccc(C)cc4)cc23)cc1,100.0
CHEMBL4543754,Cc1cs/c(=N\C(=O)c2ccccc2Cl)n1-c1cc(Cl)c(Cl)cc1Cl,100.0
CHEMBL4526576,Cc1ccc(C(c2c[nH]c3ccc(C(=O)NNS(=O)(=O)c4ccc(Cl)cc4Cl)cc23)c2c[nH]c3ccc(C(=O)NNS(=O)(=O)c4ccc(Cl)cc4Cl)cc23)cc1,100.0
CHEMBL511953,C=C1C[C@]2(O)[C@@]3(C)CCC(=O)C(C)(C)C3=C(O)C(=O)[C@@]2(C)[C@@H]2C(=O)O[C@@](C)(C(=O)OC)C(=O)[C@@]12C,100.0
CHEMBL5276586,Cl.O=[N+]([O-])c1ccccc1C1OC[C@@H](O)[C@@H]([C@H](O)C[S@+]2C[C@@H](O)[C@H](O)[C@H]2CO)O1,100.0
CHEMBL4860203,CC[C@]1(CO)NC[C@H](O)[C@@H](O)[C@@H]1O.Cl,100.0
CHEMBL3311516,COc1ccc(CCCC[C@@H]2N[C@@H](CO)[C@H](O)[C@H]2O)cc1,110.0
CHEMBL476960,OCC(CO)N[C@H]1C[C@](O)(CO)[C@@H](O)[C@H](O)[C@H]1O,110.0
CHEMBL5272219,CC(=O)c1cc2cc(-c3cccc(Cl)c3)oc2cc1O,110.0
CHEMBL4873807,CCCCCCCC[C@]1(CO)NC[C@H](O)[C@@H](O)[C@@H]1O.Cl,120.0
CHEMBL3814838,CCO[C@@H](CO)[C@H](O)C[S+]1C[C@@H](O)[C@H](O)[C@H]1CO.[Cl-],120.0
CHEMBL3944972,O=C(Nn1c(-c2cc3ccccc3oc2=O)cs/c1=N\c1ccc(Cl)c(Cl)c1)c1ccccc1O,120.0
CHEMBL1770626,CCO[C@@H](CO)[C@H](O)C[S@+]1C[C@@H](O)[C@H](O)[C@H]1CO.[Cl-],120.0
CHEMBL4858697,CCCCCC[C@]1(CO)NC[C@H](O)[C@@H](O)[C@@H]1O.Cl,140.0
CHEMBL4456568,Cc1cs/c(=N\C(=O)c2cccc3ccccc23)n1-c1cc(Cl)c(Cl)cc1Cl,150.0
CHEMBL4440783,Cc1ccccc1C(=O)/N=c1\scc(C)n1-c1cc(Cl)c(Cl)cc1Cl,150.0
CHEMBL3349439,OC[C@@]1(O)C[C@H](N[C@H]2CCCC[C@@H]2O)[C@H](O)[C@@H](O)[C@@H]1O,160.0
CHEMBL4470451,CCn1c2ccccc2c2cc(NC(=O)CSc3nc4ccccc4[nH]3)ccc21,170.0
CHEMBL3311517,OC[C@@H]1N[C@@H](CCCCc2ccc(O)cc2)[C@H](O)[C@H]1O,170.0
CHEMBL5186198,OC[C@]1(c2ccc(O)cc2)NC[C@H](O)[C@H]1O,180.0
CHEMBL3349436,OCC1=C[C@H](NC(CO)CO)[C@H](O)[C@@H](O)[C@@H]1O,180.0
CHEMBL3349440,OCC(CO)N[C@H]1C[C@H](CO)[C@@H](O)[C@H](O)[C@H]1O,180.0
CHEMBL3311518,OC[C@@H]1N[C@@H](CCCCc2ccc(F)cc2)[C@H](O)[C@H]1O,180.0
CHEMBL460255,[O-][S+]1CC(O)C(O)C(O)CC(O)CC(O)C(O)C(O)C(O)C1,186.0
CHEMBL4855744,O=C(Sc1nncs1)c1ccc(-c2ccc(Cl)cc2)o1,186.0
CHEMBL5189075,OC[C@]1(c2ccccc2)NC[C@H](O)[C@H]1O,190.0
CHEMBL2374255,OC[C@@]1(O)C[C@H](NC[C@@H](O)c2ccccc2)[C@H](O)[C@H](O)[C@H]1O,190.0
CHEMBL2177691,CC(C)CCC[C@@H]1N[C@@H](CO)[C@H](O)[C@H]1O,190.0
CHEMBL4868336,CCCCCCCCCCC[C@]1(CO)NC[C@H](O)[C@@H](O)[C@@H]1O.Cl,190.0
CHEMBL4856375,C[C@]1(CO)NC[C@H](O)[C@@H](O)[C@@H]1O.Cl,200.0
CHEMBL5191437,OC[C@@]1(c2ccc(F)cc2)NC[C@@H](O)[C@@H]1O,200.0
CHEMBL3354062,OC[C@@H]1[C@@H](O)[C@H](O)[C@@H](O)CN1CCCCCOCc1ccccc1-c1ccccc1,200.0
CHEMBL1641739,CCCC[C@@H]1N[C@@H](CO)[C@H](O)[C@H]1O,200.0
CHEMBL3354063,OC[C@@H]1[C@@H](O)[C@H](O)[C@@H](O)CN1CCCCCOCc1cccc(-c2ccccc2)c1,200.0
CHEMBL4857181,CCC[C@]1(CO)NC[C@H](O)[C@@H](O)[C@@H]1O.Cl,200.0
CHEMBL3763319,OC[C@@H]1[C@@H](O)[C@H](O)C[S+]1C[C@@H](O)[C@H](OCc1ccccc1C(F)(F)F)[C@H](O)[C@@H](O)CO.[Cl-],200.0
CHEMBL3764223,O=[N+]([O-])c1cccc(CO[C@H]([C@H](O)[C@@H](O)CO)[C@H](O)C[S+]2C[C@@H](O)[C@H](O)[C@H]2CO)c1.[Cl-],210.0
CHEMBL2177690,OC[C@@H]1N[C@@H](CCCCc2ccccc2)[C@H](O)[C@H]1O,220.0
CHEMBL5198563,CCCC[C@@]1(CO)NC[C@H](O)[C@H]1O,220.0
CHEMBL5269400,OC[C@@H]1[C@@H](O)[C@H](O)C[S@@+]1C[C@@H](O)[C@H]1OC(c2ccccc2C(F)(F)F)OC[C@H]1O.[Cl-],220.0
CHEMBL3311519,OC[C@@H]1N[C@@H](CCCCc2cc(F)cc(F)c2)[C@H](O)[C@H]1O,220.0
CHEMBL4874620,CCCCC[C@]1(CO)NC[C@H](O)[C@@H](O)[C@@H]1O.Cl,230.0
CHEMBL4855098,CCCCCCC[C@]1(CO)NC[C@H](O)[C@@H](O)[C@@H]1O.Cl,230.0
CHEMBL5287026,COc1cc2c(O)c(Oc3cc(O[C@@H]4O[C@H](CO)[C@@H](O)[C@H](O)[C@H]4O[C@@H]4O[C@H](CO)[C@@H](O)[C@H](O)[C@H]4O)c4ccc(=O)oc4c3)c(=O)oc2cc1O,231.0
CHEMBL4462061,COc1cc2cc(Oc3cc(O[C@@H]4O[C@H](CO)[C@@H](O)[C@H](O)[C@H]4O[C@@H]4O[C@H](CO)[C@@H](O)[C@H](O)[C@H]4O)c4ccc(=O)oc4c3)c(=O)oc2cc1O,231.0
CHEMBL5280680,Brc1ccc(-c2csc(-n3nc(-c4ccccc4)cc3-c3c[nH]c4ccccc34)n2)cc1,236.1
CHEMBL3814911,CCCCCCCO[C@@H](CO)[C@H](O)C[S+]1C[C@@H](O)[C@H](O)[C@H]1CO.[Cl-],240.0
CHEMBL5082173,COc1ccc(-c2oc3cc(OC)cc(OC)c3c(=O)c2OCCCCCCCCCCCN2C[C@H](O)[C@@H](O)[C@H](O)[C@H]2CO)cc1,240.0
CHEMBL4435163,Cc1cc2c(c(=O)[nH]1)C(=O)O/C2=C\c1cc(Br)cs1,240.0
CHEMBL3354624,OC[C@@H]1[C@@H](O)[C@H](O)[C@@H](O)CN1CCCCCOCc1ccc(-c2ccccc2)cc1F,250.0
CHEMBL3354622,C[C@H](OCCCCCN1C[C@H](O)[C@@H](O)[C@H](O)[C@H]1CO)c1ccc(-c2ccccc2)cc1,250.0
CHEMBL2051760,CO[C@H]1O[C@H](C)[C@H](N[C@H]2C[C@](O)(CO)[C@@H](O)[C@H](O)[C@H]2O)[C@H](O)[C@H]1O,250.0
CHEMBL5429566,O=C(O)C(F)(F)F.OC[C@H]1N[C@H](CCCCCCCCCc2ccc(O)cc2)[C@H](O)[C@@H](O)[C@@H]1O,250.0
CHEMBL3354025,OC[C@@H]1[C@@H](O)[C@H](O)[C@@H](O)CN1CCCCCOCc1ccc(-c2ccccc2)cc1,250.0
CHEMBL110458,OC[C@H]1NC[C@H](O)[C@@H](O)[C@H]1O,260.0
CHEMBL3763591,CCO[C@H]([C@H](O)[C@@H](O)CO)[C@H](O)C[S+]1C[C@@H](O)[C@H](O)[C@H]1CO.[Cl-],270.0
CHEMBL3311515,Cc1ccc(CCCC[C@@H]2N[C@@H](CO)[C@H](O)[C@H]2O)cc1,280.0
CHEMBL1258528,O=S(=O)([O-])O[C@@H]([C@H](O)[C@@H](O)CO)[C@H](O)C[S@+]1C[C@@H](O)[C@H](O)[C@H]1CO,290.0
CHEMBL3765363,OC[C@@H]1[C@@H](O)[C@H](O)C[S+]1C[C@@H](O)[C@H](O)[C@H](O)[C@@H](O)CO.[Cl-],300.0
CHEMBL1684166,OC[C@@H]1[C@@H](O)[C@H](O)C[S@@+]1C[C@@H](O)[C@H](O)[C@H](O)[C@@H](O)CO.[Cl-],300.0
CHEMBL5277322,OC[C@@H]1[C@@H](O)[C@H](O)C[S@@+]1C[C@@H](O)[C@H]1OC(c2cccc(C(F)(F)F)c2)OC[C@H]1O.[Cl-],300.0
CHEMBL4565442,Cc1ccc(C(c2c[nH]c3ccc(C(=O)NNS(=O)(=O)c4cc(Cl)c(Cl)cc4Cl)cc23)c2c[nH]c3ccc(C(=O)NNS(=O)(=O)c4cc(Cl)c(Cl)cc4Cl)cc23)cc1,300.0
CHEMBL2374252,OC[C@@H](N[C@H]1C[C@](O)(CO)[C@@H](O)[C@H](O)[C@H]1O)c1ccccc1,300.0
CHEMBL1770628,F[B-](F)(F)F.OC[C@H](OCc1ccccc1)[C@H](O)C[S@+]1C[C@@H](O)[C@H](O)[C@H]1CO,320.0
CHEMBL1641744,CCCCCCCC[C@@H]1N[C@@H](CO)[C@H](O)[C@H]1O,320.0
CHEMBL3764559,O=[N+]([O-])c1ccccc1CO[C@H]([C@H](O)[C@@H](O)CO)[C@H](O)C[S+]1C[C@@H](O)[C@H](O)[C@H]1CO.[Cl-],320.0
CHEMBL2051763,CO[C@H]1O[C@H](CO)[C@@H](N[C@H]2C=C(CO)[C@@H](O)[C@H](O)[C@H]2O)[C@H](O)[C@H]1O,320.0
CHEMBL1561,OCCN1C[C@H](O)[C@@H](O)[C@H](O)[C@H]1CO,350.0
CHEMBL404271,C[C@H]1O[C@H](O[C@H]2[C@H](O)[C@@H](O)[C@@H](O[C@H]3[C@H](O)[C@@H](O)C(O)O[C@@H]3CO)O[C@@H]2CO)[C@H](O)[C@@H](O)[C@@H]1N[C@H]1C=C(CO)[C@@H](O)[C@H](O)[C@H]1O,350.0
CHEMBL1641743,CCCCCCC[C@@H]1N[C@@H](CO)[C@H](O)[C@H]1O,380.0
CHEMBL478209,OC[C@H]1N[C@H](CO[C@@H]2O[C@H](CO)[C@@H](O)[C@H](O)[C@H]2O)[C@H](O)[C@@H](O)[C@@H]1O,380.0
CHEMBL5282029,OC[C@@H]1[C@@H](O)[C@H](O)C[S@@+]1C[C@@H](O)[C@H]1OC(c2ccccc2F)OC[C@H]1O.[Cl-],400.0
CHEMBL4543092,O=C(NNC(=S)Nc1ccccc1Br)c1ccc(-c2nnc(-c3ccccc3Cl)o2)cc1,400.0
CHEMBL4554478,O=C(NNC(=S)Nc1cccc([N+](=O)[O-])c1)c1ccc(-c2nnc(-c3ccccc3Cl)o2)cc1,400.0
CHEMBL3354625,OC[C@@H]1[C@@H](O)[C@H](O)[C@@H](O)CN1CCCCCOCc1ccc(-c2ccccc2)c(F)c1,400.0
CHEMBL4526013,COc1ccc(NC(=S)NNC(=O)c2ccc(-c3nnc(-c4ccccc4Cl)o3)cc2)cc1,400.0
CHEMBL4464685,O=C(NNC(=S)Nc1ccc([N+](=O)[O-])cc1)c1ccc(-c2nnc(-c3ccccc3Cl)o2)cc1,400.0
CHEMBL4550413,O=C(NNC(=S)Nc1ccc(Cl)cc1)c1ccc(-c2nnc(-c3ccccc3Cl)o2)cc1,400.0
CHEMBL408500,CCCCCCCCCN1C[C@H](O)[C@@H](O)[C@H](O)[C@H]1CO,400.0
CHEMBL4466929,COc1cccc(NC(=S)NNC(=O)c2ccc(-c3nnc(-c4ccccc4Cl)o3)cc2)c1,400.0
CHEMBL4547036,O=C(NNC(=S)Nc1ccc(Cl)c(Cl)c1)c1ccc(-c2nnc(-c3ccccc3Cl)o2)cc1,400.0
CHEMBL3354621,OC[C@@H]1[C@@H](O)[C@H](O)[C@@H](O)CN1CCCC(F)(F)COCc1ccc(-c2ccccc2)cc1,400.0
CHEMBL4555448,O=C(NNC(=S)Nc1ccc(Br)cc1)c1ccc(-c2nnc(-c3ccccc3Cl)o2)cc1,400.0
CHEMBL4446128,COc1ccccc1NC(=S)NNC(=O)c1ccc(-c2nnc(-c3ccccc3Cl)o2)cc1,400.0
CHEMBL4553428,O=C(NNC(=S)Nc1cccc(F)c1)c1ccc(-c2nnc(-c3ccccc3Cl)o2)cc1,400.0
CHEMBL4586665,O=C(NNC(=S)Nc1ccccc1F)c1ccc(-c2nnc(-c3ccccc3Cl)o2)cc1,400.0
CHEMBL574645,OC[C@@H]1[C@@H](O)[C@H](O)[C@@H](O)CN1CCCCCOCC12CC3CC(CC(C3)C1)C2,400.0
CHEMBL4582866,O=C(NNC(=S)Nc1ccc(F)cc1)c1ccc(-c2nnc(-c3ccccc3Cl)o2)cc1,400.0
CHEMBL4443246,Cc1ccc(NC(=S)NNC(=O)c2ccc(-c3nnc(-c4ccccc4Cl)o3)cc2)cc1,400.0
CHEMBL4462975,Cc1cccc(NC(=S)NNC(=O)c2ccc(-c3nnc(-c4ccccc4Cl)o3)cc2)c1,400.0
CHEMBL5268739,OC[C@@H]1[C@@H](O)[C@H](O)C[S@@+]1C[C@@H](O)[C@H]1OC(c2ccccc2Cl)OC[C@H]1O.[Cl-],410.0
CHEMBL5283777,OC[C@@H]1[C@@H](O)[C@H](O)C[S@@+]1C[C@@H](O)[C@H]1OC(c2ccccc2)OC[C@H]1O.[Cl-],420.0
CHEMBL3764745,OC[C@@H]1[C@@H](O)[C@H](O)C[S+]1C[C@@H](O)[C@H](OCc1cccc(C(F)(F)F)c1)[C@H](O)[C@@H](O)CO.[Cl-],450.0
CHEMBL4863963,CCCCCCCCC[C@]1(CO)NC[C@H](O)[C@@H](O)[C@@H]1O.Cl,450.0
CHEMBL1770625,CO[C@@H](CO)[C@H](O)C[S@+]1C[C@@H](O)[C@H](O)[C@H]1CO.[Cl-],460.0
CHEMBL1086997,CCCCN1C[C@H](O)[C@@H](O)[C@@H](O)[C@H]1CO,460.0
CHEMBL3814747,CO[C@@H](CO)[C@H](O)C[S+]1C[C@@H](O)[C@H](O)[C@H]1CO.[Cl-],460.0
CHEMBL3751947,OC[C@@H]1NC[C@@H](O)[C@@H]1O,490.0
CHEMBL1088158,OC[C@@H]1[C@H](O)[C@H](O)[C@@H](O)CN1CCCCCOCC12CC3CC(CC(C3)C1)C2,500.0
CHEMBL3354623,C[C@@H](OCCCCCN1C[C@H](O)[C@@H](O)[C@H](O)[C@H]1CO)c1ccc(-c2ccccc2)cc1,500.0
CHEMBL1651551,CCCCCCCN1C[C@H](O)[C@@H](O)[C@H](O)[C@H]1CO,500.0
CHEMBL4519690,Cc1ccc(C(c2c[nH]c3ccc(C(=O)NNS(=O)(=O)c4ccc([N+](=O)[O-])cc4[N+](=O)[O-])cc23)c2c[nH]c3ccc(C(=O)NNS(=O)(=O)c4ccc([N+](=O)[O-])cc4[N+](=O)[O-])cc23)cc1,500.0
CHEMBL3814555,CCCCCO[C@@H](CO)[C@H](O)C[S+]1C[C@@H](O)[C@H](O)[C@H]1CO.[Cl-],500.0
CHEMBL1641742,CCCCCC[C@@H]1N[C@@H](CO)[C@H](O)[C@H]1O,510.0
CHEMBL3763423,OC[C@@H]1[C@@H](O)[C@H](O)C[S+]1C[C@@H](O)[C@H](OCc1cccc(Cl)c1)[C@H](O)[C@@H](O)CO.[Cl-],510.0
CHEMBL4593597,O=C1NC(=O)/C(=C/c2ccc(-c3nc4ccccc4n3Cc3ccc(Cl)cc3)cc2)S1,540.0
CHEMBL85398,O=C1CSC(=O)N1,540.0
CHEMBL4549286,O=C1NC(=O)/C(=C\c2ccc(-n3ccc4c(Nc5ccc(F)cc5)ccnc43)cc2)S1,550.0
CHEMBL4465310,Cc1nccn1-c1ccc(/C=C2/SC(=O)NC2=O)cc1,550.0
CHEMBL4472969,O=C1NC(=O)/C(=C\c2ccc(-n3cnc4ccccc43)cc2)S1,550.0
CHEMBL4521001,O=C(O)CN1C(=O)S/C(=C/c2ccc(-n3ccc4c(Br)ccnc43)cc2)C1=O,550.0
CHEMBL4541639,O=C1NC(=O)/C(=C\c2ccc(-n3ccc4c(Nc5ccccc5OC(F)(F)F)ccnc43)cc2)S1,550.0
CHEMBL4449655,CCOC(=O)CN1C(=O)S/C(=C/c2ccc(-n3ccc4c(Br)ccnc43)cc2)C1=O,550.0
CHEMBL4544064,O=C1NC(=O)/C(=C\c2ccc(-n3ncc4ccccc43)cc2)S1,550.0
CHEMBL4590014,O=C1NC(=O)/C(=C\c2ccc(-n3ccc4c(Br)ccnc43)cc2)S1,550.0
CHEMBL4456879,O=C1NC(=O)/C(=C\c2ccc(-n3cc([N+](=O)[O-])cn3)cc2)S1,550.0
CHEMBL4854197,CCCC[C@]1(CO)NC[C@H](O)[C@@H](O)[C@@H]1O.Cl,560.0
CHEMBL186291,CCCCCCCCC1NC(CO)C(O)C(O)C1O,590.0
CHEMBL2177695,CCCCCCCC[C@H]1N[C@H](CO)[C@@H](O)[C@H](O)[C@H]1O,600.0
CHEMBL4582990,O=C(NNC(=S)Nc1ccc(C(F)(F)F)cc1)c1ccc(-c2nnc(-c3ccccc3Cl)o2)cc1,600.0
CHEMBL5290630,O=C(Sc1nccs1)c1ccc(-c2ccccc2[N+](=O)[O-])o1,645.0
CHEMBL2177689,C[C@@]1(CO)NC[C@H](O)[C@H]1O,660.0
CHEMBL2177692,CCC[C@H](O)[C@@H]1N[C@@H](CO)[C@H](O)[C@H]1O,680.0
CHEMBL186150,CCCCCCN1CC(O)C(O)C(O)C1CO,700.0
CHEMBL5271502,O=c1ccc2c(Oc3cc4oc(=O)ccc4c(-c4c(O)c(O)c(-c5c(O)c(O)c(-c6c(O)c(O)cc7oc(=O)ccc67)c6ccc(=O)oc56)c5ccc(=O)oc45)c3O)c(O)c(O)cc2o1,700.0
CHEMBL5276620,OC[C@@H]1[C@@H](O)[C@H](O)C[S@@+]1C[C@@H](O)[C@H]1OC(c2cccc(F)c2)OC[C@H]1O.[Cl-],700.0
CHEMBL3763300,OC[C@@H]1[C@@H](O)[C@H](O)C[S+]1C[C@@H](O)[C@H](OCc1ccccc1Cl)[C@H](O)[C@@H](O)CO.[Cl-],700.0
CHEMBL87169,OCC1NC(CO)[C@@H](O)C(O)C1O,700.0
CHEMBL4554853,O=C(NNC(=S)Nc1ccccc1Cl)c1ccc(-c2nnc(-c3ccccc3Cl)o2)cc1,700.0
CHEMBL1641741,CCCCC[C@@H]1N[C@@H](CO)[C@H](O)[C@H]1O,710.0
CHEMBL5203897,OC[C@@]1(c2ccc(O)cc2)NC[C@@H](O)[C@@H]1O,740.0
CHEMBL1651552,CCCCCCCCN1C[C@H](O)[C@@H](O)[C@H](O)[C@H]1CO,750.0
CHEMBL4555601,O=c1ccc2ccc(O)c(-c3c(OC4O[C@H](CO)[C@@H](O)[C@H](O)[C@H]4O)ccc4ccc(=O)oc34)c2o1,760.0
CHEMBL5266421,O=c1ccc2ccc(O)c(-c3c(O[C@@H]4OC(CO)[C@@H](O)C(O)C4O)ccc4ccc(=O)oc34)c2o1,760.0
CHEMBL4543696,O=c1ccc2ccc(Oc3cc4ccc(O)c(-c5c(OC6O[C@H](CO)[C@@H](O)[C@H](O)[C@H]6O)ccc6ccc(=O)oc56)c4oc3=O)cc2o1,780.0
CHEMBL364554,CCCCCCC1NC(CO)C(O)C(O)C1O,800.0
CHEMBL1651630,CCCCCCOCCCCCN1C[C@H](O)[C@@H](O)[C@H](O)[C@H]1CO,800.0
CHEMBL5396471,Oc1cc(-c2cc3cccc(Cl)c3o2)cc(O)c1O,830.0
CHEMBL5090583,C[C@]1(CO)NC[C@@H](O)[C@@H]1O,830.0
CHEMBL80254,OC[C@H]1NC[C@@H](O)[C@@H]1O,840.0
CHEMBL1641746,CCCCCCCCC[C@@H]1N[C@@H](CO)[C@H](O)[C@H]1O,840.0
CHEMBL5175772,Cc1cc(O)c2c(c1)-c1c(-c3ccc(O)cc3)c(=O)oc3c1c-2c(O)c1cccc(O)c13,890.0
CHEMBL406973,OC[C@@H]1NC[C@H](O)[C@H]1O,930.0
CHEMBL1603014,CC(=O)c1ccc(N2CCN(S(=O)(=O)c3ccc4c(c3)CC(=O)N4)CC2)cc1,940.0
CHEMBL5183794,OC[C@]1(c2cccc(F)c2)NC[C@H](O)[C@H]1O,950.0
CHEMBL5422054,N#Cc1ccc2[nH]c(-c3nnc(Nc4ccc(Cl)c(Cl)c4)s3)cc2c1,950.0
CHEMBL5192700,CCCCCCCCC[C@@]1(CO)NC[C@H](O)[C@H]1O,960.0
CHEMBL1651632,CCCCCCCCOCCCCCN1C[C@H](O)[C@@H](O)[C@H](O)[C@H]1CO,1000.0
CHEMBL5193222,Cc1ccc([C@@]2(CO)NC[C@H](O)[C@H]2O)cc1,1000.0
CHEMBL1258529,OC[C@@H]1[C@@H](O)[C@H](O)C[S@@+]1C[C@@H](O)[C@@H](O)[C@H](O)[C@@H](O)CO.[Cl-],1000.0
CHEMBL1651550,CCCCCCN1C[C@H](O)[C@@H](O)[C@H](O)[C@H]1CO,1000.0
CHEMBL1651631,CCCCCCCOCCCCCN1C[C@H](O)[C@@H](O)[C@H](O)[C@H]1CO,1000.0
CHEMBL1770627,CCCCCCCCCCCCCO[C@@H](CO)[C@H](O)C[S@+]1C[C@@H](O)[C@H](O)[C@H]1CO.[Cl-],1000.0
CHEMBL5394863,CCCSc1nnc(C(C)c2ccc3cc(OC)ccc3c2)n1-c1ccc(F)cc1,1000.0
CHEMBL4544953,O=C(Cn1cc(Cn2c3ccccc3c3ccccc32)nn1)c1ccc(O)c(Br)c1,1000.0
CHEMBL5290356,CC(=O)Oc1cc2oc(-c3cccc(Cl)c3)cc2cc1-c1c[se]nn1,1030.0
CHEMBL5281215,COc1ccc(-c2cc3cc(-c4c[se]nn4)c(OC(C)=O)cc3o2)cc1,1030.0
CHEMBL5279361,CC(=O)Oc1cc2oc(-c3ccc(C)cc3)cc2cc1-c1c[se]nn1,1030.0
CHEMBL5284867,CC(=O)Oc1cc2oc(-c3ccc(F)cc3)cc2cc1-c1c[se]nn1,1030.0
CHEMBL5278906,CC(=O)Oc1cc2oc(-c3cccc(F)c3)cc2cc1-c1c[se]nn1,1030.0
CHEMBL5284988,CC(=O)Oc1cc2oc(-c3ccccc3)cc2cc1-c1c[se]nn1,1030.0
CHEMBL480722,CC(C)=CCC/C(C)=C/Cc1c(O)cc(O)c(C(=O)/C=C/c2ccc(O)cc2)c1O,1080.0
CHEMBL4456026,O=C(N/N=C/c1ccccc1)c1cc2ccccc2oc1=O,1100.0
CHEMBL4165370,COc1ccc(/C=N/NC(=O)c2cc3ccccc3oc2=O)cc1,1100.0
CHEMBL5420079,CCCSc1nnc(C(C)c2ccc3cc(OC)ccc3c2)n1-c1ccc(Cl)c(Cl)c1,1100.0
CHEMBL3814264,CCCCCCCCCCCCCO[C@@H](CO)[C@H](O)C[S+]1C[C@@H](O)[C@H](O)[C@H]1CO.[Cl-],1100.0
CHEMBL4447231,O=C(N/N=C/c1ccccn1)c1cc2ccccc2oc1=O,1100.0
CHEMBL4450733,O=C(N/N=C/c1cccc(F)c1)c1cc2ccccc2oc1=O,1100.0
CHEMBL4461307,O=C(N/N=C/c1ccccc1F)c1cc2ccccc2oc1=O,1100.0
CHEMBL4549420,O=C(N/N=C/c1ccccc1[N+](=O)[O-])c1cc2ccccc2oc1=O,1100.0
CHEMBL5427700,O=C(N/N=C/c1ccc(O)c(O)c1)c1cc2ccccc2oc1=O,1100.0
CHEMBL4532196,O=C(N/N=C/c1cccc(O)c1O)c1cc2ccccc2oc1=O,1100.0
CHEMBL3590410,O=C(N/N=C/c1ccc([N+](=O)[O-])cc1)c1cc2ccccc2oc1=O,1100.0
CHEMBL4545537,O=C(N/N=C/c1ccc(F)cc1)c1cc2ccccc2oc1=O,1100.0
CHEMBL4473968,Cc1ccccc1/C=N/NC(=O)c1cc2ccccc2oc1=O,1100.0
CHEMBL4474453,COc1ccc(O)c(/C=N/NC(=O)c2cc3ccccc3oc2=O)c1,1100.0
CHEMBL4590536,Cc1cccc(/C=N/NC(=O)c2cc3ccccc3oc2=O)c1,1100.0
CHEMBL4566850,Cc1ccc(/C=N/NC(=O)c2cc3ccccc3oc2=O)cc1,1100.0
CHEMBL4475749,COc1ccc(/C=N/NC(=O)c2cc3ccccc3oc2=O)c(O)c1,1100.0
CHEMBL4558252,O=C(N/N=C/c1ccccc1O)c1cc2ccccc2oc1=O,1100.0
CHEMBL4161936,O=C(N/N=C/c1ccc(O)cc1O)c1cc2ccccc2oc1=O,1100.0
CHEMBL4176304,O=C(N/N=C/c1ccncc1)c1cc2ccccc2oc1=O,1100.0
CHEMBL254339,OC[C@@H]1[C@@H](O)[C@H](O)[C@@H](O)CN1CCCCCCCCOc1cccc(-c2cnn[nH]2)c1,1150.0
CHEMBL138007,COc1ccc(C2NC(=O)c3ccccc3N2)cc1,1150.0
CHEMBL1651629,CCCCCOCCCCCN1C[C@H](O)[C@@H](O)[C@H](O)[C@H]1CO,1200.0
CHEMBL405957,OC[C@@H]1N[C@@H](CO)[C@H](O)[C@H]1O,1200.0
CHEMBL4435180,O=C1Nc2cc(Cl)ccc2/C1=C/c1ccc(-c2nnc(-c3cc(O)cc(O)c3)o2)cc1,1200.0
CHEMBL5273406,N#C/N=c1\sccn1C(=O)c1ccc(-c2cccc(Cl)c2)o1,1200.0
CHEMBL1641747,CCCCCCCCCC[C@@H]1N[C@@H](CO)[C@H](O)[C@H]1O,1200.0
CHEMBL4786471,CCCCCCCC[C@@H](O)[C@H](OS(=O)(=O)[O-])[C@H](O)C[S@+]1C[C@@H](O)[C@H](O)[C@H]1CO,1200.0
CHEMBL4873613,CCCCCCCCCCCC[C@]1(CO)NC[C@H](O)[C@@H](O)[C@@H]1O.Cl,1200.0
CHEMBL3354627,OC[C@@H]1[C@@H](O)[C@H](O)[C@@H](O)CN1CCCCCOCc1ccc(-c2ccccc2)c(C(F)(F)F)c1,1250.0
CHEMBL4476267,O=c1cc(-c2cccc(OCc3cc(C(F)(F)F)ccc3C(F)(F)F)c2)oc2ccccc12,1260.0
CHEMBL1182462,OC[C@@H]1[C@@H](O)[C@H](O)C[S+]1C[C@@H](O)[C@@H](O)CO,1300.0
CHEMBL1684162,[O-][C@@H](CO)[C@H](O)C[S@+]1C[C@@H](O)[C@H](O)[C@H]1CO,1300.0
CHEMBL1467423,O=C1NC(c2ccc(O)cc2)Nc2ccccc21,1350.0
CHEMBL1093264,O=S(=O)([O-])O[C@@H]([C@H](O)[C@H](O)[C@@H](O)CO)[C@H](O)C[S+]1C[C@@H](O)[C@H](O)[C@H]1CO,1370.0
CHEMBL3972306,Cc1cc(=O)oc2cc(OCCCCn3cc(CCCCN4C[C@H](O)[C@@H](O)[C@H](O)[C@H]4CO)nn3)ccc12,1400.0
CHEMBL2181097,O=C1Cc2cc(S(=O)(=O)N3CCN(c4ccc(C(=O)O)cc4)CC3)ccc2N1,1460.0
CHEMBL184028,CCCCCCCCCC1NC(CO)C(O)C(O)C1O,1500.0
CHEMBL4779172,CCCCCCCCCC[C@@H](O)[C@H](OS(=O)(=O)[O-])[C@H](O)C[S@+]1C[C@@H](O)[C@H](O)[C@H]1CO,1500.0
CHEMBL2051978,C[C@H]1C[C@H](N)[C@H](O)[C@@H](O)[C@H]1N[C@H]1C[C@](O)(CO)[C@@H](O)[C@H](O)[C@H]1O,1500.0
CHEMBL3354626,OC[C@@H]1[C@@H](O)[C@H](O)[C@@H](O)CN1CCCCCOCc1ccc(-c2ccccc2)cc1C(F)(F)F,1500.0
CHEMBL5274020,C=C(C)/C=C/c1c(O)cc2oc3cc(O)c(O)c(/C=C/C(=C)C)c3c(=O)c2c1O,1500.0
CHEMBL5194087,Cc1cc(O)c2c(c1)-c1c(-c3c[nH]c4ccccc34)c(=O)oc3c1c-2c(O)c1cccc(O)c13,1580.0
CHEMBL239249,O=S(=O)([O-])O[C@@H](CO)[C@H](O)C[S+]1C[C@@H](O)[C@H](O)[C@H]1CO,1600.0
CHEMBL2159763,O=S(=O)([O-])O[C@@H]([C@@H](O)[C@@H](O)[C@H](O)CO)[C@H](O)C[S@+]1C[C@@H](O)[C@H](O)[C@H]1CO,1600.0
CHEMBL2181103,CC(=O)c1ccc(N2CCN(S(=O)(=O)c3cc4c(cc3Cl)NC(=O)C4)CC2)cc1,1630.0
CHEMBL5283240,C=C(C)/C=C/c1c(O)cc2oc3cc(O)c(O)c(C/C=C(\C)CC=C(C)C)c3c(=O)c2c1O,1700.0
CHEMBL260553,CC(C)=CCc1c(O)cc2oc3cc(O)c(O)c(CC=C(C)C)c3c(=O)c2c1O,1700.0
CHEMBL5195202,COc1cccc([C@]2(CO)NC[C@@H](O)[C@@H]2O)c1,1700.0
CHEMBL4744484,CCCCCC[C@@H](O)[C@H](OS(=O)(=O)[O-])[C@H](O)C[S@+]1C[C@@H](O)[C@H](O)[C@H]1CO,1700.0
CHEMBL4864234,CCCCCCCCCC[C@]1(CO)NC[C@H](O)[C@@H](O)[C@@H]1O.Cl,1700.0
CHEMBL1645621,CCC[C@@H]1N[C@@H](CO)[C@H](O)[C@H]1O,1700.0
CHEMBL5076041,COc1ccc(-c2oc3cc(OC)cc(OC)c3c(=O)c2OCCCCCCCCN2C[C@H](O)[C@@H](O)[C@H](O)[C@H]2CO)cc1,1780.0
CHEMBL1082047,O[C@H]1[C@H]2[C@H](O)[C@H](O)CN2[C@H](O)C[C@H]1O,1800.0
CHEMBL450152,C=C(C)[C@@H]1CC[C@]2(C(=O)NCC(=O)O)CC[C@]3(C)[C@H](CC[C@@H]4[C@@]5(C)Cc6c([nH]c7ccccc67)C(C)(C)[C@@H]5CC[C@]43C)[C@@H]12,1800.0
CHEMBL3765431,OC[C@@H]1[C@@H](O)[C@H](O)C[S+]1C[C@@H](O)[C@H](OCc1ccccc1)[C@H](O)[C@@H](O)CO.[Cl-],1900.0
CHEMBL5282251,OC[C@@H]1[C@@H](O)[C@H](O)C[S@@+]1C[C@@H](O)[C@H]1OC(c2cccc(Cl)c2)OC[C@H]1O.[Cl-],1900.0
CHEMBL5274943,OC[C@@H]1[C@@H](O)[C@H](O)C[S@@+]1C[C@@H](O)[C@@H](O)[C@@H](O)[C@@H](O)CO,1900.0
CHEMBL5269485,O=C(Sc1nccs1)c1ccc(-c2ccccc2Cl)o1,1935.0
CHEMBL1651628,CCCCOCCCCCN1C[C@H](O)[C@@H](O)[C@H](O)[C@H]1CO,2000.0
CHEMBL4757822,CCCCCCCC[C@@H](O)[C@H](O)[C@H](O)C[S@+]1C[C@@H](O)[C@H](O)[C@H]1CO.CS(=O)(=O)[O-],2000.0
CHEMBL4473640,Cn1cc(-c2nnc(-c3ccc(C(c4c[nH]c5ccccc45)c4c[nH]c5ccc(Cl)cc45)cc3)o2)c2ccccc21,2000.0
CHEMBL5412678,Cn1cc(-c2nnc(-c3ccc(C(c4cn(Cl)c5ccccc45)c4cn(Cl)c5ccccc45)cc3)o2)c2ccccc21,2000.0
CHEMBL1651549,CCCCCN1C[C@H](O)[C@@H](O)[C@H](O)[C@H]1CO,2000.0
CHEMBL362754,CCCN1CC(O)C(O)C(O)C1CO,2000.0
CHEMBL312653,OC[C@H]1N[C@H](CO)[C@@H](O)[C@@H]1O,2000.0
CHEMBL4472850,Cc1cc2nnn(CC(=O)c3ccc(Cl)c(Cl)c3)c2cc1C,2040.0
CHEMBL4529174,COc1ccc(NC(=O)Cn2cc(COc3cc(O)c4c(=O)c5ccc(OC)cc5oc4c3)nn2)c(OC)c1,2060.0
CHEMBL4437002,Cc1ccc(C(c2c[nH]c3ccc(C(=O)NNS(=O)(=O)c4ccccc4[N+](=O)[O-])cc23)c2c[nH]c3ccc(C(=O)NNS(=O)(=O)c4ccccc4[N+](=O)[O-])cc23)cc1,2100.0
CHEMBL5202712,COc1ccc([C@@]2(CO)NC[C@H](O)[C@H]2O)cc1,2100.0
CHEMBL4460255,Cc1ccc(C(c2c[nH]c3ccc(C(=O)NNS(=O)(=O)c4cccc([N+](=O)[O-])c4)cc23)c2c[nH]c3ccc(C(=O)NNS(=O)(=O)c4cccc([N+](=O)[O-])c4)cc23)cc1,2100.0
CHEMBL4439937,Cc1ccc(C(c2c[nH]c3ccc(C(=O)NNS(=O)(=O)c4ccc([N+](=O)[O-])cc4)cc23)c2c[nH]c3ccc(C(=O)NNS(=O)(=O)c4ccc([N+](=O)[O-])cc4)cc23)cc1,2100.0
CHEMBL4513811,CC1=NN(c2ccc([N+](=O)[O-])cc2)C(=O)/C1=C/c1cn(-c2ccccc2)nc1-c1cc2cc(Br)ccc2oc1=O,2100.0
CHEMBL5199880,COc1cccc([C@@]2(CO)NC[C@H](O)[C@H]2O)c1,2200.0
CHEMBL3593568,Cc1cc(O)c(O)cc1-c1cc(O)cc(O)c1,2200.0
CHEMBL4465201,CCCCCCCCCCCC(=O)N/N=C1\C(=O)Nc2ccccc21,2200.0
CHEMBL4451791,Cc1ccc(C(=O)N/N=C2\C(=O)Nc3ccc(Cl)cc32)cc1,2200.0
CHEMBL4445451,CCCN1C(=O)/C(=N\NC(=O)Cc2ccc(Cl)cc2Cl)c2ccccc21,2200.0
CHEMBL4455386,O=C1Nc2cc(Br)ccc2/C1=N/NC(=O)c1ccccc1O,2200.0
CHEMBL4540336,O=C(Cc1ccc(Cl)c(Cl)c1)N/N=C1\C(=O)Nc2cc(Br)ccc21,2200.0
CHEMBL4458470,O=C(Cc1ccc(Cl)cc1Cl)N/N=C1\C(=O)Nc2cc(Br)ccc21,2200.0
CHEMBL4449615,Cc1cc2nnn(CC(=O)c3ccc(Cl)cc3)c2cc1C,2210.0
CHEMBL5275756,O=C(Sc1nccs1)c1ccc(-c2ccccc2)o1,2223.0
CHEMBL184925,CN1CCN(c2ccc3[nH]c(-c4ccc(O)cc4)nc3c2)CC1,2250.0
CHEMBL4533183,COc1ccc(/C=N/NC(=O)c2cc3ccccc3[nH]2)cc1O,2300.0
CHEMBL4466754,Nc1nnc(-c2ccccc2[N+](=O)[O-])s1,2300.0
CHEMBL4554612,O=[N+]([O-])c1cccc(-c2nnc(/N=C/c3ccc(Cl)cc3Cl)s2)c1,2300.0
CHEMBL4461186,Clc1ccc(-c2nnc(/N=C/c3ccc(OCc4ccccc4)cc3)s2)cc1,2300.0
CHEMBL5207259,CCCC[C@]1(CO)NC[C@@H](O)[C@@H]1O,2300.0
CHEMBL1534367,Nc1nnc(-c2ccc(Cl)cc2Cl)s1,2300.0
CHEMBL4532290,CN(C)c1ccc(-c2nnc(N)s2)cc1,2300.0
CHEMBL4444070,COc1ccc(Br)cc1-c1nnc(N)s1,2300.0
CHEMBL4469380,COc1cccc(-c2nnc(N)s2)c1OC,2300.0
CHEMBL4466501,Nc1nnc(-c2c3ccccc3cc3ccccc23)s1,2300.0
CHEMBL4471582,Nc1nnc(-c2cc3ccccc3cc2O)s1,2300.0
CHEMBL4471826,Nc1nnc(-c2ccc(O)cc2)s1,2300.0
CHEMBL4442881,Nc1nnc(-c2ccc(Cl)c(OCc3ccccc3)c2)s1,2300.0
CHEMBL1383520,Nc1nnc(-c2ccc(Cl)cc2)s1,2300.0
CHEMBL4550622,Nc1nnc(-c2ccc([N+](=O)[O-])cc2)s1,2300.0
CHEMBL4471072,O=C(N/N=C/c1cc(O)ccc1O)c1cc2ccccc2[nH]1,2300.0
CHEMBL4217244,O=C(N/N=C/c1ccc(O)cc1)c1cc2ccccc2[nH]1,2300.0
CHEMBL3186069,COc1cc(/C=N/NC(=O)c2cc3ccccc3[nH]2)ccc1O,2300.0
CHEMBL4593066,O=C(N/N=C/c1cccc(O)c1O)c1cc2ccccc2[nH]1,2300.0
CHEMBL1299882,Nc1nnc(-c2cccc([N+](=O)[O-])c2)s1,2300.0
CHEMBL4435535,O=[N+]([O-])c1ccc(/C=N/c2nnc(-c3ccc(Cl)cc3)s2)cc1,2300.0
CHEMBL4559817,O=C(N/N=C/c1c(O)cc(O)cc1O)c1cc2ccccc2[nH]1,2300.0
CHEMBL4525854,O=C(N/N=C/c1ccc(O)c(O)c1)c1cc2ccccc2[nH]1,2300.0
CHEMBL2414818,O=C(/C=C/c1ccccc1)NC[C@@H]1O[C@H](CO)[C@@H](O)[C@H](O)[C@H]1O,2300.0
CHEMBL5284194,OC[C@@H]1[C@@H](O)[C@H](O)C[S@@+]1C[C@@H](O)[C@H]1OC(c2ccc(Cl)cc2)OC[C@H]1O.[Cl-],2300.0
CHEMBL4532383,CCOC(=O)C1=C(Nc2cccc(Cl)c2)C[C@@H](c2ccc(Cl)cc2)N(c2cccc(Cl)c2)[C@@H]1c1ccc(Cl)cc1,2300.0
CHEMBL4469544,COc1ccc(Br)cc1/C=N/c1nnc(-c2ccc(Cl)cc2)s1,2300.0
CHEMBL4471901,O=[N+]([O-])c1ccccc1/C=N/c1nnc(-c2ccc(Cl)cc2)s1,2300.0
CHEMBL4442533,O=C(N/N=C/c1cc(O)cc(O)c1)c1cc2ccccc2[nH]1,2300.0
CHEMBL5270662,OC[C@@H]1[C@@H](O)[C@H](O)C[S@@+]1C[C@@H](O)[C@H]1OC(c2ccc(C(F)(F)F)cc2)OC[C@H]1O.[Cl-],2300.0
CHEMBL5279269,O=c1ccc2c(-c3c(O)c(O)c(-c4c(O)c(O)c(-c5c(O)c(O)cc6oc(=O)ccc56)c5oc(=O)ccc45)c4oc(=O)ccc34)c(O)c(O)cc2o1,2300.0
CHEMBL4468056,Nc1nnc(-c2ccc(OCc3ccccc3)cc2)s1,2300.0
CHEMBL4593969,COc1cc(-c2nnc(/N=C/c3ccc(O)cc3)s2)ccc1OCc1ccccc1,2300.0
CHEMBL4442388,COc1ccc(Br)cc1/C=N/c1nnc(-c2cccc([N+](=O)[O-])c2)s1,2300.0
CHEMBL4516653,CCOC(=O)C1=C(Nc2cccc(F)c2)C[C@@H](c2ccc(Cl)cc2)N(c2cccc(F)c2)[C@@H]1c1ccc(Cl)cc1,2300.0
CHEMBL4461594,CCOC(=O)C1=C(Nc2cccc([N+](=O)[O-])c2)C[C@@H](c2ccc(C)cc2)N(c2cccc([N+](=O)[O-])c2)[C@@H]1c1ccc(C)cc1,2300.0
CHEMBL4476702,Clc1ccc(-c2nnc(/N=C/c3ccc(Cl)cc3Cl)s2)cc1,2300.0
CHEMBL4564900,Oc1ccc(/C=N/c2nnc(-c3ccc(Cl)cc3)s2)cc1,2300.0
CHEMBL4438611,COc1ccc(O)c(/C=N/NC(=O)c2cc3ccccc3[nH]2)c1,2300.0
CHEMBL4533603,COc1ccc(/C=N/NC(=O)c2cc3ccccc3[nH]2)c(I)c1O,2300.0
CHEMBL4568178,CCOC(=O)C1=C(Nc2cccc(Br)c2)C[C@@H](c2ccc(Cl)cc2)N(c2cccc(Br)c2)[C@@H]1c1ccc(Cl)cc1,2300.0
CHEMBL4437179,O=C(N/N=C/c1ccc(Br)c(F)c1)c1cc2ccccc2[nH]1,2300.0
CHEMBL4515560,O=C(N/N=C/c1ccc(Cl)cc1)c1cc2ccccc2[nH]1,2300.0
CHEMBL4476335,O=C(N/N=C/c1ccccc1O)c1cc2ccccc2[nH]1,2300.0
CHEMBL4466503,O=C(N/N=C/c1cc(O)c(O)c(O)c1)c1cc2ccccc2[nH]1,2300.0
CHEMBL313375,OCC1C(O)C(O)C2OC(Nc3ccccc3)=NC12,2320.0
CHEMBL2180814,O=C1Cc2cc(S(=O)(=O)N3CCN(c4ccc(O)cc4)CC3)ccc2N1,2370.0
CHEMBL1208974,O=S(=O)([O-])O[C@@H](CO)[C@H](O)C[S@+]1C[C@@H](O)[C@H](O)[C@H]1CO,2400.0
CHEMBL268675,Nc1c(O)cc2oc(-c3ccccc3)cc(=O)c2c1O,2400.0
CHEMBL1090539,CCCCCC[C@H]1N[C@H](CO)[C@@H](O)[C@H](O)[C@H]1O,2400.0
CHEMBL254145,OC[C@@H]1[C@@H](O)[C@H](O)[C@@H](O)CN1CCCCCCOc1cccc(-c2cnn[nH]2)c1,2410.0
CHEMBL203543,O=C(Cn1nnc2ccccc21)c1ccc(Cl)cc1,2500.0
CHEMBL4578640,O=C(COc1ccc2ccc(=O)oc2c1)N/N=C1\C(=O)Nc2ccc(Br)cc21,2500.0
CHEMBL4532650,O=C(COc1ccc2ccc(=O)oc2c1)N/N=C1\C(=O)Nc2ccc(Cl)cc21,2500.0
CHEMBL4452470,O=C(COc1ccc2ccc(=O)oc2c1)N/N=C1\C(=O)N(Cc2ccc(Br)cc2)c2ccc(Br)cc21,2500.0
CHEMBL4583142,O=C(COc1ccc2ccc(=O)oc2c1)N/N=C1\C(=O)N(Cc2ccccc2Cl)c2ccc(Br)cc21,2500.0
CHEMBL4581970,O=C(COc1ccc2ccc(=O)oc2c1)N/N=C1\C(=O)N(Cc2ccccc2)c2ccc(Br)cc21,2500.0
CHEMBL5197560,OC[C@@]1(c2c(F)c(F)c(F)c(F)c2F)NC[C@@H](O)[C@@H]1O,2500.0
CHEMBL4587269,Cc1ccc2c(c1)/C(=N/NC(=O)COc1ccc3ccc(=O)oc3c1)C(=O)N2Cc1ccccc1F,2500.0
CHEMBL4537391,Cc1ccc2c(c1)/C(=N/NC(=O)COc1ccc3ccc(=O)oc3c1)C(=O)N2Cc1cccc(F)c1,2500.0
CHEMBL1651633,CCCCCCCCCOCCCCCN1C[C@H](O)[C@@H](O)[C@H](O)[C@H]1CO,2500.0
CHEMBL5180919,COc1ccc([C@@]2(CO)NC[C@H](O)[C@H]2O)cc1OC,2500.0
CHEMBL4526446,O=C(COc1ccc2ccc(=O)oc2c1)N/N=C1\C(=O)Nc2ccccc21,2500.0
CHEMBL4568489,O=C(COc1ccc2ccc(=O)oc2c1)N/N=C1\C(=O)N(Cc2ccccc2)c2ccccc21,2500.0
CHEMBL4237960,Nc1ccn(C2OC(CO)[C@@H](O)[C@H]2O)c(=O)n1,2500.0
CHEMBL4561189,CN1C(=O)/C(=N\NC(=O)COc2ccc3ccc(=O)oc3c2)c2ccccc21,2500.0
CHEMBL4438638,O=C(COc1ccc2ccc(=O)oc2c1)N/N=C1\C(=O)N(Cc2ccccc2F)c2ccccc21,2500.0
CHEMBL4471443,O=C(COc1ccc2ccc(=O)oc2c1)N/N=C1\C(=O)Nc2ccc([N+](=O)[O-])cc21,2500.0
CHEMBL4441977,O=C(COc1ccc2ccc(=O)oc2c1)N/N=C1\C(=O)N(Cc2ccccc2Cl)c2ccccc21,2500.0
CHEMBL4475058,O=C(COc1ccc2ccc(=O)oc2c1)N/N=C1\C(=O)N(Cc2cccc(F)c2)c2ccccc21,2500.0
CHEMBL407337,OCC[C@H]1N[C@H](CO)[C@@H](O)[C@@H]1O,2500.0
CHEMBL4545087,O=C(COc1ccc2ccc(=O)oc2c1)N/N=C1\C(=O)N(Cc2cccc(F)c2)c2ccc(Cl)cc21,2500.0
CHEMBL4518046,O=C(COc1ccc2ccc(=O)oc2c1)N/N=C1\C(=O)N(Cc2ccc(Br)cc2)c2ccccc21,2500.0
CHEMBL4553582,Cc1ccc2c(c1)/C(=N/NC(=O)COc1ccc3ccc(=O)oc3c1)C(=O)N2,2500.0
CHEMBL4463121,O=C(COc1ccc2ccc(=O)oc2c1)N/N=C1\C(=O)Nc2ccc(F)cc21,2500.0
CHEMBL4516073,O=C(COc1ccc2ccc(=O)oc2c1)N/N=C1\C(=O)N(Cc2ccccc2F)c2ccc(Cl)cc21,2500.0
CHEMBL4435626,Cc1cc(C)c2c(c1)/C(=N/NC(=O)COc1ccc3ccc(=O)oc3c1)C(=O)N2,2500.0
CHEMBL5278586,OC[C@@H]1[C@@H](O)[C@H](O)C[S@@+]1C[C@@H](O)[C@H]1OC(c2ccc(F)cc2)OC[C@H]1O.[Cl-],2500.0
CHEMBL4464105,O=c1oc2ccc(Br)cc2cc1-c1nn(-c2ccccc2)cc1-c1nc(-c2ccccc2)c(-c2ccccc2)n1-c1ccc(Cl)cc1,2530.0
CHEMBL5395852,C/C(=N\OC(=O)/C=C/c1ccc(Br)cc1)c1cc2ccc(Br)cc2oc1=O,2540.0
CHEMBL1645620,CC[C@@H]1N[C@@H](CO)[C@H](O)[C@H]1O,2600.0
CHEMBL4566389,COc1ccc(C(=O)Cn2nnc3cc(C)c(C)cc32)cc1,2600.0
CHEMBL5265847,O=C(Sc1nccs1)c1ccc(-c2cccc(Cl)c2)o1,2611.0
CHEMBL4592022,O=c1oc2ccccc2cc1-c1nn(-c2ccccc2)cc1-c1nc(-c2ccccc2)c(-c2ccccc2)[nH]1,2780.0
CHEMBL4435225,COc1ccc(NC(=O)Cn2cc(COc3cc(O)c4c(=O)c5ccc(Br)cc5oc4c3)nn2)c(OC)c1,2780.0
CHEMBL4585914,O=C(Cn1nnc2ccccc21)c1cccc(Br)c1,2790.0
CHEMBL1450675,O=C(Cn1nnc2ccccc21)c1ccc(Br)cc1,2790.0
CHEMBL4565828,O=C(CSc1nnc(-c2ccc(F)cc2)c(-c2ccc(F)cc2)n1)Nc1nc(-c2ccc(Cl)cc2)cs1,2800.0
CHEMBL4545231,O=C(CSc1nnc(-c2ccc(F)cc2)c(-c2ccc(F)cc2)n1)Nc1nc(-c2ccc(Br)cc2)cs1,2800.0
CHEMBL4469167,O=C(CSc1nnc(-c2ccccc2)c(-c2ccccc2)n1)Nc1nc(-c2ccc(Br)cc2)cs1,2800.0
CHEMBL4543253,Cc1ccc(-c2csc(NC(=O)CSc3nnc(-c4ccc(Br)cc4)c(-c4ccc(Br)cc4)n3)n2)cc1,2800.0
CHEMBL4570594,O=C(CSc1nnc(-c2ccc(Br)cc2)c(-c2ccc(Br)cc2)n1)Nc1nc(-c2ccc(Cl)cc2)cs1,2800.0
CHEMBL4453256,COc1ccc(-c2csc(NC(=O)CSc3nnc(-c4ccc(Br)cc4)c(-c4ccc(Br)cc4)n3)n2)cc1,2800.0
CHEMBL4545190,Cc1ccc(-c2csc(NC(=O)CSc3nnc(-c4ccc(F)cc4)c(-c4ccc(F)cc4)n3)n2)cc1,2800.0
CHEMBL5201729,OC[C@]1(c2ccc(F)cc2)NC[C@H](O)[C@H]1O,2800.0
CHEMBL4592051,Cc1ccc(-c2csc(NC(=O)CSc3nnc(-c4ccccc4)c(-c4ccccc4)n3)n2)cc1,2800.0
CHEMBL4578419,O=C(CSc1nnc(-c2ccc(Br)cc2)c(-c2ccc(Br)cc2)n1)Nc1nc(-c2ccccc2)cs1,2800.0
CHEMBL4566821,O=C(CSc1nnc(-c2ccccc2)c(-c2ccccc2)n1)Nc1nc(-c2ccc(F)cc2)cs1,2800.0
CHEMBL4544393,COc1ccc(-c2csc(NC(=O)CSc3nnc(-c4ccccc4)c(-c4ccccc4)n3)n2)cc1,2800.0
CHEMBL4435963,O=C(CSc1nnc(-c2ccc(Br)cc2)c(-c2ccc(Br)cc2)n1)Nc1nc(-c2ccc(F)cc2)cs1,2800.0
CHEMBL4473482,O=C(CSc1nnc(-c2ccccc2)c(-c2ccccc2)n1)Nc1nc(-c2ccc(Cl)cc2)cs1,2800.0
CHEMBL4441899,O=C(CSc1nnc(-c2ccccc2)c(-c2ccccc2)n1)Nc1nc(-c2ccccc2)cs1,2800.0
CHEMBL4458336,O=C(CSc1nnc(-c2ccc(F)cc2)c(-c2ccc(F)cc2)n1)Nc1nc(-c2ccccc2)cs1,2800.0
CHEMBL4545401,O=C(CSc1nnc(-c2ccc(Br)cc2)c(-c2ccc(Br)cc2)n1)Nc1nc(-c2ccc(Br)cc2)cs1,2800.0
CHEMBL4460050,O=C(CSc1nnc(-c2ccc(F)cc2)c(-c2ccc(F)cc2)n1)Nc1nc(-c2ccc(F)cc2)cs1,2800.0
CHEMBL4451810,O=C(c1ccc(F)cc1)n1nnc2ccccc21,2820.0
CHEMBL1258643,OC[C@@H](O)[C@@H](O)[C@H](O)[C@H](O)C[S@+]1C[C@@H](O)[C@H](O)[C@H]1CO.[Cl-],2900.0
CHEMBL88408,OCC1(O)C(O)C(O)C2N=C(Nc3ccccc3)OC21,2930.0
CHEMBL4515499,O=C(c1ccc([N+](=O)[O-])cc1)n1nnc2ccccc21,2970.0
CHEMBL1288788,COc1ccc(C(=O)n2nnc3ccccc32)cc1,2990.0
CHEMBL4469294,O=C(c1cccc(Cl)c1)n1nnc2cc(Cl)c(Cl)cc21,3000.0
CHEMBL3786399,O=C(Nc1cccc2ccccc12)O/N=C1\N[C@H](CO)[C@@H](O)[C@H](O)[C@H]1O,3060.0
CHEMBL4466757,COc1ccc(NC(=O)Cn2cc(COc3cc(O)c4c(=O)c5cc(Br)ccc5oc4c3)nn2)c(OC)c1,3070.0
CHEMBL1076191,O[C@H]1[C@H](O)[C@@H](O)CN2C[C@@H](O)[C@@H](O)[C@H]12,3100.0
CHEMBL4580728,O=C(Cn1cc(COc2cc(O)c3c(=O)c4cc(Br)ccc4oc3c2)nn1)Nc1ccc(O)c(O)c1,3170.0
CHEMBL2051980,CO[C@H]1O[C@H](C)[C@@H](N[C@H]2C=C(CO)[C@@H](O)[C@H](O)[C@H]2O)[C@H](O)[C@H]1O,3200.0
CHEMBL5434765,O=C(NNS(=O)(=O)c1ccccc1F)c1cc2cc(F)ccc2[nH]1,3200.0
CHEMBL4217303,O=C(c1ccc(Br)cc1)n1nnc2ccccc21,3200.0
CHEMBL5423510,O=C(NNS(=O)(=O)c1cccc(F)c1)c1cc2cc(F)ccc2[nH]1,3200.0
CHEMBL2115215,OC[C@@H]1N[C@H](CO)[C@@H](O)[C@H](O)[C@@H]1O,3200.0
CHEMBL2181089,O=C1Cc2cc(S(=O)(=O)N3CCN(c4ccc([N+](=O)[O-])cc4)CC3)ccc2N1,3260.0
CHEMBL2180816,N#Cc1ccc(N2CCN(S(=O)(=O)c3ccc4c(c3)CC(=O)N4)CC2)cc1,3260.0
CHEMBL4577650,Cc1cc2nnn(CC(=O)c3ccccc3O)c2cc1C,3300.0
CHEMBL5171754,Cc1ccc([C@]2(CO)NC[C@@H](O)[C@@H]2O)cc1,3400.0
CHEMBL4450847,COc1ccc(Cc2nnc(-c3ccc(Cl)cc3)n2CC(=O)NNC(=S)Nc2ccc(Cl)cc2)cc1,3400.0
CHEMBL4446986,Cc1cc2nnn(C(=O)c3ccccc3)c2cc1C,3400.0
CHEMBL5412830,Oc1ccc(-c2nc3cc(N4CCOCC4)ccc3[nH]2)cc1,3400.0
CHEMBL5290456,Cl.O=[N+]([O-])c1cccc(C2OC[C@@H](O)[C@@H]([C@H](O)C[S@+]3C[C@@H](O)[C@H](O)[C@H]3CO)O2)c1,3400.0
CHEMBL4443687,Cc1cc2nnn(CC(=O)c3ccccc3)c2cc1C,3410.0
CHEMBL4516633,O=C(Cn1nnc2ccccc21)c1cccc(Cl)c1Cl,3470.0
CHEMBL5428655,COc1cc2oc(=O)ccc2cc1-c1c(O)cc(O)c2c1O/C(=C\c1ccccc1)C2=O,3550.0
CHEMBL402196,CC(=O)c1ccc(O)c(N)c1O,3600.0
CHEMBL3358660,O[C@@H]1[C@@H](O)[C@H](O)C[C@H](N[C@H]2C[C@@H](O)[C@@H](O)[C@H](O)[C@@H]2O)[C@@H]1O,3700.0
CHEMBL4440745,O=C(c1ccccc1)n1nnc2cc(Cl)c(Cl)cc21,3700.0
CHEMBL1088892,CCCC[C@H]1N[C@H](CO)[C@@H](O)[C@H](O)[C@H]1O,3800.0
CHEMBL598823,CO[C@@H]1O[C@H](Cn2cc(C3=CCCCC3)nn2)[C@H]2OC(C)(C)O[C@@H]12,3800.0
CHEMBL4573584,Cc1ccc(C(=O)n2nnc3cc(Cl)c(Cl)cc32)cc1C,3820.0
CHEMBL4567315,O=C(Cn1nnc2ccccc21)c1ccc(Cl)c(Cl)c1,3900.0
CHEMBL1641748,CCCCCCCCCCC[C@@H]1N[C@@H](CO)[C@H](O)[C@H]1O,3900.0
CHEMBL2051979,CO[C@H]1O[C@H](CO)[C@H](N[C@H]2C=C(CO)[C@@H](O)[C@H](O)[C@H]2O)[C@H](O)[C@H]1O,4000.0
CHEMBL1429088,O=C(Cn1nnc2ccccc21)c1cccc([N+](=O)[O-])c1,4000.0
CHEMBL3358661,O[C@@H]1[C@@H](O)[C@H](O)C[C@H](N[C@H]2C[C@H](O)[C@@H](O)[C@H](O)[C@@H]2O)[C@@H]1O,4000.0
CHEMBL5410015,CC1(C)CC[C@]2(C(=O)O)CC[C@]3(C)C(=CC[C@@H]4[C@@]5(C)Cc6c([nH]c7c(F)cc(F)cc67)C(C)(C)[C@@H]5CC[C@]43C)[C@@H]2C1,4020.0
CHEMBL3786269,O=C(NC12CC3CC(CC(C3)C1)C2)O/N=C1\N[C@H](CO)[C@@H](O)[C@H](O)[C@H]1O,4090.0
CHEMBL3901171,O=c1cc(C(F)(F)F)c2ccc(OCCCCn3cc(CCCCN4C[C@H](O)[C@@H](O)[C@H](O)[C@H]4CO)nn3)cc2o1,4100.0
CHEMBL4549620,Cc1cc(C(=O)n2nnc3ccccc32)ccc1[N+](=O)[O-],4100.0
CHEMBL5194927,COc1ccc([C@]2(CO)NC[C@@H](O)[C@@H]2O)cc1OC,4100.0
CHEMBL5196218,OC[C@]1(c2c(F)c(F)c(F)c(F)c2F)NC[C@H](O)[C@H]1O,4100.0
CHEMBL2181095,O=Cc1ccc(N2CCN(S(=O)(=O)c3ccc4c(c3)CC(=O)N4)CC2)cc1,4110.0
CHEMBL1454708,O=C(Nc1nccs1)c1ccc(-c2cccc([N+](=O)[O-])c2)o1,4120.0
CHEMBL3763455,O=[N+]([O-])c1ccc(CO[C@H]([C@H](O)[C@@H](O)CO)[C@H](O)C[S+]2C[C@@H](O)[C@H](O)[C@H]2CO)cc1.[Cl-],4200.0
CHEMBL3084806,CCCCN1[C@H](CO)[C@H](O)[C@@H](O)[C@H](O)[C@H]1CO,4200.0
CHEMBL403239,Nc1c(O)cccc1O,4200.0
CHEMBL5287703,O=c1ccc2c(-c3c(O)c(O)c(-c4c(O)c(O)cc5ccc(=O)oc45)c4oc(=O)ccc34)c(O)c(O)cc2o1,4200.0
CHEMBL4573221,Cc1cc(C(=O)n2nnc3ccccc32)cc(C)c1C,4230.0
CHEMBL4513806,O=C(C[C@@H](c1ccc(Cl)cc1)c1c[nH]c2ccccc12)c1ccccc1,4300.0
CHEMBL369297,OC[C@@H]1NC[C@@H](O)[C@H](O)[C@H]1O,4300.0
CHEMBL4440152,Cc1ccc([C@H](CC(=O)c2ccc3ccccc3c2)c2c[nH]c3ccccc23)cc1,4300.0
CHEMBL4472506,O=C(C[C@@H](c1cccc(Br)c1)c1c[nH]c2ccccc12)c1ccccc1,4300.0
CHEMBL4557896,O=C(C[C@@H](c1ccc(Br)cc1)c1c[nH]c2ccccc12)c1ccccc1,4300.0
CHEMBL4456998,O=C(C[C@@H](c1cccs1)c1c[nH]c2ccccc12)c1ccccc1,4300.0
CHEMBL4526585,O=C(C[C@@H](c1c(Cl)cccc1Cl)c1c[nH]c2ccccc12)c1ccccc1,4300.0
CHEMBL4559187,COc1ccc(Cc2nnc(-c3ccc(Cl)cc3)n2Cc2nn(CN3CCN(C)CC3)c(=S)o2)cc1,4300.0
CHEMBL4439503,O=C(C[C@@H](c1ccccc1)c1c[nH]c2ccccc12)c1ccc2ccccc2c1,4300.0
CHEMBL4473090,O=C(C[C@@H](c1ccc(Cl)cc1)c1c[nH]c2ccccc12)c1ccc2ccccc2c1,4300.0
CHEMBL4520965,O=C(C[C@@H](c1cccc([N+](=O)[O-])c1)c1c[nH]c2ccccc12)c1ccccc1,4300.0
CHEMBL4539984,O=C(C[C@@H](c1cccs1)c1c[nH]c2ccccc12)c1ccc2ccccc2c1,4300.0
CHEMBL4525900,COc1ccc([C@H](CC(=O)c2ccccc2)c2c[nH]c3ccccc23)cc1,4300.0
CHEMBL4441979,COc1ccc([C@H](CC(=O)c2ccc3ccccc3c2)c2c[nH]c3ccccc23)cc1,4300.0
CHEMBL4590962,Cc1ccc([C@H](CC(=O)c2ccccc2)c2c[nH]c3ccccc23)cc1,4300.0
CHEMBL4474603,Cc1cccc([C@H](CC(=O)c2ccccc2)c2c[nH]c3ccccc23)c1,4300.0
CHEMBL4556170,O=C(C[C@@H](c1ccc(Cl)cc1Cl)c1c[nH]c2ccccc12)c1ccccc1,4300.0
CHEMBL4464394,O=C(C[C@@H](c1ccccc1)c1c[nH]c2ccccc12)c1ccccc1,4300.0
CHEMBL4437073,Nc1cc(C(=O)n2nnc3ccccc32)ccc1Cl,4320.0
CHEMBL4462641,Cc1cccc(C(=O)n2nnc3ccccc32)c1,4420.0
CHEMBL5414025,CCOC(=O)C1=C(C)NC(C)=C(C(=O)OCC)C1c1cccc2c1OCO2,4480.0
CHEMBL5399820,COc1ccc(/N=C2/NC(=O)/C(=C/c3cn(-c4ccccc4)nc3-c3ccc([N+](=O)[O-])cc3)S2)cc1,4480.0
CHEMBL1232371,OC[C@@H]1[C@@H](O)[C@H](O)C[S@@+]1C[C@@H](O)[C@@H](O)[C@H](O)[C@H](O)[C@@H](O)CO,4500.0
CHEMBL4561169,COc1ccc(C(=O)Cn2nnc3ccccc32)cc1,4500.0
CHEMBL5281867,Cl.O=[N+]([O-])c1ccc(C2OC[C@@H](O)[C@@H]([C@H](O)C[S@+]3C[C@@H](O)[C@H](O)[C@H]3CO)O2)cc1,4500.0
CHEMBL5287516,O=C(Sc1nccs1)c1ccc(-c2ccc(Cl)cc2)o1,4562.0
CHEMBL3980365,CN(C)c1cccc2c(S(=O)(=O)NCCOCCn3cc(CCCCN4C[C@H](O)[C@@H](O)[C@H](O)[C@H]4CO)nn3)cccc12,4600.0
CHEMBL3764813,OC[C@@H]1[C@@H](O)[C@H](O)C[S+]1C[C@@H](O)[C@H](OCc1ccc(C(F)(F)F)cc1)[C@H](O)[C@@H](O)CO.[Cl-],4600.0
CHEMBL3222197,CCCC(=O)N[C@@H]1C[C@@H](O)[C@H](O)[C@@H](O)[C@H]1O,4700.0
CHEMBL5410420,O=C(NNS(=O)(=O)c1ccc(Br)cc1)c1cc2cc(F)ccc2[nH]1,4700.0
CHEMBL5278121,O=c1ccc2c(-c3c(O)c(O)c(-c4c(O)c(O)cc5oc(=O)ccc45)c4oc(=O)ccc34)c(O)c(O)cc2o1,4700.0
CHEMBL1409618,Cc1ccc(C(=O)Cn2nnc3ccccc32)cc1,4780.0
CHEMBL1253491,COc1ccccc1C(=O)n1nnc2ccccc21,4790.0
CHEMBL1795466,COc1cc(-c2ccc(O)cc2)c(OC)c(O)c1-c1ccc(O)cc1,4790.0
CHEMBL4211682,C=C(C)C(O)Cc1c(O)c(C/C=C(\C)CCC=C(C)C)c2oc3ccc(O)cc3c(=O)c2c1O,4800.0
CHEMBL4757019,CCC[C@@H](O)[C@H](OS(=O)(=O)[O-])[C@H](O)C[S@+]1C[C@@H](O)[C@H](O)[C@H]1CO,4800.0
CHEMBL5279273,Cc1ccc(NC(=O)Cn2cc(COc3ccc(C4Nc5ccccc5C(=O)N4Nc4ccccc4)cc3)nn2)c(C)c1,4800.0
CHEMBL3397482,O=C(O)CC1Oc2ccccc2-c2ccc3c(c21)C(=O)C(=O)N3Cc1ccc(C(F)(F)F)cc1,4800.0
CHEMBL4443784,Cc1ccc(C(=O)n2nnc3ccccc32)cc1C,4800.0
CHEMBL4449860,O=C(Cn1nnc2ccccc21)c1ccccc1O,4870.0
CHEMBL1438482,O=C(Cn1nnc2ccccc21)c1ccccc1,4910.0
CHEMBL3785103,O=C(Nc1c(F)cccc1F)O/N=C1\N[C@H](CO)[C@@H](O)[C@H](O)[C@H]1O,4930.0
CHEMBL4515373,O=C(Cn1nnc2ccccc21)c1ccc(-c2ccccc2)cc1,4980.0
CHEMBL1321017,O=C(Nc1nccs1)c1ccc(-c2ccc([N+](=O)[O-])cc2)o1,4987.0
CHEMBL5268563,C=C(C)/C=C/c1c(O)cc2oc3cc(O)c(OC)c(/C=C/C(=C)C)c3c(=O)c2c1O,5000.0
CHEMBL2259858,COc1ccc(/C=C/C(=O)c2ccc3occc3c2O)cc1OC,5000.0
CHEMBL5268812,COc1ccc(NC(=O)Cn2cc(COc3ccc(C4Nc5ccccc5C(=O)N4Nc4ccccc4)cc3OC)nn2)cc1,5000.0
CHEMBL4757984,CCC[C@@H](O)[C@H](O)[C@H](O)C[S@+]1C[C@@H](O)[C@H](O)[C@H]1CO.CS(=O)(=O)[O-],5000.0
CHEMBL177114,CCOC(=O)CC(=O)OCC,5000.0
CHEMBL2414822,CC(=O)Oc1ccc(/C=C/C(=O)NC[C@@H]2O[C@H](CO)[C@@H](O)[C@H](O)[C@H]2O)cc1OC(C)=O,5100.0
CHEMBL597186,CO[C@@H]1O[C@H](Cn2cc(C3(O)CCCCC3)nn2)[C@H]2OC(C)(C)O[C@@H]12,5200.0
CHEMBL4533056,O=C(c1c(F)cccc1F)n1nnc2ccccc21,5230.0
CHEMBL4472998,O=C(Cn1cc(COc2cc(O)c3c(=O)c4ccc(Br)cc4oc3c2)nn1)Nc1ccc(O)c(O)c1,5230.0
CHEMBL5273846,O=C(Sc1nccs1)c1ccc(-c2ccc(Br)cc2)o1,5283.0
CHEMBL1288725,O=C(c1ccccc1)n1nnc2ccccc21,5290.0
CHEMBL184574,O=c1c2c(O)cc(O)cc2oc2c(O)ccc(O)c12,5300.0
CHEMBL4543481,Cc1cccc2nc(-c3ccc(Cl)cc3)[nH]c12,5300.0
CHEMBL4482888,COc1ccc(O)c(-c2nc3cccc(C)c3[nH]2)c1,5300.0
CHEMBL4474005,Cc1cccc2nc(-c3cc(O)ccc3O)[nH]c12,5300.0
CHEMBL4567754,Cc1cccc2nc(-c3cccs3)[nH]c12,5300.0
CHEMBL4556298,Cc1cccc2nc(-c3ccc(O)c(O)c3)[nH]c12,5300.0
CHEMBL4453302,Cc1cccc2nc(-c3ccccc3Cl)[nH]c12,5300.0
CHEMBL4469378,Cc1cccc2nc(-c3cccc(O)c3O)[nH]c12,5300.0
CHEMBL4483473,Cc1cccc2nc(-c3ccccc3[N+](=O)[O-])[nH]c12,5300.0
CHEMBL4521147,Cc1cccc2nc(-c3cccc(F)c3)[nH]c12,5300.0
CHEMBL4460277,Cc1cccc2nc(-c3ccccc3F)[nH]c12,5300.0
CHEMBL4447344,Cc1cccc2nc(-c3ccc(O)cc3O)[nH]c12,5300.0
CHEMBL4555802,Cc1cccc2nc(-c3ccc(F)cc3)[nH]c12,5300.0
CHEMBL3222196,CC(=O)N[C@@H]1C[C@@H](O)[C@H](O)[C@@H](O)[C@H]1O,5300.0
CHEMBL4438176,Cc1ccc(-c2csc(N/N=C3\C(=O)Nc4ccc(F)cc43)n2)cc1,5300.0
CHEMBL4513279,COc1ccc(-c2csc(N/N=C3\C(=O)N(C)c4ccccc43)n2)cc1,5300.0
CHEMBL4453617,CN1C(=O)/C(=N\Nc2nc(-c3ccc(F)cc3)cs2)c2ccccc21,5300.0
CHEMBL4525043,Cc1ccc(-c2csc(N/N=C3\C(=O)N(C)c4ccccc43)n2)cc1,5300.0
CHEMBL4465548,COc1ccc(-c2csc(N/N=C3\C(=O)N(Cc4ccccc4F)c4ccc(C)cc43)n2)cc1,5300.0
CHEMBL4461266,O=C1Nc2ccc(F)cc2/C1=N/Nc1nc(-c2ccc(F)cc2)cs1,5300.0
CHEMBL3409200,O=C1Nc2ccccc2/C1=N/Nc1nc(-c2ccc(F)cc2)cs1,5300.0
CHEMBL3409203,Cc1ccc(-c2csc(N/N=C3\C(=O)Nc4ccccc43)n2)cc1,5300.0
CHEMBL4549579,Cc1ccc(-c2csc(N/N=C3\C(=O)N(Cc4ccccc4F)c4ccc(C)cc43)n2)cc1,5300.0
CHEMBL4529445,Cc1cccc2nc(-c3ccccc3O)[nH]c12,5300.0
CHEMBL4579201,Cc1cccc2nc(-c3cccc(O)c3)[nH]c12,5300.0
CHEMBL4439784,Cc1cccc2nc(-c3ccc(O)cc3)[nH]c12,5300.0
CHEMBL4475487,COc1ccc(-c2nc3cccc(C)c3[nH]2)c(O)c1,5300.0
CHEMBL4473648,Cc1cccc2nc(-c3cccc(Cl)c3)[nH]c12,5300.0
CHEMBL4550935,COc1ccc(-c2nc3cccc(C)c3[nH]2)cc1O,5300.0
CHEMBL4565093,Cc1cccc2nc(-c3ccncc3)[nH]c12,5300.0
CHEMBL4545784,Cc1ccc2c(c1)/C(=N/Nc1nc(-c3ccc(O)cc3)cs1)C(=O)N2,5300.0
CHEMBL4446848,Cc1cc(C)c2c(c1)/C(=N/Nc1nc(-c3ccc(Br)cc3)cs1)C(=O)N2,5300.0
CHEMBL4460518,Cc1ccc2c(c1)/C(=N/Nc1nc(-c3ccc(O)cc3)cs1)C(=O)N2Cc1ccccc1F,5300.0
CHEMBL3409199,O=C1Nc2ccccc2/C1=N/Nc1nc(-c2ccc(Cl)cc2)cs1,5300.0
CHEMBL4550316,O=C1Nc2ccc(Cl)cc2/C1=N/Nc1nc(-c2ccc(Br)cc2)cs1,5300.0
CHEMBL4468486,Cc1cc(C)c2c(c1)/C(=N/Nc1nc(-c3ccc(F)cc3)cs1)C(=O)N2,5300.0
CHEMBL4538319,Cc1ccc(-c2csc(N/N=C3\C(=O)Nc4c(C)cc(C)cc43)n2)cc1,5300.0
CHEMBL3407639,O=C(N/N=C/c1ccc(Cl)cc1)c1ccc(-c2nc3ccccc3s2)cc1,5310.0
CHEMBL2418233,O=C(/C=C/c1ccc(O)c(O)c1)O[C@@H]1C[C@@H](O)[C@H](O)[C@@H](O)[C@H]1O,5310.0
CHEMBL5284892,O=C(Sc1nccs1)c1ccc(-c2cccc(F)c2)o1,5392.0
CHEMBL5271893,COc1cc(C2Nc3ccccc3C(=O)N2Nc2ccccc2)ccc1OCc1cn(CC(=O)NCc2ccc(C)cc2)nn1,5400.0
CHEMBL1709767,COc1cc(O)c2c(=O)c3c(O)c(O)ccc3oc2c1OC,5420.0
CHEMBL4289618,O=C1NC(=S)S/C1=C\c1ccc(OCN2C(=O)c3ccccc3C2=O)c(Cl)c1,5440.0
CHEMBL3407624,O=C(N/N=C/c1ccccc1O)c1ccc(-c2nc3ccccc3s2)cc1,5550.0
CHEMBL3407627,O=C(N/N=C/c1ccc(O)cc1O)c1ccc(-c2nc3ccccc3s2)cc1,5580.0
CHEMBL3765775,OC[C@@H]1[C@@H](O)[C@H](O)C[S+]1C[C@@H](O)[C@H](OCc1ccc(Cl)cc1)[C@H](O)[C@@H](O)CO.[Cl-],5600.0
CHEMBL2414819,O=C(/C=C/c1ccc(O)cc1)NC[C@@H]1O[C@H](CO)[C@@H](O)[C@H](O)[C@H]1O,5600.0
CHEMBL4466646,CCCCOc1ccc(C(=O)n2nnc3ccccc32)cc1,5600.0
CHEMBL4532649,O=C(c1ccc(F)c(F)c1Cl)n1nnc2ccccc21,5630.0
CHEMBL597996,CO[C@@H]1O[C@H](Cn2cc(COc3ccccc3)nn2)[C@H]2OC(C)(C)O[C@@H]12,5700.0
CHEMBL2177693,CCC[C@@H](O)[C@@H]1N[C@@H](CO)[C@H](O)[C@H]1O,5700.0
CHEMBL323197,COc1c(O)cc2oc3cc(O)c(CC=C(C)C)c(O)c3c(=O)c2c1CC=C(C)C,5700.0
CHEMBL5432769,COc1cccc(NC(=O)Cn2nc3c(c2C)N(C)Sc2ccccc2-3)c1,5800.0
CHEMBL2114189,CC[C@H]1NC[C@@H](O)[C@@H]1O,5800.0
CHEMBL4567979,O=C(Cn1cc(COc2cc(O)c3c(=O)c4ccc(Br)cc4oc3c2)nn1)Nc1ccc(O)cc1O,5870.0
CHEMBL5279024,O=C(Nc1nccs1)c1ccc(-c2cccc(Cl)c2)o1,5871.0
CHEMBL557057,O=C1Nc2ccccc2C1(c1c[nH]c2ccccc12)c1c[nH]c2ccccc12,5900.0
CHEMBL4590423,O=C1Nc2ccc(Br)cc2C1(c1c[nH]c2ccccc12)c1c[nH]c2ccccc12,5900.0
CHEMBL4435550,CC(C)n1cc(C2(c3cn(C(C)C)c4ccccc34)C(=O)Nc3ccccc32)c2ccccc21,5900.0
CHEMBL4436361,CC(C)Cn1cc(C2(c3cn(CC(C)C)c4ccccc34)C(=O)Nc3ccccc32)c2ccccc21,5900.0
CHEMBL2011865,O=C1Nc2ccc(Cl)cc2C1(c1c[nH]c2ccccc12)c1c[nH]c2ccccc12,5900.0
CHEMBL4550304,CCCCn1cc(C2(c3cn(CCCC)c4ccccc34)C(=O)Nc3ccccc32)c2ccccc21,5900.0
CHEMBL564411,Cn1cc(C2(c3cn(C)c4ccccc34)C(=O)Nc3ccccc32)c2ccccc21,5900.0
CHEMBL4445238,O=C1Nc2ccccc2C1(c1cn(Cc2ccccc2)c2ccccc12)c1cn(Cc2ccccc2)c2ccccc12,5900.0
CHEMBL4440702,Cc1ccc2c(c1)C(c1c[nH]c3ccccc13)(c1c[nH]c3ccccc13)C(=O)N2,5900.0
CHEMBL4436320,O=C1Nc2ccccc2C1(c1cn(Cc2ccccc2F)c2ccccc12)c1cn(Cc2ccccc2F)c2ccccc12,5900.0
CHEMBL4575035,O=C1Nc2ccccc2C1(c1cn(Cc2ccccc2Cl)c2ccccc12)c1cn(Cc2ccccc2Cl)c2ccccc12,5900.0
CHEMBL4460080,O=C1Nc2ccccc2C1(c1cn(Cc2ccc(Br)cc2)c2ccccc12)c1cn(Cc2ccc(Br)cc2)c2ccccc12,5900.0
CHEMBL4564310,O=C1Nc2ccccc2C1(c1cn(Cc2cccc(F)c2)c2ccccc12)c1cn(Cc2cccc(F)c2)c2ccccc12,5900.0
CHEMBL4443865,CCCn1cc(C2(c3cn(CCC)c4ccccc34)C(=O)Nc3ccccc32)c2ccccc21,5900.0
CHEMBL5428724,COC(=O)[C@]12CCC(C)(C)C[C@H]1C1=CC[C@@H]3[C@@]4(C)Cc5c([nH]c6cc([N+](=O)[O-])ccc56)C(C)(C)[C@@H]4CC[C@@]3(C)[C@]1(C)CC2,5910.0
CHEMBL5273810,O=C(Sc1nccs1)c1ccc(-c2ccccc2F)o1,5970.0
CHEMBL30707,O=c1oc2cc(O)ccc2c2oc3cc(O)ccc3c12,6000.0
CHEMBL456583,OC[C@H]1NCC[C@H](O)[C@@H]1O,6000.0
CHEMBL5290636,CC1(C)C=Cc2c(ccc3c2OC2c4ccc(O)cc4OCC32)O1,6000.0
CHEMBL394682,C=C1CC[C@@H]2[C@](C)(COC(=O)c3cccnc3)[C@H](OC(=O)c3cccnc3)CC[C@@]2(C)[C@@H]1/C=C/C1=C/C(=C\c2ccc(Cl)cc2)OC1=O,6000.0
CHEMBL5281806,COc1cc(C2Nc3ccccc3C(=O)N2Nc2ccccc2)ccc1OCc1cn(CC(=O)Nc2ccc([N+](=O)[O-])cc2)nn1,6000.0
CHEMBL401628,OC[C@@H]1[C@@H](O)[C@H](O)[C@@H](O)CN1CCCCOc1cccc(-c2cnn[nH]2)c1,6070.0
CHEMBL3222198,CCCCCC(=O)N[C@@H]1C[C@@H](O)[C@H](O)[C@@H](O)[C@H]1O,6100.0
CHEMBL4439490,O=C(Cn1cc(COc2cc(O)c3c(=O)c4ccc(O)cc4oc3c2)nn1)Nc1ccc(O)c(O)c1,6130.0
CHEMBL4476389,C(=N/Nc1nc(-c2ccc(-c3ccccc3)cc2)cs1)\c1cccc2ccccc12,6200.0
CHEMBL4583678,O=C(N/N=C/c1ccc(Cl)cc1)c1nc(-c2cc3ccccc3oc2=O)cs1,6200.0
CHEMBL4468721,COc1ccccc1/C=N/NC(=O)c1nc(-c2cc3ccccc3oc2=O)cs1,6200.0
CHEMBL4456697,O=C(N/N=C/c1cccc(Cl)c1)c1nc(-c2cc3ccccc3oc2=O)cs1,6200.0
CHEMBL4453289,O=C(N/N=C/c1cccc(Br)c1)c1nc(-c2cc3ccccc3oc2=O)cs1,6200.0
CHEMBL4576919,O=C(N/N=C/c1ccccc1O)c1nc(-c2cc3ccccc3oc2=O)cs1,6200.0
CHEMBL4573047,O=C(N/N=C/c1ccc(O)cc1)c1nc(-c2cc3ccccc3oc2=O)cs1,6200.0
CHEMBL4574133,CC(C)(C)c1cc(/C=N/NC(=O)c2nc(-c3cc4ccccc4oc3=O)cs2)c(O)c(C(C)(C)C)c1,6200.0
CHEMBL4444658,O=C(N/N=C/c1cc(O)ccc1O)c1nc(-c2cc3ccccc3oc2=O)cs1,6200.0
CHEMBL4516889,O=C(N/N=C/c1ccc(O)c(O)c1)c1nc(-c2cc3ccccc3oc2=O)cs1,6200.0
CHEMBL5416871,N#Cc1ccc(S(=O)(=O)NNC(=O)c2cc3cc(F)ccc3[nH]2)cc1,6200.0
CHEMBL4435153,O=C(N/N=C/c1ccc(C(F)(F)F)cc1)c1nc(-c2cc3ccccc3oc2=O)cs1,6200.0
CHEMBL4538234,COc1ccc(/C=N/NC(=O)c2nc(-c3cc4ccccc4oc3=O)cs2)cc1,6200.0
CHEMBL4452388,O=C(N/N=C/c1cccc(F)c1)c1nc(-c2cc3ccccc3oc2=O)cs1,6200.0
CHEMBL4521797,O=C(N/N=C/c1ccccc1F)c1nc(-c2cc3ccccc3oc2=O)cs1,6200.0
CHEMBL4553656,COc1ccc(/C=N/NC(=O)c2nc(-c3cc4ccccc4oc3=O)cs2)c(O)c1,6200.0
CHEMBL4553128,O=C(N/N=C/c1ccc(O)c(F)c1)c1nc(-c2cc3ccccc3oc2=O)cs1,6200.0
CHEMBL4460908,O=C(N/N=C/c1cc(Cl)ccc1O)c1nc(-c2cc3ccccc3oc2=O)cs1,6200.0
CHEMBL4129528,O=C(N/N=C/c1cc(Cl)cc(Cl)c1O)c1nc(-c2cc3ccccc3oc2=O)cs1,6200.0
CHEMBL5266469,O=C(Nc1nccs1)c1ccc(-c2cccc(F)c2)o1,6227.0
CHEMBL3918889,O=c1ccc2nc3ccc(OCCCCn4cc(CCCCN5C[C@H](O)[C@@H](O)[C@H](O)[C@H]5CO)nn4)cc3oc-2c1,6300.0
CHEMBL5270724,COc1ccc(-c2ncc(NC(=O)Cn3cc(COc4ccc(-c5nc6ccccc6[nH]5)cc4)nn3)s2)cc1,6310.0
CHEMBL5268558,O=c1ccc2cc(O)c(O)c(-c3c(O)c(O)cc4ccc(=O)oc34)c2o1,6400.0
CHEMBL4516081,O=C(c1ccc(O)cc1)C1Cc2c(ccc3ccccc23)O1,6500.0
CHEMBL5175783,OC[C@@]1(c2cccc(F)c2)NC[C@@H](O)[C@@H]1O,6500.0
CHEMBL2159632,O=S(=O)([O-])O[C@@H]([C@@H](O)[C@@H](O)[C@@H](O)CO)[C@H](O)C[S@+]1C[C@@H](O)[C@H](O)[C@H]1CO,6500.0
CHEMBL3407617,COc1ccc(O)c(/C=N/NC(=O)c2ccc(-c3nc4ccccc4s3)cc2)c1,6500.0
CHEMBL4294091,O=C1NC(=S)S/C1=C\c1ccc(OCN2C(=O)c3ccccc3C2=O)c([N+](=O)[O-])c1,6590.0
CHEMBL4204289,COc1cc(-c2ccc(OCCBr)cc2)c(OC)c(OCCBr)c1-c1ccc(O)cc1,6670.0
CHEMBL454551,COc1ccc([C@@H]2N[C@@H](CO)[C@H](O)[C@H]2O)cc1O,6700.0
CHEMBL5282594,COc1cc(C2Nc3ccccc3C(=O)N2Nc2ccccc2)ccc1OCc1cn(CC(=O)Nc2ccc(Cl)cc2)nn1,6700.0
CHEMBL3358659,N[C@@H]1C[C@@H](O)[C@H](O)[C@@H](O)[C@H]1O,6800.0
CHEMBL5273304,CC(C)=CC/C(C)=C/Cc1c(O)cc2oc3c(O)ccc(O)c3c(=O)c2c1O,6900.0
CHEMBL5266990,O=C(Sc1nccs1)c1ccc(-c2ccc(F)cc2F)o1,6935.0
CHEMBL3407623,COc1ccc(/C=N/NC(=O)c2ccc(-c3nc4ccccc4s3)cc2)c(O)c1,6970.0
CHEMBL3786889,CSc1ccc(NC(=O)O/N=C2\N[C@H](CO)[C@@H](O)[C@H](O)[C@H]2O)cc1,7030.0
CHEMBL4474751,O=C(Cn1cc(COc2cc(O)c3c(=O)c4cc(O)ccc4oc3c2)nn1)Nc1ccc(O)c(O)c1,7060.0
CHEMBL187043,O=c1c2c(O)cc(O)cc2oc2ccc(O)c(O)c12,7090.0
CHEMBL3407632,O=C(N/N=C/c1ccc(F)cc1)c1ccc(-c2nc3ccccc3s2)cc1,7120.0
CHEMBL4211872,COc1c(Br)c(-c2ccc(O)cc2)c(OC)c(O)c1-c1ccc(O)cc1,7140.0
CHEMBL5277625,CCc1ccc(NC(=O)Cn2cc(COc3ccc(C4Nc5ccccc5C(=O)N4Nc4ccccc4)cc3OC)nn2)cc1,7200.0
CHEMBL4128298,O=C(Cn1c(Cc2ccc(Br)cc2)nc2ccccc2c1=O)NNC(=O)c1cc2ccccc2oc1=O,7300.0
CHEMBL3358658,N[C@H]1C[C@@H](O)[C@H](O)[C@@H](O)[C@H]1O,7300.0
CHEMBL5413190,O=C(NNS(=O)(=O)c1cccc(Cl)c1)c1cc2cc(F)ccc2[nH]1,7400.0
CHEMBL3787212,O=C(Nc1ccc2nsnc2c1)O/N=C1\N[C@H](CO)[C@@H](O)[C@H](O)[C@H]1O,7400.0
CHEMBL1628264,N[C@H]1C[C@H](CO)[C@@H](O)[C@H](O)[C@H]1O,7500.0
CHEMBL4079099,CC1(C)CCc2cc(CC3=C(c4ccc(O)cc4)[C@@](O)(C(=O)O)OC3=O)ccc2O1,7630.0
CHEMBL2414817,CC(=O)Oc1cc(C(=O)NC[C@@H]2O[C@H](CO)[C@@H](O)[C@H](O)[C@H]2O)cc(OC(C)=O)c1OC(C)=O,7700.0
CHEMBL4281051,CCOc1cc(/C=C2\SC(=S)NC2=O)ccc1OCN1C(=O)c2ccccc2C1=O,7720.0
CHEMBL5286921,C=C(C)/C=C/c1cc(O)c(O)c2oc3c(C/C=C(/C)CC=C(C)C)c(OC)cc(O)c3c(=O)c12,7800.0
CHEMBL50,O=c1c(O)c(-c2ccc(O)c(O)c2)oc2cc(O)cc(O)c12,7800.0
CHEMBL4292355,O=C1NC(=S)S/C1=C\c1ccc(OCN2C(=O)c3ccccc3C2=O)cc1,7910.0
CHEMBL5283167,O=C(Cn1cc(COc2ccc(C3Nc4ccccc4C(=O)N3Nc3ccccc3)cc2)nn1)Nc1ccc(Br)cc1,8000.0
CHEMBL3407634,O=C(N/N=C/c1ccccc1)c1ccc(-c2nc3ccccc3s2)cc1,8050.0
CHEMBL3407638,O=C(N/N=C/c1ccc(O)c(Br)c1)c1ccc(-c2nc3ccccc3s2)cc1,8070.0
CHEMBL3594154,CC(C)=CCC/C(C)=C/CC/C(=C/Cc1cc(O)ccc1O)C(=O)OC[C@@](C)(O)[C@@H](O)CC[C@@H](C)[C@H]1CC[C@@]2(C)C3=CC[C@H]4C(C)(C)C(=O)CC[C@]4(C)C3=CC[C@]12C,8100.0
CHEMBL4460633,Clc1cccc(-c2[nH]c3ccccc3c2-c2nc(-c3ccccc3)c(-c3ccccc3)n2-c2ccccc2)c1,8300.0
CHEMBL5284464,C=C(C)/C=C/c1c(O)c(OC)c(/C=C/C(=C)C)c2c(=O)c3c(O)c(CC(O)C(=C)C)c(O)cc3oc12,8300.0
CHEMBL3622692,FC(F)(F)c1ccc(-c2[nH]c3ccccc3c2-c2nc(-c3ccccc3)c(-c3ccccc3)n2-c2ccccc2)cc1,8300.0
CHEMBL4551286,Brc1ccc(-n2c(-c3c(-c4cccc(Br)c4)[nH]c4ccccc34)nc(-c3ccccc3)c2-c2ccccc2)cc1,8300.0
CHEMBL4576623,COc1ccc(-n2c(-c3c(-c4cccc(Br)c4)[nH]c4ccccc34)nc(-c3ccccc3)c2-c2ccccc2)cc1,8300.0
CHEMBL4570383,COc1ccc(-n2c(-c3c(-c4ccc(Cl)cc4)[nH]c4ccc(Cl)cc34)nc(-c3ccccc3)c2-c2ccccc2)cc1,8300.0
CHEMBL4465477,Fc1ccc2[nH]c(-c3ccccc3)c(-c3nc(-c4ccccc4)c(-c4ccccc4)n3-c3ccccc3)c2c1,8300.0
CHEMBL4579286,Fc1ccc2[nH]c(-c3ccccc3)c(-c3nc(-c4ccccc4)c(-c4ccccc4)n3-c3cccc(Cl)c3)c2c1,8300.0
CHEMBL4531602,CC(=O)Nc1ccc(-n2c(-c3c(-c4ccccc4)[nH]c4ccc(F)cc34)nc(-c3ccccc3)c2-c2ccccc2)cc1,8300.0
CHEMBL5268702,Cc1ccc(CNC(=O)Cn2cc(COc3ccc(C4Nc5ccccc5C(=O)N4Nc4ccccc4)cc3)nn2)cc1,8300.0
CHEMBL4519790,COc1ccc(NC(=O)Cn2cc(COc3cc(O)c4c(=O)c5cc(OC)ccc5oc4c3)nn2)c(OC)c1,8310.0
CHEMBL3407637,O=C(N/N=C/c1c(O)cc(O)cc1O)c1ccc(-c2nc3ccccc3s2)cc1,8370.0
CHEMBL2093897,OC[C@@H]1N[C@H](CO)[C@@H](O)[C@H](O)[C@H]1O,8400.0
CHEMBL5282036,O=C(Sc1nccs1)c1ccc(-c2c(F)cccc2F)o1,8436.0
CHEMBL3407621,O=C(N/N=C/c1cccs1)c1ccc(-c2nc3ccccc3s2)cc1,8480.0
CHEMBL1765290,O=S(=O)([O-])O[C@H]([C@@H](O)[C@H](O)[C@@H](O)CO)[C@H](O)C[S+]1C[C@@H](O)[C@H](O)[C@H]1CO,8500.0
CHEMBL4210494,COc1cc(-c2ccc(O)cc2)c(OC)c(OCCC(C)C)c1-c1ccc(O)cc1,8580.0
CHEMBL4216866,CO[C@H]1OC(=O)C(Cc2ccc(O)c(CC=C(C)C)c2)=C1c1ccc(O)cc1,8650.0
CHEMBL4216906,CCCOc1ccc(-c2cc(OC)c(-c3ccc(O)cc3)c(OCCC)c2OC)cc1,8690.0
CHEMBL4209056,C=CCOc1ccc(-c2cc(OC)c(-c3ccc(O)cc3)c(OCC=C)c2OC)cc1,8770.0
CHEMBL4537425,C=C(C)C(COc1c2occc2c(OC)c2ccc(=O)oc12)OC(C)(C)[C@H](O)COc1c2ccoc2cc2oc(=O)ccc12,8800.0
CHEMBL4576254,C=C(C)C(COc1c2ccoc2cc2oc(=O)ccc12)OC(C)(C)C(O)COc1c2occc2c(OC)c2ccc(=O)oc12,8800.0
CHEMBL4864585,CC[C@@]1(CO)NC[C@H](O)[C@@H](O)[C@@H]1O.Cl,8800.0
CHEMBL207194,O=Cc1cc(Br)ccc1O,8800.0
CHEMBL4464398,C=C(C)C(COc1c2occc2cc2ccc(=O)oc12)OC(C)(C)[C@H](O)COc1c2ccoc2cc2oc(=O)ccc12,8800.0
CHEMBL1641749,CCCC[C@H]1[C@H](O)[C@@H](O)[C@H](CO)N1CCCC,8800.0
CHEMBL5269102,C=CC(C)(C)c1c(O)ccc2c(=O)c3c(O)c(CC=C(C)C)c(OC)c(O)c3oc12,8900.0
CHEMBL5276485,O=C(Sc1nccs1)c1ccc(-c2ccc([N+](=O)[O-])cc2)o1,8934.0
CHEMBL1765344,O=S(=O)([O-])O[C@H]([C@@H](O)[C@H](O)[C@H](O)CO)[C@H](O)C[S+]1C[C@@H](O)[C@H](O)[C@H]1CO,9000.0
CHEMBL2259857,COc1ccc(/C=C/C(=O)c2ccc3occc3c2O)cc1,9200.0
CHEMBL3407641,O=C(N/N=C/c1cccc(O)c1)c1ccc(-c2nc3ccccc3s2)cc1,9210.0
CHEMBL4783560,OC[C@@H]1N[C@@H](c2ccc(O)cc2)[C@H](O)[C@H]1O,9300.0
CHEMBL5281050,Cc1ccnc(NC(=O)CSc2nnc(CCCc3c[nH]c4ccccc34)o2)c1,9370.0
CHEMBL5435396,Cc1cccc(NC(=O)CSc2nnc(Cc3c[nH]c4ccccc34)o2)c1,9370.0
CHEMBL5277686,C=C(C)/C=C/c1c(OC)cc(O)c2c(=O)c3ccc(O)c(O)c3oc12,9400.0
CHEMBL4641347,Cc1cccc(NC(=O)CSc2nnc(CCCc3c[nH]c4ccccc34)o2)c1C,9460.0
CHEMBL4547068,Clc1ccc(/N=c2\scc(-c3ccc(Cl)cc3)n2Nc2ccccc2)cc1,9600.0
CHEMBL5291178,COc1cc(/C=C/C(=O)C2=C(/C=C/c3ccc(O)c(OC)c3)Oc3[nH]c(=O)[nH]c(=O)c3C2c2cccc([N+](=O)[O-])c2)ccc1O,9700.0
CHEMBL5271556,C=C(C)/C=C/c1c(O)cc2oc3cc(O)c(OC)c(CC(=O)C(=C)C)c3c(=O)c2c1O,9800.0
CHEMBL5273222,COc1cc(CNC(=O)c2c(NC(=O)c3cccnc3)sc3c2CCCC3)ccc1O,9900.0
CHEMBL5411329,COc1ccc(/N=C2/NC(=O)/C(=C/c3cn(-c4ccccc4)nc3-c3ccc(OC)cc3)S2)cc1,9900.0
CHEMBL4203235,CO[C@@H]1OC(=O)C(Cc2ccc(O)c(CC=C(C)C)c2)=C1c1ccc(O)cc1,9980.0
CHEMBL5203236,O=c1[nH]c2ccccc2nc1N/N=C/c1cccs1,9990.0
CHEMBL259721,[O-][C@@H](CO)[C@H](O)C[S+]1C[C@@H](O)[C@H](O)[C@H]1CO,10000.0
CHEMBL1163255,CCCC[C@@H]1N[C@H](CO)[C@H](O)[C@H](O)[C@H]1C,10000.0
CHEMBL4216316,CCCOc1ccc(-c2cc(OC)c(-c3ccc(O)cc3)c(O)c2OC)cc1,10000.0
CHEMBL4238409,CCC1NC(CC)C(O)C(O)C1O,10000.0
CHEMBL4203265,C=C(CCC=C(C)C)C(O)Cc1c(O)c(CC=C(C)C)c(O)c2c(=O)c3cc(O)ccc3oc12,10100.0
CHEMBL3594155,CC(C)=CCC/C(C)=C/CC/C(=C/Cc1cc(O)ccc1O)C(=O)O[C@@H](CC[C@@H](C)[C@H]1CC[C@@]2(C)C3=CC[C@H]4C(C)(C)C(=O)CC[C@]4(C)C3=CC[C@]12C)[C@](C)(O)CO,10100.0
CHEMBL3407618,O=C(N/N=C\c1ccccn1)c1ccc(-c2nc3ccccc3s2)cc1,10230.0
CHEMBL4475534,N#CC1=C(N)Oc2c(c(=O)[nH]c3c2ccc2ccccc23)C1c1ccc(Cl)cc1,10300.0
CHEMBL4070953,COC(=O)[C@@]1(O)OC(=O)C(Cc2ccc3c(c2)CCC(C)(C)O3)=C1c1ccc(O)cc1,10300.0
CHEMBL44,O=c1c(-c2ccc(O)cc2)coc2cc(O)cc(O)c12,10400.0
CHEMBL5201393,CC(C)=CCc1cc(C[C@@]2(C(=O)O)OC(=O)C(OC(C)(C)[C@@H](O)Cc3cc(C[C@@]4(C(=O)O)OC(=O)C(O)=C4c4ccc(O)cc4)ccc3O)=C2c2ccc(O)cc2)ccc1O,10500.0
CHEMBL5287920,COc1cc(C2Nc3ccccc3C(=O)N2Nc2ccccc2)ccc1OCc1cn(CC(=O)Nc2ccc(C)cc2C)nn1,10600.0
CHEMBL4209580,CCCOc1ccc(-c2c(OC)cc(-c3ccc(O)cc3)c(OC)c2OCCC)cc1,10700.0
CHEMBL5284713,C=C(C)/C=C/c1c(O)cc2oc3cc(O)c(OC)c(C/C=C(\C)CC=C(C)C)c3c(=O)c2c1O,10700.0
CHEMBL5287666,C=C(C)/C=C/c1c(O)c(CC=C(C)C)c2oc3c(O)ccc(O)c3c(=O)c2c1O,10800.0
CHEMBL2259851,COc1ccc(/C=C/C(=O)c2cc3ccoc3cc2O)cc1OC,10800.0
CHEMBL2259846,O=C(/C=C/c1ccc(O)cc1)c1ccc2occc2c1O,10900.0
CHEMBL394049,C=C1CC[C@@H]2[C@](C)(COC(=O)c3cccnc3)[C@H](OC(=O)c3cccnc3)CC[C@@]2(C)[C@@H]1/C=C/C1=C/C(=C\c2ccc(OC)cc2)OC1=O,11000.0
CHEMBL3351101,CCCC[C@H]1N[C@@H](CO)[C@@H](O)[C@H](O)[C@@H]1O,11000.0
CHEMBL4448195,O=C(CCCSc1nc2ccccc2s1)Nc1cccc2ccccc12,11000.0
CHEMBL2159631,O=S(=O)([O-])O[C@@H]([C@@H](O)[C@H](O)[C@@H](O)CO)[C@H](O)C[S@+]1C[C@@H](O)[C@H](O)[C@H]1CO,11000.0
CHEMBL5396511,O=C(c1ccccc1)c1ccc2nc(-c3ccc(O)cc3)[nH]c2c1,11020.0
CHEMBL3407640,COc1cccc(/C=N/NC(=O)c2ccc(-c3nc4ccccc4s3)cc2)c1,11090.0
CHEMBL3407646,O=C(N/N=C/c1cc(O)cc(O)c1)c1ccc(-c2nc3ccccc3s2)cc1,11120.0
CHEMBL3407622,O=C(N/N=C/c1cccc(O)c1O)c1ccc(-c2nc3ccccc3s2)cc1,11220.0
CHEMBL3407620,O=C(N/N=C/c1ccc(O)cc1)c1ccc(-c2nc3ccccc3s2)cc1,11290.0
CHEMBL1795465,COc1cc(-c2ccc(O)cc2)c(OC)c(O)c1-c1ccc(O)c(O)c1,11300.0
CHEMBL561643,COc1c(O)cc2oc3cc4c(c(O)c3c(=O)c2c1CC=C(C)C)C=CC(C)(C)O4,11400.0
CHEMBL5281284,Cc1ccc(-c2ccc(C(=O)Sc3nccs3)o2)cc1,11430.0
CHEMBL5282294,Cc1[nH]c2ccccc2c1C1Nc2ccccc2CO1,11500.0
CHEMBL5268802,Cc1ccc2c(c1)COC(c1c(C)[nH]c3ccccc13)N2,11500.0
CHEMBL5266267,Cc1ccc2c(c1)COC(c1c(-c3ccccc3)[nH]c3ccccc13)N2,11500.0
CHEMBL5266537,Clc1ccc2c(c1)COC(c1c(-c3ccccc3)[nH]c3ccccc13)N2,11500.0
CHEMBL5286690,Clc1ccc2c(c1)NC(c1c[nH]c3ccccc13)OC2,11500.0
CHEMBL5281418,c1ccc2c(c1)COC(c1c[nH]c3ccccc13)N2,11500.0
CHEMBL5277262,COc1cc(C2Nc3ccccc3C(=O)N2Nc2ccccc2)ccc1OCc1cn(CC(=O)NCc2ccccc2)nn1,11600.0
CHEMBL4097406,O=C(Cn1cc(CSc2nnc(-c3ccccc3)c(-c3ccccc3)n2)nn1)Nc1cc(Cl)ccc1Cl,11630.0
CHEMBL4097120,CC1(C)CCc2cc(CC3OC(=O)C(O)=C3c3ccc(O)cc3)ccc2O1,11650.0
CHEMBL5275387,COc1cc(C2Nc3ccccc3C(=O)N2Nc2ccccc2)ccc1OCc1cn(CC(=O)Nc2ccccc2)nn1,11700.0
CHEMBL4580943,COc1ccc(NC(=O)Cn2cc(COc3cc(O)c4c(=O)c5ccc(Br)cc5oc4c3)nn2)cc1OC,11820.0
CHEMBL3407645,O=C(N/N=C/c1cc(O)ccc1O)c1ccc(-c2nc3ccccc3s2)cc1,11850.0
CHEMBL5286942,O=C(Cn1cc(COc2ccc(C3Nc4ccccc4C(=O)N3Nc3ccccc3)cc2)nn1)NCc1ccccc1,12000.0
CHEMBL1933098,C[C@@H]1CNC[C@@H](O)[C@@H](O)[C@@H]1O.Cl,12000.0
CHEMBL5279383,O=C(Cn1cc(COc2ccc(C3Nc4ccccc4C(=O)N3Nc3ccccc3)cc2)nn1)Nc1ccc([N+](=O)[O-])cc1,12000.0
CHEMBL3397478,COC(=O)CC1Oc2ccccc2-c2ccc3c(c21)C(=O)C(=O)N3Cc1ccccc1,12100.0
CHEMBL4471224,COc1ccc(NC(=O)Cn2cc(COc3cc(OC(C)=O)c4c(=O)c5cc(Br)ccc5oc4c3)nn2)c(OC)c1,12130.0
CHEMBL4202793,COc1cc(-c2ccc(OCc3ccc(-c4ccccc4)cc3)cc2)c(OC)c(O)c1-c1ccc(O)cc1,12200.0
CHEMBL4213889,CCCOc1ccc(-c2c(OC)cc(-c3ccc(O)cc3)c(OC)c2O)cc1,12300.0
CHEMBL5284540,COc1cc(O)c2c(=O)c3c(C/C=C(\C)CCC=C(C)C)c(OC)c(O)cc3oc2c1,12400.0
CHEMBL5278001,COc1cc(/C=C/C(=O)C2=C(/C=C/c3ccc(O)c(OC)c3)Oc3[nH]c(=O)[nH]c(=O)c3C2c2ccc([N+](=O)[O-])cc2)ccc1O,12410.0
CHEMBL4211086,COc1cc(-c2ccc(OCc3ccccc3)cc2)c(OC)c(O)c1-c1ccc(O)cc1,12500.0
CHEMBL4206199,COc1cc(-c2ccc(O)cc2)c(OC)c(O)c1-c1ccc(OCc2ccccc2)cc1,12500.0
CHEMBL4459149,O=[N+]([O-])c1ccc2cc(-c3nnc(-c4ccc(O)cc4O)o3)oc2c1,12750.0
CHEMBL4529198,O=[N+]([O-])c1ccc2cc(-c3nnc(-c4ccccc4F)o3)oc2c1,12750.0
CHEMBL3407625,O=C(N/N=C\c1ccco1)c1ccc(-c2nc3ccccc3s2)cc1,12750.0
CHEMBL4529159,O=[N+]([O-])c1ccc2cc(-c3nnc(-c4cccc(O)c4O)o3)oc2c1,12750.0
CHEMBL4515488,COc1ccc(NC(=O)Cn2cc(COc3cc(OC(C)=O)c4c(=O)c5ccc(Br)cc5oc4c3)nn2)c(OC)c1,12780.0
CHEMBL5419232,CC(=O)CC(c1ccc(Br)cc1)C(C(=O)Nc1ccccn1)C(=O)Nc1ccccn1,12800.0
CHEMBL5200953,O=c1[nH]c2ccccc2n2c(-c3ccc(O)cc3O)ccc12,12910.0
CHEMBL2181098,O=C1Cc2cc(S(=O)(=O)N3CCN(c4ccc(CO)cc4)CC3)ccc2N1,12980.0
CHEMBL5179709,O=c1[nH]c2ccccc2n2c(-c3ccc(Cl)c(Cl)c3)ccc12,12980.0
CHEMBL5402959,O=C1Cc2ccccc2C(O)C1C(c1ccc(OCc2cn(Cc3ccccc3Cl)nn2)cc1)c1c(O)c2ccccc2oc1=O,13000.0
CHEMBL5287798,COc1cc(C2Nc3ccccc3C(=O)N2Nc2ccccc2)ccc1OCc1cn(CC(=O)Nc2ccc(C)cc2)nn1,13000.0
CHEMBL5426458,CCn1cc(C(=O)CC(c2ccc3ccccc3c2)C2C(=O)N(C)C(=O)N(C)C2=O)c2ccccc21,13020.0
CHEMBL5401314,Clc1ccc(/C=N/Nc2nnc(-c3ccccc3)c(-c3ccccc3)n2)cc1,13090.0
CHEMBL4206986,COc1cc(-c2ccc(O)cc2)c(O)c(O)c1-c1ccc(O)cc1,13200.0
CHEMBL4213599,CC1(C)CCc2cc(CC3=C(c4ccc(O)cc4)C(O)OC3=O)ccc2O1,13360.0
CHEMBL2259852,COc1cc(OC)c(OC)cc1/C=C/C(=O)c1cc2ccoc2cc1O,13400.0
CHEMBL5432951,Oc1ccc(-c2nc3ncccc3[nH]2)cc1O,13500.0
CHEMBL4126228,COc1ccc(NC(=S)Nc2ccc(C(c3c(O)c4ccccc4oc3=O)c3c(O)c4ccccc4oc3=O)cc2)cc1,13500.0
CHEMBL3968204,CCN(CC)c1ccc2cc(C(=O)NCCOCCOCCOCCn3cc(CCCCN4C[C@H](O)[C@@H](O)[C@H](O)[C@H]4CO)nn3)c(=O)oc2c1,13600.0
CHEMBL5408528,COc1cc(/C=C2/C(=O)N(c3ccc(C(F)(F)F)cc3)C(C(=O)NC3CCCCC3)c3ccccc32)ccc1O,13700.0
CHEMBL4202640,C=C(C)C(O)CC/C(C)=C/COc1ccc2oc3cc(O)cc(O)c3c(=O)c2c1,13700.0
CHEMBL5273816,C=CCc1cc(-c2ccc(O)c(CC=C)c2)c(O)c(C(c2cc(Cl)cc(Cl)c2)N2CCOCC2)c1,13780.0
CHEMBL5194852,COc1cccc(/C=N/Nc2nc3ccccc3[nH]c2=O)c1,13930.0
CHEMBL4553154,COC(=O)c1cn(C[C@@H](C)Oc2ccc(Br)cc2OC)nn1,14000.0
CHEMBL4554505,COc1cc(Br)ccc1O[C@H](C)Cn1cc(-c2ccc(F)cc2)nn1,14000.0
CHEMBL396679,C=C1CC[C@@H]2[C@](C)(COC(=O)c3cccnc3)[C@H](OC(=O)c3cccnc3)CC[C@@]2(C)[C@@H]1/C=C/C1=C/C(=C\c2cccc(Br)c2)OC1=O,14000.0
CHEMBL4586054,COc1cc(Br)ccc1O[C@H](C)Cn1cc(-c2ccc(C(F)(F)F)cc2)nn1,14000.0
CHEMBL4465339,COc1ccc(-c2ccc(O[C@H](C)Cn3cc(-c4ccc(C(F)(F)F)cc4)nn3)c(OC)c2)cc1,14000.0
CHEMBL4526260,COc1cc(-c2ccc([N+](=O)[O-])cc2)ccc1O[C@H](C)Cn1cc(-c2ccc(C(F)(F)F)cc2)nn1,14000.0
CHEMBL4543995,COc1cc(-c2ccc(F)cc2)ccc1O[C@H](C)Cn1cc(-c2ccc(C(F)(F)F)cc2)nn1,14000.0
CHEMBL1795467,COc1cc(-c2ccc(O)c(O)c2)c(OC)c(O)c1-c1ccc(O)c(O)c1,14000.0
CHEMBL4581675,COc1cc(Br)ccc1O[C@H](C)Cn1cc(-c2ccccc2)nn1,14000.0
CHEMBL4473758,COc1cc(-c2ccc(C)cc2)ccc1O[C@H](C)Cn1cc(-c2ccc(C(F)(F)F)cc2)nn1,14000.0
CHEMBL5270556,C=C(C)/C=C/c1c(O)cc(O)c2c(=O)c3c(C/C=C(/C)CC=C(C)C)c(OC)c(O)cc3oc12,14100.0
CHEMBL4213032,O=C(/C=C(O)/C=C/c1ccco1)c1cc(O)ccc1O,14100.0
CHEMBL2207959,COc1ccc2c(c1)SC1=NC(c3ccc(Br)cc3)=C/C(=C\C#N)N12,14130.0
CHEMBL517026,COC(=O)[C@]1(Cc2ccc(O)c(CC=C(C)C)c2)OC(=O)C(O)=C1c1ccc(O)cc1,14180.0
CHEMBL2331563,O=C(/C=C(O)/C=C/c1ccc(O)c(O)c1)c1ccccc1O,14300.0
CHEMBL4205623,COc1cc(-c2ccc(OCCC(C)C)cc2)c(OC)c(O)c1-c1ccc(O)cc1,14300.0
CHEMBL5289397,C=C(C)/C=C/c1c(OC)cc2oc3cc(O)c(OC)c(/C=C/C(=C)C)c3c(=O)c2c1O,14400.0
CHEMBL3593570,COC(=O)c1cc(OC)cc(OC)c1C(=O)c1coc2c1OC(C)CC2=O,14400.0
CHEMBL4067517,O=C(Cn1cc(CSc2nnc(-c3ccccc3)c(-c3ccccc3)n2)nn1)Nc1cccc(C(F)(F)F)c1,14450.0
CHEMBL2259849,O=C(/C=C/c1ccccc1)c1cc2ccoc2cc1O,14500.0
CHEMBL3787337,O=C(Nc1cccs1)O/N=C1\N[C@H](CO)[C@@H](O)[C@H](O)[C@H]1O,14650.0
CHEMBL5287039,CCc1ccc(NC(=O)Cn2cc(COc3ccc(C4Nc5ccccc5C(=O)N4Nc4ccccc4)cc3)nn2)cc1,14700.0
CHEMBL1567184,O=C(Nc1nccs1)c1ccc(-c2ccc(Cl)cc2)o1,14769.0
CHEMBL5396449,COc1cc(/C=C2/C(=O)N(c3ccc(C(C)C)cc3)C(C(=O)NC3CCCCC3)c3ccccc32)ccc1O,14800.0
CHEMBL598822,CO[C@@H]1O[C@H](Cn2cc(-c3ccccc3)nn2)[C@H]2OC(C)(C)O[C@@H]12,14900.0
CHEMBL2181094,O=C1Cc2cc(S(=O)(=O)N3CCN(c4cccc(C(F)(F)F)c4)CC3)ccc2N1,14940.0
CHEMBL5286499,C=CCc1cc(-c2ccc(O)c(CC=C)c2)c(O)c(C(c2cc(Cl)cc(Cl)c2)N2CCC(C)CC2)c1,14940.0
CHEMBL1708234,CC(=O)N1CCN(S(=O)(=O)c2ccc3c(c2)CC(=O)N3)CC1,14940.0
CHEMBL5288295,COc1ccc(-c2ccc(C(=O)Sc3nccs3)o2)cc1,14945.0
CHEMBL3936073,Cc1ccccc1NC(=O)Cn1cc(Cn2c(-c3cccc(F)c3)nc(-c3ccccc3)c2-c2ccccc2)nn1,15000.0
CHEMBL3968348,Cc1ccccc1NC(=O)Cn1cc(Cn2c(-c3ccc(Br)cc3)nc(-c3ccccc3)c2-c2ccccc2)nn1,15000.0
CHEMBL3924165,O=C(Cn1cc(Cn2c(-c3ccc(Br)cc3)nc(-c3ccccc3)c2-c2ccccc2)nn1)Nc1ccc(F)cc1,15000.0
CHEMBL3900431,O=C(Cn1cc(Cn2c(-c3ccc(F)cc3)nc(-c3ccccc3)c2-c2ccccc2)nn1)Nc1ccc(Cl)cc1Cl,15000.0
CHEMBL3901489,CCOc1ccc(NC(=O)Cn2cc(Cn3c(-c4ccc(C(=O)OC)cc4)nc(-c4ccccc4)c3-c3ccccc3)nn2)cc1,15000.0
CHEMBL3984954,Cc1ccc(NC(=O)Cn2cc(Cn3c(-c4cccc(Cl)c4)nc(-c4ccccc4)c3-c3ccccc3)nn2)c(C)c1,15000.0
CHEMBL3906188,CCOc1ccc(NC(=O)Cn2cc(Cn3c(-c4cccc(Cl)c4)nc(-c4ccccc4)c3-c3ccccc3)nn2)cc1,15000.0
CHEMBL3919478,CCOc1ccccc1NC(=O)Cn1cc(Cn2c(-c3ccccc3F)nc(-c3ccccc3)c2-c2ccccc2)nn1,15000.0
CHEMBL3923085,COc1ccc(NC(=O)Cn2cc(Cn3c(-c4cccs4)nc(-c4ccccc4)c3-c3ccccc3)nn2)cc1,15000.0
CHEMBL3976877,COc1ccc(-c2nc(-c3ccccc3)c(-c3ccccc3)n2Cc2cn(CC(=O)Nc3ccc(Cl)cc3Cl)nn2)cc1OC,15000.0
CHEMBL3891396,CCOc1ccccc1NC(=O)Cn1cc(Cn2c(-c3cccc(Br)c3)nc(-c3ccccc3)c2-c2ccccc2)nn1,15000.0
CHEMBL3980621,COC(=O)c1ccc(-c2nc(-c3ccccc3)c(-c3ccccc3)n2Cc2cn(CC(=O)Nc3cc(Cl)ccc3Cl)nn2)cc1,15000.0
CHEMBL187208,CCCC1NC(CO)C(O)C(O)C1O,15000.0
CHEMBL3896149,Cc1ccc(NC(=O)Cn2cc(Cn3c(-c4cccc(F)c4)nc(-c4ccccc4)c3-c3ccccc3)nn2)c(C)c1,15000.0
CHEMBL3910543,COc1ccccc1-c1nc(-c2ccccc2)c(-c2ccccc2)n1Cc1cn(CC(=O)Nc2ccc(C)cc2)nn1,15000.0
CHEMBL3901221,COc1ccc(NC(=O)Cn2cc(Cn3c(-c4cccc(Cl)c4)nc(-c4ccccc4)c3-c3ccccc3)nn2)cc1,15000.0
CHEMBL3407626,O=C(N/N=C/c1ccc(O)c(O)c1)c1ccc(-c2nc3ccccc3s2)cc1,15090.0
CHEMBL603160,CCOC(=O)c1cn(C[C@H]2O[C@@H](OC)[C@@H]3OC(C)(C)O[C@@H]32)nn1,15100.0
CHEMBL4216309,O=C(/C=C(O)/C=C/c1ccc(O)c(O)c1)c1cc(Cl)ccc1O,15100.0
CHEMBL4299399,C[C@@H]1O[C@@H](O[C@@H]2[C@@H](O)[C@H](O)[C@H](O[C@H]3[C@H](O)[C@@H](O)C(O)O[C@@H]3CO)O[C@H]2CO)[C@@H](O)[C@H](O)[C@H]1N[C@H]1C=C(CO)[C@@H](O)[C@H](O)[C@H]1O,15200.0
CHEMBL5397643,Cc1ccc(-c2nc3c(C(=O)Nc4ccccc4)c(Nc4ccccc4)nn3c(-c3ccc(Br)cc3)c2N)cc1,15200.0
CHEMBL2259848,O=C(/C=C/c1ccc(O)c(O)c1)c1ccc2occc2c1O,15200.0
CHEMBL4105111,CCOc1ccccc1NC(=O)Cn1cc(CSc2nnc(-c3ccccc3)c(-c3ccccc3)n2)nn1,15240.0
CHEMBL5175917,CC/C=C\C/C=C\CCC(=O)O[C@@]12[C@H](OC(=O)[C@@H](C)CC)[C@@H](C)[C@@]3(O)[C@@H](C(=O)C(CO)=C[C@]4(O)C(=O)C(C)=C[C@@H]34)[C@@H]1C2(C)C,15300.0
CHEMBL5280846,O=C(Cn1cc(COc2ccc(C3Nc4ccccc4C(=O)N3Nc3ccccc3)cc2)nn1)Nc1ccc(Cl)cc1,15300.0
CHEMBL4564699,CC(C)=CCC/C(C)=C/CC/C(C)=C/CCC(C)(O)CCc1c(O)c(O)cc2oc3cc(O)cc(O)c3c(=O)c12,15400.0
CHEMBL4538081,O=C(Cn1cc(COc2cc(O)c3c(=O)c4cc(O)ccc4oc3c2)nn1)Nc1ccc(O)cc1O,15620.0
CHEMBL4534783,N#CC1=C(N)Oc2c(c(=O)[nH]c3c2ccc2ccccc23)C1c1ccc(Br)cc1,15700.0
CHEMBL3397479,COC(=O)CC1Oc2ccccc2-c2ccc3c(c21)C(=O)C(=O)N3Cc1ccc(C(F)(F)F)cc1,15700.0
CHEMBL4446840,COc1ccc2c(=O)c3c(O)cc(OCc4cn(CC(=O)Nc5ccc(OC)c(OC)c5)nn4)cc3oc2c1,15900.0
CHEMBL2207953,COc1ccc2c(c1)SC1=NC(c3ccc4ccccc4c3)=C/C(=C\C#N)N12,15940.0
CHEMBL4079905,O=C(Cn1cc(CSc2nnc(-c3ccccc3)c(-c3ccccc3)n2)nn1)Nc1ccc(Cl)cc1,15970.0
CHEMBL2159634,O=S(=O)([O-])O[C@H]([C@@H](O)[C@@H](O)[C@H](O)CO)[C@H](O)C[S@+]1C[C@@H](O)[C@H](O)[C@H]1CO,16000.0
CHEMBL2159633,O=S(=O)([O-])O[C@@H]([C@@H](O)[C@H](O)[C@H](O)CO)[C@H](O)C[S@+]1C[C@@H](O)[C@H](O)[C@H]1CO,16000.0
CHEMBL377520,C=C1CC[C@@H]2[C@](C)(CO)[C@H](O)CC[C@@]2(C)[C@@H]1/C=C/C1=C/C(=C/c2ccc(OC)cc2)OC1=O,16000.0
CHEMBL3397481,O=C(O)CC1Oc2ccccc2-c2ccc3c(c21)C(=O)C(=O)N3Cc1ccccc1,16000.0
CHEMBL396678,C=C1CC[C@@H]2[C@](C)(COC(=O)c3cccnc3)[C@H](OC(=O)c3cccnc3)CC[C@@]2(C)[C@@H]1/C=C/C1=C/C(=C\c2ccccc2)OC1=O,16000.0
CHEMBL1765289,O=S(=O)([O-])O[C@H]([C@@H](O)[C@@H](O)[C@H](O)CO)[C@H](O)C[S+]1C[C@@H](O)[C@H](O)[C@H]1CO,16000.0
CHEMBL4213017,COc1cc(-c2ccc(OCCBr)cc2)c(OC)c(O)c1-c1ccc(O)cc1,16100.0
CHEMBL4208135,CC(C)=CCCC(C)(O)C1Cc2c(c(CC=C(C)C)c(O)c3c(=O)c4cc(O)ccc4oc23)O1,16100.0
CHEMBL4280619,COc1cc(/C=C2\SC(=S)NC2=O)ccc1OCN1C(=O)c2ccccc2C1=O,16110.0
CHEMBL3407633,COc1cc(/C=N/NC(=O)c2ccc(-c3nc4ccccc4s3)cc2)cc(OC)c1,16170.0
CHEMBL3594157,CC(C)=CCC/C(C)=C/CC/C(=C/Cc1cc(O)ccc1O)C(=O)OC[C@@](C)(O)[C@@H](O)CC[C@@H](C)[C@H]1CC[C@@]2(C)C3=C(CC[C@]12C)[C@@]1(C)CCC(=O)C(C)(C)[C@@H]1CC3=O,16200.0
CHEMBL5418660,Cc1ccccc1Cn1cc(COc2ccc(C(c3c(O)c4ccccc4oc3=O)C3C(=O)Cc4ccccc4C3O)cc2)nn1,16400.0
CHEMBL5398667,Nc1c(-c2ccccc2)nc2nc3cc(Cl)c(Cl)cc3n2c1-c1ccccc1,16400.0
CHEMBL3264730,O=c1oc2ccc(Cl)cc2c(O)c1C(c1ccc(Cl)cc1Cl)c1c(O)c2cc(Cl)ccc2oc1=O,16540.0
CHEMBL5278958,O=C(Cn1cc(COc2ccc(C3Nc4ccccc4C(=O)N3Nc3ccccc3)cc2)nn1)Nc1ccccc1,16600.0
CHEMBL3593566,C/C=C/C1=CC2=CC(=O)[C@@](C)(O)[C@@H](OC(=O)c3c(C)cc(O)cc3O)C2=CO1,16600.0
CHEMBL4070225,CCOc1ccc(NC(=O)Cn2cc(CSc3nnc(-c4ccccc4)c(-c4ccccc4)n3)nn2)cc1,16940.0
CHEMBL2115197,CC[C@H]1NC[C@H](O)[C@@H]1O,17000.0
CHEMBL422734,CCCCCCCCNC1C=C(CO)C(O)C(O)C1O,17000.0
CHEMBL4080877,COc1ccc(NC(=O)Cn2cc(CSc3nnc(-c4ccccc4)c(-c4ccccc4)n3)nn2)cc1,17020.0
CHEMBL387689,CC(C)=CCC[C@@H](C(=O)O)[C@H]1CC[C@@]2(C)C3=C(CC[C@]12C)[C@@]1(C)CC[C@H](O)C(C)(C)[C@@H]1CC3,17090.0
CHEMBL5414055,Cl.OC[C@H]1N[C@H](CCCCCCCc2cccc(F)c2)[C@@H](O)[C@@H]1O,17200.0
CHEMBL2259859,COc1ccc(/C=C/C(=O)c2ccc3occc3c2O)c(OC)c1OC,17320.0
CHEMBL1782241,CC(C)=CCC/C(C)=C/Cc1c(O)c(CC=C(C)C)c(O)c2c(=O)c3cc(O)ccc3oc12,17400.0
CHEMBL4209575,COc1cc(-c2ccc(O)cc2)c(OC)c(O)c1-c1ccc(OCC=C(C)C)cc1,17500.0
CHEMBL5274343,O=c1ccc2c(-c3c(O)c(O)cc4ccc(=O)oc34)c(O)c(O)cc2o1,17600.0
CHEMBL4560628,O=C(Cn1cc(COc2cc(O)c3c(=O)c4ccc(O)cc4oc3c2)nn1)Nc1ccc(O)cc1O,17610.0
CHEMBL5287329,COc1ccc2oc3cc(O)cc(O)c3c(=O)c2c1OC,18000.0
CHEMBL503021,C[C@H]1N[C@H](CO)[C@@H](O)[C@H](O)[C@H]1O,18000.0
CHEMBL4208107,COc1cc(-c2ccc(O)cc2)c(OC)c(O)c1-c1ccc(OCCBr)cc1,18000.0
CHEMBL5271112,C=C(C)/C=C/c1c(OC)c(OC)cc2oc3cc(O)c(CC=C(C)C)c(O)c3c(=O)c12,18200.0
CHEMBL4060476,Cc1ccc(NC(=O)Cn2cc(CSc3nnc(-c4ccccc4)c(-c4ccccc4)n3)nn2)cc1,18220.0
CHEMBL5282116,CC(C)(C)c1cc(/C=N/Nc2nc(-c3ccc(Cl)cc3)cs2)cc(C(C)(C)C)c1O,18230.0
CHEMBL3103095,c1ccc2c(c1)/C(=N/N=C1\c3ccccc3-c3nc4ccccc4nc31)c1nc3ccccc3nc1-2,18230.0
CHEMBL2207956,COc1ccc2c(c1)SC1=NC(c3ccc(C)cc3)=C/C(=C\C#N)N12,18290.0
CHEMBL1361268,O=C(Nc1nccs1)c1ccc(-c2ccccc2Cl)o1,18330.0
CHEMBL3407636,COc1ccc(/C=N/NC(=O)c2ccc(-c3nc4ccccc4s3)cc2)cc1,18330.0
CHEMBL5269617,C=CCc1cc(-c2cc(CC=C)c(O)c(C(c3ccc(Cl)cc3)N3CCOCC3)c2)c(O)c(C(c2ccc(Cl)cc2)N2CCOCC2)c1,18580.0
CHEMBL2207958,CCOc1ccc2c(c1)SC1=NC(c3ccccc3)=C/C(=C\C#N)N12,18700.0
CHEMBL4217433,COc1cc(-c2ccc(O)cc2)c(OC)c(OCCBr)c1-c1ccc(O)cc1,18800.0
CHEMBL2180813,COc1ccc(N2CCN(S(=O)(=O)c3ccc4c(c3)CC(=O)N4)CC2)cc1,18820.0
CHEMBL3786410,O=C(Nc1c(Cl)cccc1C(F)(F)F)O/N=C1\N[C@H](CO)[C@@H](O)[C@H](O)[C@H]1O,18850.0
CHEMBL2259855,O=C(/C=C/c1ccc(O)c(O)c1)c1cc2ccoc2cc1O,18900.0
CHEMBL5202537,C=CCc1cc(-c2cc(CC=C)c3oc(SCc4nnc(-c5cccc(C)c5)o4)nc3c2)c2oc(SCc3nnc(-c4cccc(C)c4)o3)nc2c1,18900.0
CHEMBL4539474,Cc1ccc(-c2cc(-c3ccc(Br)cc3)nc(SCc3ccc(Cl)cc3)n2)cc1,19000.0
CHEMBL4527538,Cc1ccc(-c2cc(-c3ccc(Br)cc3)nc(SCc3ccccc3Br)n2)cc1,19000.0
CHEMBL4545982,Fc1cccc(CSc2nc(-c3ccc(Br)cc3)cc(-c3cccc(Br)c3)n2)c1,19000.0
CHEMBL4458760,Cc1ccc(-c2cc(-c3cccc(Br)c3)nc(SCc3ccc(F)cc3)n2)cc1,19000.0
CHEMBL4575673,Clc1ccccc1CSc1nc(-c2ccc(Br)cc2)cc(-c2cccc(Br)c2)n1,19000.0
CHEMBL4454092,Fc1ccc(CSc2nc(-c3ccc(Br)cc3)cc(-c3ccc(Br)cc3)n2)cc1,19000.0
CHEMBL4460212,Clc1ccc(CSc2nc(-c3ccc(Br)cc3)cc(-c3ccc(Br)cc3)n2)cc1,19000.0
CHEMBL3186053,COC(=O)CC(C)=O,19000.0
CHEMBL4572048,Clc1ccccc1CSc1nc(-c2ccc(Br)cc2)cc(-c2ccc(Br)cc2)n1,19000.0
CHEMBL4437052,Fc1cccc(CSc2nc(-c3ccc(Br)cc3)cc(-c3ccc(Br)cc3)n2)c1,19000.0
CHEMBL4465909,Fc1ccccc1CSc1nc(-c2ccc(Br)cc2)cc(-c2ccc(Br)cc2)n1,19000.0
CHEMBL4449386,Cc1ccc(-c2cc(-c3cccc(Br)c3)nc(SCc3ccccc3Cl)n2)cc1,19000.0
CHEMBL5185978,CCCCCCC[C@H]1N[C@H](CO)[C@@H](O)[C@@H]1O,19000.0
CHEMBL4568608,Cc1ccc(-c2cc(-c3cccc(Br)c3)nc(SCc3cccc(F)c3)n2)cc1,19000.0
CHEMBL4207664,COc1cc(-c2ccc(O)cc2)c(OC)c(OCc2ccccc2)c1-c1ccc(O)cc1,19100.0
CHEMBL4089685,O=C(Cn1cc(CSc2nnc(-c3ccccc3)c(-c3ccccc3)n2)nn1)Nc1ccc(Cl)cc1Cl,19130.0
CHEMBL4218824,CCCOc1c(OC)c(-c2ccc(O)cc2)cc(OC)c1-c1ccc(O)cc1,19300.0
CHEMBL4212356,O=C(/C=C(O)/C=C/c1cc(O)ccc1O)c1cc(O)ccc1O,19600.0
CHEMBL3950811,CCOc1ccc(NC(=O)Cn2cc(Cn3c(-c4cccc(Br)c4)nc(-c4ccccc4)c3-c3ccccc3)nn2)cc1,19620.0
CHEMBL2207954,COc1ccc2c(c1)SC1=NC(c3ccc(Cl)cc3)=C/C(=C\C#N)N12,19700.0
CHEMBL5284993,O=C(Nc1nccs1)c1ccc(-c2ccccc2F)o1,19763.0
CHEMBL4475632,Cn1cc(-c2nnc(-c3ccc(C(c4c[nH]c5ccc(C#N)cc45)c4c[nH]c5ccc(C#N)cc45)cc3)o2)c2ccccc21,20000.0
CHEMBL4554161,Cn1cc(-c2nnc(-c3ccc(C(c4c[nH]c5ccccc45)c4c[nH]c5ccccc45)cc3)o2)c2ccccc21,20000.0
CHEMBL4468782,c1ccc2c(-c3nnc(-c4ccc(C(c5c[nH]c6ccccc56)c5c[nH]c6ccccc56)cc4)o3)c[nH]c2c1,20000.0
CHEMBL4472054,Cn1cc(-c2nnc(-c3ccc(C(c4c[nH]c5ccc(Cl)cc45)c4c[nH]c5ccc(Cl)cc45)cc3)o2)c2ccccc21,20000.0
CHEMBL4475117,Cc1[nH]c2ccccc2c1-c1nnc(-c2ccc(C(c3c[nH]c4ccc(Cl)cc34)c3c[nH]c4ccc(Cl)cc34)cc2)o1,20000.0
CHEMBL4447911,Clc1ccc2[nH]cc(C(c3ccc(-c4nnc(-c5c[nH]c6ccccc56)o4)cc3)c3c[nH]c4ccc(Cl)cc34)c2c1,20000.0
CHEMBL4468287,Cn1cc(-c2nnc(-c3ccc(C(c4c[nH]c5ccc(Br)cc45)c4c[nH]c5ccc(Br)cc45)cc3)o2)c2ccccc21,20000.0
CHEMBL4451317,N#Cc1ccc2[nH]cc(C(c3ccc(-c4nnc(-c5c[nH]c6ccccc56)o4)cc3)c3c[nH]c4ccc(C#N)cc34)c2c1,20000.0
CHEMBL4587284,Cc1[nH]c2ccccc2c1-c1nnc(-c2ccc(C(c3c(C)n(C)c4ccccc34)c3c(C)n(C)c4ccccc34)cc2)o1,20000.0
CHEMBL4541097,Cc1c(C(c2ccc(-c3nnc(-c4c[nH]c5ccccc45)o3)cc2)c2c(C)n(C)c3ccccc23)c2ccccc2n1C,20000.0
CHEMBL4483090,c1ccc(-c2[nH]c3ccccc3c2C(c2ccc(-c3nnc(-c4c[nH]c5ccccc45)o3)cc2)c2c(-c3ccccc3)[nH]c3ccccc23)cc1,20000.0
CHEMBL4574530,Cn1cc(C(c2ccc(-c3nnc(-c4c[nH]c5ccccc45)o3)cc2)c2cn(C)c3ccccc23)c2ccccc21,20000.0
CHEMBL4578211,Cn1cc(-c2nnc(-c3ccc(C(c4cn(C)c5ccccc45)c4cn(C)c5ccccc45)cc3)o2)c2ccccc21,20000.0
CHEMBL4440810,Cc1[nH]c2ccccc2c1-c1nnc(-c2ccc(C(c3cn(C)c4ccccc34)c3cn(C)c4ccccc34)cc2)o1,20000.0
CHEMBL4569769,Cc1[nH]c2ccccc2c1-c1nnc(-c2ccc(C(c3c[nH]c4ccc(C#N)cc34)c3c[nH]c4ccc(C#N)cc34)cc2)o1,20000.0
CHEMBL2159635,O=S(=O)([O-])O[C@H]([C@@H](O)[C@H](O)[C@@H](O)CO)[C@H](O)C[S@+]1C[C@@H](O)[C@H](O)[C@H]1CO,20000.0
CHEMBL4544255,Cn1cc(-c2nnc(-c3ccc(C(c4c(-c5ccccc5)[nH]c5ccccc45)c4c(-c5ccccc5)[nH]c5ccccc45)cc3)o2)c2ccccc21,20000.0
CHEMBL4555132,Cc1[nH]c2ccccc2c1-c1nnc(-c2ccc(C(c3c(-c4ccccc4)[nH]c4ccccc34)c3c(-c4ccccc4)[nH]c4ccccc34)cc2)o1,20000.0
CHEMBL4458326,Brc1ccc(Cn2cc(CSc3nc4ccccc4s3)nn2)cc1,20000.0
CHEMBL4454670,Cc1[nH]c2ccccc2c1-c1nnc(-c2ccc(C(c3c[nH]c4ccc(Br)cc34)c3c[nH]c4ccc(Br)cc34)cc2)o1,20000.0
CHEMBL4551296,Clc1ccc(Cn2cc(CSc3nc4ccccc4s3)nn2)cc1,20000.0
CHEMBL4475743,Clc1cc(Cl)cc(Cn2cc(CSc3nc4ccccc4s3)nn2)c1,20000.0
CHEMBL4459976,Cc1ccc(C(c2c(N)c3ccccc3oc2=O)c2c(N)c3ccccc3oc2=O)cc1,20000.0
CHEMBL4208620,O=C(/C=C(O)/C=C/c1cc(O)ccc1O)c1ccc(O)cc1O,20000.0
CHEMBL4470944,Nc1c(C(c2ccccc2Cl)c2c(N)c3ccccc3oc2=O)c(=O)oc2ccccc12,20000.0
CHEMBL4465720,Nc1c(C(c2cccc(F)c2)c2c(N)c3ccccc3oc2=O)c(=O)oc2ccccc12,20000.0
CHEMBL4569072,Nc1c(C(c2cccc(Br)c2)c2c(N)c3ccccc3oc2=O)c(=O)oc2ccccc12,20000.0
CHEMBL4458754,Nc1c(C(c2cccc(Cl)c2)c2c(N)c3ccccc3oc2=O)c(=O)oc2ccccc12,20000.0
CHEMBL4521652,Cc1cccc(C(c2c(N)c3ccccc3oc2=O)c2c(N)c3ccccc3oc2=O)c1,20000.0
CHEMBL4472698,COc1cccc(C(c2c(N)c3ccccc3oc2=O)c2c(N)c3ccccc3oc2=O)c1,20000.0
CHEMBL4468008,Nc1c(C(c2ccc(O)cc2)c2c(N)c3ccccc3oc2=O)c(=O)oc2ccccc12,20000.0
CHEMBL4526264,Clc1ccc2sc(SCc3cn(Cc4ccccc4Cl)nn3)nc2c1,20000.0
CHEMBL4473217,Clc1ccc2sc(SCc3cn(Cc4ccccc4Br)nn3)nc2c1,20000.0
CHEMBL4551747,CC(C)(C)c1ccc(Cn2cc(CSc3nc4cc(Cl)ccc4s3)nn2)cc1,20000.0
CHEMBL4556172,Nc1c(C(c2ccc([N+](=O)[O-])cc2)c2c(N)c3ccccc3oc2=O)c(=O)oc2ccccc12,20000.0
CHEMBL4443928,Clc1ccc2sc(SCc3cn(Cc4ccc(Br)cc4)nn3)nc2c1,20000.0
CHEMBL4440340,Clc1ccc(Cn2cc(CSc3nc4cc(Cl)ccc4s3)nn2)cc1,20000.0
CHEMBL4584797,Cc1c(C(c2ccc(-c3nnc(-c4cn(C)c5ccccc45)o3)cc2)c2c(C)n(C)c3ccccc23)c2ccccc2n1C,20000.0
CHEMBL4590046,Cc1[nH]c2ccccc2c1-c1nnc(-c2ccc(C(c3c[nH]c4ccccc34)c3c[nH]c4ccccc34)cc2)o1,20000.0
CHEMBL4462234,Fc1ccccc1Cn1cc(CSc2nc3cc(Cl)ccc3s2)nn1,20000.0
CHEMBL4547082,CC(C)(C)c1ccc(Cn2cc(CSc3nc4ccccc4s3)nn2)cc1,20000.0
CHEMBL4463405,Fc1cccc(Cn2cc(CSc3nc4ccccc4s3)nn2)c1,20000.0
CHEMBL4457153,Brc1ccccc1Cn1cc(CSc2nc3ccccc3s2)nn1,20000.0
CHEMBL4483439,Clc1ccc2sc(SCc3cn(Cc4ccccc4)nn3)nc2c1,20000.0
CHEMBL4457442,Clc1cc(Cl)cc(Cn2cc(CSc3nc4cc(Cl)ccc4s3)nn2)c1,20000.0
CHEMBL4586570,Fc1ccc(Cn2cc(CSc3nc4cc(Cl)ccc4s3)nn2)cc1,20000.0
CHEMBL4580550,Fc1cccc(Cn2cc(CSc3nc4cc(Cl)ccc4s3)nn2)c1,20000.0
CHEMBL4521721,COc1cc(C(c2c(N)c3ccccc3oc2=O)c2c(N)c3ccccc3oc2=O)cc(Cl)c1O,20000.0
CHEMBL4462160,COc1cc(C(c2c(N)c3ccccc3oc2=O)c2c(N)c3ccccc3oc2=O)cc(Br)c1O,20000.0
CHEMBL4570923,Nc1c(C(c2ccccc2F)c2c(N)c3ccccc3oc2=O)c(=O)oc2ccccc12,20000.0
CHEMBL4531264,Nc1c(C(c2ccccc2)c2c(N)c3ccccc3oc2=O)c(=O)oc2ccccc12,20000.0
CHEMBL4204714,COc1cc(-c2ccc(OCC=C(C)C)cc2)c(OC)c(O)c1-c1ccc(O)cc1,20100.0
CHEMBL4215507,C#CCOc1ccc(-c2cc(OC)c(-c3ccc(O)cc3)c(OCC#C)c2OC)cc1,20100.0
CHEMBL4071884,Cc1cccc(NC(=O)Cn2cc(CSc3nnc(-c4ccccc4)c(-c4ccccc4)n3)nn2)c1,20170.0
CHEMBL4208759,O=C1/C(=C/c2ccccc2)CCC/C1=C\c1ccc(O)c(O)c1,20300.0
CHEMBL2207955,Cc1ccc(C2=C/C(=C\C#N)N3C(=N2)Sc2ccccc23)cc1,20300.0
CHEMBL3928380,COc1cc(-c2nc(-c3ccccc3)c(-c3ccccc3)n2Cc2cn(CC(=O)Nc3cccc(C)c3)nn2)cc(OC)c1OC,20330.0
CHEMBL4209191,CC(C)=CCC/C(C)=C/COc1ccc2oc3cc(O)cc(O)c3c(=O)c2c1,20600.0
CHEMBL5394927,CC(C)(C)c1ccc(Cn2cc(CCS3=Nc4cc(Cl)ccc4C3)nn2)cc1,20700.0
CHEMBL1312057,O=C(Nc1nccs1)c1ccc(-c2ccc(F)cc2)o1,20717.0
CHEMBL2418237,COc1ccc(/C=C/C(=O)O[C@@H]2C[C@@H](O)[C@H](O)[C@@H](O)[C@H]2O)cc1O,20810.0
CHEMBL4291262,O=C1NC(=O)/C(=C/c2ccc(OCN3C(=O)c4ccccc4C3=O)c(Cl)c2)S1,20950.0
CHEMBL2159636,O=S(=O)([O-])O[C@H]([C@@H](O)[C@@H](O)[C@@H](O)CO)[C@H](O)C[S@+]1C[C@@H](O)[C@H](O)[C@H]1CO,21000.0
CHEMBL1224411,C=C(C)C1Cc2c(cc3oc4cc(O)c(OC)c(CC=C(C)C)c4c(=O)c3c2O)O1,21000.0
CHEMBL4061562,O=C(Cn1cc(CSc2nnc(-c3ccccc3)c(-c3ccccc3)n2)nn1)Nc1ccc(F)cc1,21000.0
CHEMBL2313592,CS/C(=C/C(=O)c1ccc(C)cc1)Nc1nc2ccccc2s1,21050.0
CHEMBL2418236,COc1cc(/C=C/C(=O)O[C@H]2C[C@@H](O)[C@H](O)[C@@H](O)[C@H]2O)ccc1O,21070.0
CHEMBL2207951,COc1ccc2c(c1)SC1=NC(c3ccc(F)cc3)=C/C(=C\C#N)N12,21120.0
CHEMBL2207952,N#C/C=C1\C=C(c2ccc3ccccc3c2)N=C2Sc3ccccc3N21,21190.0
CHEMBL5279710,CC1Oc2cc(O)c3c(=O)c4c(O)ccc(O)c4oc3c2C1(C)C,21200.0
CHEMBL5275750,C=C(C)/C=C/c1c(O)c(CC=C(C)C)c2oc3c(O)cccc3c(=O)c2c1O,21500.0
CHEMBL5437233,O=C1CCCC=C1CCCCCCC[C@H]1N[C@H](CO)[C@@H](O)[C@@H]1O,21600.0
CHEMBL4528769,Oc1ccc(Br)cc1-c1nc2cc(Cl)ccc2s1,22000.0
CHEMBL175901,OC[C@@H]1NC[C@H](O)[C@@H](O)[C@@H]1O,22000.0
CHEMBL2207949,N#C/C=C1\C=C(c2ccc(Cl)cc2)N=C2Sc3ccccc3N21,22010.0
CHEMBL3786789,O=C(Nc1ccc(Oc2ccccc2)cc1)O/N=C1\N[C@H](CO)[C@@H](O)[C@H](O)[C@H]1O,22020.0
CHEMBL4277622,O=C1NC(=O)/C(=C/c2ccc(OCN3C(=O)c4ccccc4C3=O)c([N+](=O)[O-])c2)S1,22480.0
CHEMBL261706,COc1cc2oc3cc(O)c(OC)c(CC=C(C)C)c3c(=O)c2c(O)c1CC=C(C)C,22600.0
CHEMBL3103158,O=C(N/N=C1/c2ccccc2-c2nc3ccccc3nc21)c1ccc(Br)cc1,22670.0
CHEMBL4207509,O=C1C=C(c2ccc(O)cc2)C(=O)C(O)=C1c1ccc(O)cc1,22700.0
CHEMBL2236404,O=[N+]([O-])c1ccc(/N=C/c2ccccc2O)cc1,22720.0
CHEMBL4215785,Cc1cc(O)cc(O)c1C(=O)O[C@H]1[C@@H]2COC(/C=C/C=O)=CC2=CC(=O)[C@@]1(C)O,22900.0
CHEMBL5207115,O=c1[nH]c2ccccc2n2c(-c3ccc([N+](=O)[O-])cc3[N+](=O)[O-])ccc12,22990.0
CHEMBL4458477,CSCC[C@H](NC(=O)[C@H](CC(C)C)NC(=O)[C@H](CO)NC(=O)[C@@H]1CCCN1C(=O)[C@@H](NC(=O)[C@@H](N)CCCNC(=N)N)C(C)C)C(=O)O,23070.0
CHEMBL3103156,O=C(N/N=C1/c2ccccc2-c2nc3ccccc3nc21)c1ccccc1Br,23120.0
CHEMBL4206708,COc1cc(-c2ccc(O)cc2)c(OC)c(OCC=C(C)C)c1-c1ccc(O)cc1,23400.0
CHEMBL5280017,C=CCc1cc(-c2ccc(O)c(CC=C)c2)c(O)c(C(c2cc(Cl)cc(Cl)c2)N2CCCCC2)c1,23510.0
CHEMBL2207948,N#C/C=C1\C=C(c2ccccc2)N=C2Sc3ccccc3N21,23540.0
CHEMBL3103091,O=C(N/N=C1/c2ccccc2-c2nc3ccccc3nc21)c1ccccc1[N+](=O)[O-],23540.0
CHEMBL314403,OCC1(O)C(O)C(O)C2(CO)OCC(Nc3ccccc3)=NC12,23900.0
CHEMBL5279483,O=C(Nc1nccs1)c1ccc(-c2ccc(Br)cc2)o1,24125.0
CHEMBL5416538,O=c1cc(-c2ccc(OCc3cn(Cc4cc(Cl)ccc4Cl)nn3)cc2)oc2ccccc12,24370.0
CHEMBL5186121,C=CCc1cc(-c2cc(CC=C)c3oc(SCc4nnc(-c5cccc(OC)c5)o4)nc3c2)c2oc(SCc3nnc(-c4cccc(OC)c4)o3)nc2c1,24500.0
CHEMBL590279,CO[C@@H]1O[C@H](Cn2cc(COC3CCCCO3)nn2)[C@H]2OC(C)(C)O[C@@H]12,24700.0
CHEMBL5439027,O=c1cc(-c2ccc(OCc3cn(Cc4ccc(Cl)cc4)nn3)cc2)oc2ccccc12,24770.0
CHEMBL2207957,COc1ccc2c(c1)SC1=NC(c3ccccc3)=C/C(=C\C#N)N12,24950.0
CHEMBL4876858,C[C@@]1(CO)NC[C@H](O)[C@@H](O)[C@@H]1O.Cl,25000.0
CHEMBL1765343,O=S(=O)([O-])O[C@H]([C@@H](O)[C@@H](O)[C@@H](O)CO)[C@H](O)C[S+]1C[C@@H](O)[C@H](O)[C@H]1CO,25000.0
CHEMBL437564,C=C1CC[C@@H]2[C@](C)(COC(=O)c3cccnc3)[C@H](OC(=O)c3cccnc3)CC[C@@]2(C)[C@@H]1/C=C/C1=C/C(=C\c2ccc(N(C)C)cc2)OC1=O,25000.0
CHEMBL5084733,C=C1C(=O)O[C@@H]2/C=C(\C)[C@@H](O)C/C=C(\C)C[C@@H](OC(=O)/C(=C\C)COC(C)=O)[C@@H]12,25000.0
CHEMBL5077500,C=C1C(=O)O[C@@H]2/C=C(\C)CC/C=C(\CO)C[C@@H](OC(=O)/C(C)=C/C)[C@@H]12,25000.0
CHEMBL5088957,C=C1C(=O)O[C@@H]2/C=C(\C)CC/C=C(\C)C[C@@H](OC(=O)/C(=C/C)COC(C)=O)[C@@H]12,25000.0
CHEMBL5178321,C=CCc1cc(-c2cc(CC=C)c3oc(SCc4nnc(-c5ccccc5C)o4)nc3c2)c2oc(SCc3nnc(-c4ccccc4C)o3)nc2c1,25000.0
CHEMBL5075131,C=C1C(=O)O[C@@H]2/C=C(\C)C[C@H](O)/C=C(\C)C[C@@H](OC(=O)/C(=C\C)COC(C)=O)[C@@H]12,25000.0
CHEMBL2207950,N#C/C=C1\C=C(c2ccc(F)cc2)N=C2Sc3ccccc3N21,25030.0
CHEMBL5277400,CCc1ccc(NC(=O)Cn2cc(COc3ccc(-c4nc5ccccc5[nH]4)cc3)nn2)cc1,25200.0
CHEMBL5282285,COc1cccc(NC(=S)Nc2ccc(C(c3c(O)c4ccccc4oc3=O)c3c(O)c4ccccc4oc3=O)cc2)c1,25310.0
CHEMBL4580552,CC(C)=CCC/C(C)=C/CCC(C)(O)CCc1c(O)c(O)cc2oc3cc(O)cc(O)c3c(=O)c12,25400.0
CHEMBL1782240,CC(C)=CCc1c(O)c(CC=C(C)C)c2oc3ccc(O)cc3c(=O)c2c1O,25500.0
CHEMBL4284072,O=C1NC(=O)/C(=C/c2ccc(OCN3C(=O)c4ccccc4C3=O)cc2)S1,25600.0
CHEMBL4097932,Cc1ccc(NC(=O)Cn2cc(CSc3nnc(-c4ccccc4)c(-c4ccccc4)n3)nn2)c(C)c1,25690.0
CHEMBL1795464,COc1cc(-c2ccc(O)cc2)c(OC)c(O)c1-c1ccc(O)c(CC=C(C)C)c1,25700.0
CHEMBL3577522,CCN(CCCCOc1ccc(-c2cc(=O)c3c(O)c(OC)c(OC)cc3o2)cc1)Cc1ccccc1OC,25780.0
CHEMBL5209522,C=CCc1cc(-c2cc(CC=C)c3oc(SCc4nnc(-c5ccccc5Br)o4)nc3c2)c2oc(SCc3nnc(-c4ccccc4Br)o3)nc2c1,25800.0
CHEMBL3103159,O=C(N/N=C1/c2ccccc2-c2nc3ccccc3nc21)c1ccccc1Cl,25910.0
CHEMBL4476560,COc1ccc(NC(=O)Cn2cc(COc3cc(OC(C)=O)c4c(=O)c5ccc(Br)cc5oc4c3)nn2)cc1OC,26110.0
CHEMBL5270813,C=Cc1cc2oc3cc(O)cc(O)c3c(=O)c2c(OC)c1O,26300.0
CHEMBL3407630,O=C(N/N=C/c1ccc([N+](=O)[O-])cc1)c1ccc(-c2nc3ccccc3s2)cc1,26380.0
CHEMBL5266858,Cc1ccc(-c2ccc(C(=O)Nc3nccs3)o2)cc1,26495.0
CHEMBL4217851,C=CCOc1ccc(-c2cc(OC)c(-c3ccc(O)cc3)c(O)c2OC)cc1,26500.0
CHEMBL1508503,O=C(Nc1nccs1)c1ccc(-c2ccccc2[N+](=O)[O-])o1,26943.0
CHEMBL5440693,COc1cc(-c2[nH]c3ccccc3c2/C=N/NC(=S)Nc2ccccc2)cc(OC)c1OC,27000.0
CHEMBL3264731,O=c1oc2ccc(Cl)cc2c(O)c1C(c1cccc([N+](=O)[O-])c1)c1c(O)c2cc(Cl)ccc2oc1=O,27070.0
CHEMBL5277933,COc1cc(/C=C/C(=O)C2=C(/C=C/c3ccc(O)c(OC)c3)Oc3[nH]c(=O)[nH]c(=O)c3C2c2c(Cl)cccc2Cl)ccc1O,27600.0
CHEMBL4082380,O=C(Cn1cc(CSc2nnc(-c3ccccc3)c(-c3ccccc3)n2)nn1)Nc1ccccc1,27710.0
CHEMBL396677,C=C1CC[C@@H]2[C@](C)(COC(=O)c3cccnc3)[C@H](OC(=O)c3cccnc3)CC[C@@]2(C)[C@@H]1/C=C/C1=C/C(=C\C(C)=C\CCC/C=C/C)OC1=O,28000.0
CHEMBL490011,C=C1C(=O)O[C@@H]2/C=C(\C)CC/C=C(\C)C[C@@H](OC(=O)/C(=C/CO)CO)[C@@H]12,28000.0
CHEMBL5079023,C=C1C(=O)O[C@@H]2/C=C(\C)CC/C=C(\CC(=O)O)C[C@@H](OC(=O)/C(C)=C/C)[C@@H]12,28000.0
CHEMBL5276823,COc1c(O)cc2oc3cc(O)c(C/C=C(\C)CO)c(O)c3c(=O)c2c1C/C=C(/C)CC=C(C)C,28000.0
CHEMBL521162,C=C1C(=O)O[C@@H]2/C=C(\C)C[C@H](O)/C=C(\C)C[C@@H](OC(=O)/C(=C\C)CO)[C@@H]12,28000.0
CHEMBL3593565,Cc1cc(O)cc(O)c1C(=O)O[C@H]1[C@@H]2COC(/C=C/C(=O)O)=CC2=CC(=O)[C@]1(C)O,28000.0
CHEMBL3407635,O=C(N/N=C/c1ccc(F)c(Br)c1)c1ccc(-c2nc3ccccc3s2)cc1,28020.0
CHEMBL2203334,N#C/C=C1\C=C(c2ccc(Br)cc2)N=C2Sc3ccccc3N21,28160.0
CHEMBL4214309,CC(C)=CCC/C(C)=C/COc1cc2oc3ccc(O)cc3c(=O)c2c(O)c1CC=C(C)C,28400.0
CHEMBL4212935,O=C1/C(=C/c2ccccc2)CCC/C1=C\c1cccc(O)c1,28400.0
CHEMBL5289765,CC(C)=CCC[C@H](CO)[C@@H]1CC[C@@H](CO)c2c(O)cc(C)cc21,28400.0
CHEMBL4451474,COc1c(O)cc2oc3cc(O)c(C/C=C(\C)CO)c(O)c3c(=O)c2c1C/C=C(\C)CCC=C(C)C,28700.0
CHEMBL2347149,Cc1ccc(S(=O)(=O)Nc2ccc3c(c2)C(=O)N(CCNc2ccc(O)c(O)c2)C3=O)cc1,28820.0
CHEMBL5094636,C=C1C(=O)O[C@@H]2/C=C(\C)CC/C=C(\C)C[C@@H](OC(=O)/C(=C\COC(C)=O)CO)[C@@H]12,29000.0
CHEMBL3397480,CN1C(=O)C(=O)c2c1ccc1c2C(CC(=O)O)Oc2ccccc2-1,29000.0
CHEMBL5070918,C=C1C(=O)O[C@@H]2/C=C(\C)CC/C=C(\C)C[C@@H](OC(=O)/C(=C\C)CO)[C@@H]12,29000.0
CHEMBL5083965,C=C1C(=O)O[C@@H]2/C=C(\C)CC/C=C(\C)C[C@@H](OC(=O)/C(=C/C)CO)[C@@H]12,29000.0
CHEMBL3972604,COc1cc(-c2nc(-c3ccccc3)c(-c3ccccc3)n2Cc2cn(CC(=O)Nc3ccc(Cl)cc3)nn2)cc(OC)c1OC,29210.0
CHEMBL4287854,CCOc1cc(/C=C2\SC(=O)NC2=O)ccc1OCN1C(=O)c2ccccc2C1=O,29260.0
CHEMBL5285019,CC(C)=CCc1cc2c(=O)c3c(O)c4c(cc3oc2c(O)c1O)OC(C)(C)C=C4,29360.0
CHEMBL3103092,O=C(N/N=C1/c2ccccc2-c2nc3ccccc3nc21)c1ccc([N+](=O)[O-])cc1,29470.0
CHEMBL4456031,COc1ccc(NC(=O)Cn2cc(COc3cc(O)c4c(=O)c5cc(Br)ccc5oc4c3)nn2)cc1OC,29840.0
CHEMBL5281336,C=C(C)/C=C/c1c(O)cc2oc3cc(O)c(OC)c(CCC(C)(C)O)c3c(=O)c2c1O,29900.0
CHEMBL5409042,Cc1cc2nc(NC(=O)CN3C(=O)S/C(=C\c4ccc(Cl)cc4)C3=O)sc2cc1C,29910.0
CHEMBL5431278,CC(C)(C)c1ccc(CCCCCCC[C@H]2N[C@H](CO)[C@@H](O)[C@@H]2O)cc1.Cl,30000.0
CHEMBL5427599,CCCCCCCN1C[C@@H](O)[C@H](O)[C@H]1CO,30000.0
CHEMBL5400939,COc1cc(/C=C2/C(=O)N(c3ccc(C)cc3)C(C(=O)NC3CCCCC3)c3ccccc32)ccc1O,30200.0
CHEMBL5286422,COc1ccc(CNC(=O)c2c(NC(=O)c3cccnc3)sc3c2CCCC3)cc1,30200.0
CHEMBL5270854,C=CCc1cc(-c2ccc(O)c(CC=C)c2)c(O)c(C(c2ccc(OC)cc2)N2CCCCC2)c1,30450.0
CHEMBL5273562,C=C(C)/C=C/c1c(OC)c(O)cc2oc3cc4c(c(O)c3c(=O)c12)CC(O)C(C)(C)O4,30500.0
CHEMBL5286328,CC1(C)O[C@@H]2[C@@H](O)[C@H]3NC(=O)O[C@H]3C[C@@H]2O1,30500.0
CHEMBL187044,COc1cc(O)c2c(=O)c3c(O)c(O)ccc3oc2c1,30600.0
CHEMBL4217516,COc1c(O)cc2oc3cc(O)c(CCC(C)(C)O)c(O)c3c(=O)c2c1CC=C(C)C,30700.0
CHEMBL5289742,COc1ccc(-c2ccc(C(=O)Nc3nccs3)o2)cc1,30940.0
CHEMBL5271324,COc1cc(O)c2c(=O)c3c(O)c(O[C@@H]4OC[C@@H](O)[C@H](O)[C@H]4O[C@@H]4O[C@@H](C)[C@H](O)[C@@H](O)[C@H]4O)ccc3oc2c1,31100.0
CHEMBL4211347,COc1c(Cl)c(-c2ccc(O)cc2)c(OC)c(O)c1-c1ccc(O)cc1,31300.0
CHEMBL5393724,COc1ccc2c(c1)/C(=C\c1ccc(O)c(OC)c1)C(=O)N(c1ccc(C(C)C)cc1)C2C(=O)NC(C)(C)C,31500.0
CHEMBL5278005,C=C(C)/C=C/c1c(OC)c(O)cc2oc3cc4c(c(O)c3c(=O)c12)C=C(O)C(C)(C)O4,31700.0
CHEMBL3093478,COc1cc(O)c2c(=O)c3cc(O)ccc3oc2c1,31800.0
CHEMBL5429017,OC[C@H]1O[C@H](OCc2cn(C[C@H]3O[C@@H]4O[C@H]5[C@H](O)[C@@H](O)[C@@H](O[C@H]6[C@H](O)[C@@H](O)[C@@H](O[C@H]7[C@H](O)[C@@H](O)[C@@H](O[C@H]8[C@H](O)[C@@H](O)[C@@H](O[C@H]9[C@H](O)[C@@H](O)[C@@H](O[C@H]%10[C@H](O)[C@@H](O)[C@@H](O[C@H]%11[C@H](O)[C@@H](O)[C@@H](O[C@H]3[C@H](O)[C@H]4O)O[C@@H]%11Cn3cc(CO[C@H]4O[C@H](CO)[C@@H](O)[C@H](O)[C@@H]4O)nn3)O[C@@H]%10Cn3cc(CO[C@H]4O[C@H](CO)[C@@H](O)[C@H](O)[C@@H]4O)nn3)O[C@@H]9Cn3cc(CO[C@H]4O[C@H](CO)[C@@H](O)[C@H](O)[C@@H]4O)nn3)O[C@@H]8Cn3cc(CO[C@H]4O[C@H](CO)[C@@H](O)[C@H](O)[C@@H]4O)nn3)O[C@@H]7Cn3cc(CO[C@H]4O[C@H](CO)[C@@H](O)[C@H](O)[C@@H]4O)nn3)O[C@@H]6Cn3cc(CO[C@H]4O[C@H](CO)[C@@H](O)[C@H](O)[C@@H]4O)nn3)O[C@@H]5Cn3cc(CO[C@H]4O[C@H](CO)[C@@H](O)[C@H](O)[C@@H]4O)nn3)nn2)[C@@H](O)[C@@H](O)[C@@H]1O,32000.0
CHEMBL4558577,O=c1oc2ccccc2cc1OCC(O)CSc1nnc(-c2ccc(F)cc2)c(-c2ccc(F)cc2)n1,32000.0
CHEMBL4446517,O=c1oc2ccccc2cc1OCC(O)CSc1nnc(-c2cccc(Br)c2)c(-c2cccc(Br)c2)n1,32000.0
CHEMBL4528814,O=c1ccc2ccc(OCC(O)CSc3nnc(-c4cccc(F)c4)c(-c4cccc(F)c4)n3)cc2o1,32000.0
CHEMBL4587989,O=c1ccc2ccc(OCC(O)CSc3nnc(-c4ccc(F)cc4)c(-c4ccc(F)cc4)n3)cc2o1,32000.0
CHEMBL4579423,O=c1ccc2ccc(OCC(O)CSc3nnc(-c4ccco4)c(-c4ccco4)n3)cc2o1,32000.0
CHEMBL4469981,O=c1ccc2ccc(OCC(O)CSc3nnc(-c4ccccc4)c(-c4ccccc4)n3)cc2o1,32000.0
CHEMBL4568819,O=c1oc2ccccc2cc1OCC(O)CSc1nnc(-c2ccco2)c(-c2ccco2)n1,32000.0
CHEMBL5421188,Cl.OC[C@H]1N[C@H](CCCCCCCc2ccc(F)cc2)[C@@H](O)[C@@H]1O,32200.0
CHEMBL4206131,C=CCOc1ccc(-c2c(OC)cc(-c3ccc(O)cc3)c(OC)c2O)cc1,32200.0
CHEMBL3397477,COC(=O)CC1Oc2ccccc2-c2ccc3c(c21)C(=O)C(=O)N3Cc1ccc(OC)cc1,32300.0
CHEMBL4561766,COc1ccc(NC(=O)Cn2cc(COc3cc(OC(C)=O)c4c(=O)c5cc(Br)ccc5oc4c3)nn2)cc1OC,32330.0
CHEMBL5437870,OC[C@H]1N[C@H](CCCCCCCc2ccccc2)[C@@H](O)[C@@H]1O,33000.0
CHEMBL5398657,COc1cc(/C=C2/C(=O)N(c3ccc(C(C)C)cc3)C(C(=O)NC3CCCCC3)c3ccccc32)cc(OC)c1O,33100.0
CHEMBL4454919,COc1ccc(NC(=O)Cn2cc(COc3cc(OC(C)=O)c4c(=O)c5ccc(OC)cc5oc4c3)nn2)c(OC)c1,33160.0
CHEMBL3621760,O=C(CCCCCCC[C@H](O)c1ccccc1)c1c(O)cc(O)c(C(CCc2ccccc2)c2ccc(O)cc2O)c1O,33890.0
CHEMBL4288954,O=C1NC(=S)S/C1=C\c1cccc(OCN2C(=O)c3ccccc3C2=O)c1,33980.0
CHEMBL501385,OC[C@@H]1CNC[C@H](O)[C@H]1O,34000.0
CHEMBL5276562,C=C(C)/C=C/c1c(OC)c(O)cc2oc3cc4c(c(O)c3c(=O)c12)C=CC(C)(C)O4,34200.0
CHEMBL267963,COc1cc([C@@H]2OC[C@@H]3[C@H]2CO[C@H]3c2ccc(O)c(OC)c2)ccc1O,34300.0
CHEMBL145,O=C(O)/C=C/c1ccc(O)c(O)c1,34690.0
CHEMBL3397476,COC(=O)CC1Oc2ccccc2-c2cc(C)c3c(c21)C(=O)C(=O)N3C,34800.0
CHEMBL4286187,O=C1NC(=S)S/C1=C\c1cc(Cl)ccc1OCN1C(=O)c2ccccc2C1=O,34820.0
CHEMBL3354620,OC[C@@H]1[C@@H](O)[C@H](O)[C@@H](O)CN1CC(F)(F)CCCOCc1ccc(-c2ccccc2)cc1,35000.0
CHEMBL1099207,CCOC(=O)C1=C(C)NC(C)=C(C(=O)OCC)C1c1cccc([N+](=O)[O-])c1,35000.0
CHEMBL4277201,COc1cc(/C=C2\SC(=O)NC2=O)ccc1OCN1C(=O)c2ccccc2C1=O,35140.0
CHEMBL388525,O=c1c2ccccc2oc2cc(O)cc(O)c12,35200.0
CHEMBL5282120,COc1cc(/C=C/C(=O)C2=C(/C=C/c3ccc(O)c(OC)c3)Oc3[nH]c(=O)[nH]c(=O)c3C2c2c[nH]c3ccccc23)ccc1O,35300.0
CHEMBL5399960,COc1ccc(/C=C/C(=O)C2=C(/C=C/c3ccc(OC)c(O)c3)Oc3[nH]c(=O)[nH]c(=O)c3C2c2c[nH]c3ccccc23)cc1O,35300.0
CHEMBL4210289,COc1cc(-c2ccc(O)cc2)c(OC)c(OC(=O)c2ccco2)c1-c1ccc(O)cc1,35400.0
CHEMBL5269761,COc1cc(CNC(=O)c2c(NC(=O)c3cccnc3)sc3c2CCCCC3)ccc1O,35400.0
CHEMBL496060,CC(C)=CCC/C(C)=C/CC/C(=C/Cc1cc(O)ccc1O)C(=O)O,35500.0
CHEMBL4278947,O=C1NC(=S)S/C1=C\c1cc([N+](=O)[O-])ccc1OCN1C(=O)c2ccccc2C1=O,35790.0
CHEMBL4467071,Cc1cc2nc(-c3ccc(C(=O)NNC(=S)Nc4ccc([N+](=O)[O-])cc4)cc3)[nH]c2cc1C,35830.0
CHEMBL3222211,CCCCN(CCCC)[C@H]1C[C@@H](O)[C@H](O)[C@@H](O)[C@H]1O,36000.0
CHEMBL223096,N[C@@H]1C[C@](O)(CO)[C@@H](O)[C@H](O)[C@H]1O,36000.0
CHEMBL240080,C=C1CC[C@@H]2[C@](C)(COC(=O)c3cccnc3)[C@H](OC(=O)c3cccnc3)CC[C@@]2(C)[C@@H]1/C=C/C1=C/C(=C/c2ccco2)OC1=O,36000.0
CHEMBL2414746,O=C(NC[C@@H]1O[C@H](CO)[C@@H](O)[C@H](O)[C@H]1O)c1ccc([N+](=O)[O-])cc1,36200.0
CHEMBL4215150,O=C(/C=C(O)/C=C/c1cccc(O)c1)c1cc(Cl)ccc1O,36400.0
CHEMBL2181096,COC(=O)c1ccc(N2CCN(S(=O)(=O)c3ccc4c(c3)CC(=O)N4)CC2)cc1,36610.0
CHEMBL458845,COc1c(O)cc2oc3cc(O)c(CC=C(C)C)c(O)c3c(=O)c2c1C/C=C(\C)CCC=C(C)C,37400.0
CHEMBL4098875,Cc1ccccc1NC(=O)Cn1cc(CSc2nnc(-c3ccccc3)c(-c3ccccc3)n2)nn1,37440.0
CHEMBL3103088,O=C(N/N=C1/c2ccccc2-c2nc3ccccc3nc21)c1ccc(I)cc1,37720.0
CHEMBL505898,O=c1c2c(O)cc(O)cc2oc2cc(O)cc(O)c12,39000.0
CHEMBL2409320,OC[C@H](O)[C@@H]1NC[C@@H]1O,39000.0
CHEMBL2414823,OC[C@H]1O[C@@H](CNCc2ccccc2)[C@H](O)[C@@H](O)[C@@H]1O,39200.0
CHEMBL5440853,COc1c(C(C)c2ccc(O)cc2O)cc2oc(-c3ccccc3)cc(=O)c2c1O,39210.0
CHEMBL3397050,COC(=O)CC1Oc2ccccc2-c2cc(C)c3c(c21)C(=O)C(=O)N3Cc1ccccc1,39300.0
CHEMBL4282143,COc1cc(/C=C2\SC(=S)NC2=O)cc(OC)c1OCN1C(=O)c2ccccc2C1=O,39810.0
CHEMBL5401791,Cl.OC[C@H]1N[C@H](CCCCCCCc2ccc(Cl)cc2)[C@@H](O)[C@@H]1O,40000.0
CHEMBL5398090,OC[C@@H]1[C@@H](O)[C@H](O)CN1CCCCc1ccccc1,40000.0
CHEMBL5282953,COC(=O)c1c(O)c(O)cc2oc3c(Cl)c(C)c(Cl)c(O)c3c(=O)c12,40000.0
CHEMBL5201575,O=C(/C=C/c1ccccc1)/C=C1/Nc2ccccc2NC1=O,40090.0
CHEMBL5276460,COc1cc(O)c2c(=O)c3c(OC)ccc(OC)c3oc2c1OC,40100.0
CHEMBL5083981,COc1ccc(-c2oc3cc(OC)cc(OC)c3c(=O)c2OCCCCCN2C[C@H](O)[C@@H](O)[C@H](O)[C@H]2CO)cc1,40560.0
CHEMBL5414315,O=C(N/N=C/c1cn(-c2ccccc2)nc1-c1ccc([N+](=O)[O-])cc1)c1cc2ccccc2o1,40600.0
CHEMBL5406990,COc1cccc2cc(-c3nnc(SCc4cn(CC(=O)NCc5ccc(F)cc5)nn4)o3)oc12,40700.0
CHEMBL4217611,O=C(/C=C(O)/C=C/c1ccc(O)cc1O)c1ccccc1O,40700.0
CHEMBL3601736,O=C(C1=C(O)/C(=C/c2ccc(O)c(O)c2)CCC1)c1ccccc1,41000.0
CHEMBL1892795,CC(=O)c1ccc(N2CCN(S(=O)(=O)c3ccc4c(c3)C(Cl)(Cl)C(=O)N4)CC2)cc1,41050.0
CHEMBL172350,COc1c(O)cc2oc(-c3ccc(O)c(O)c3)cc(=O)c2c1O,41300.0
CHEMBL3601513,CC1(C)[C@@H](O)CC[C@]2(C)C3=C([C@@H](O)C[C@@H]12)[C@]1(C)C(=O)C[C@H]([C@]2(C)CCC(=O)O2)[C@@]1(C)[C@H](O)C3=O,41700.0
CHEMBL5399154,O=C(COc1ccc(C(c2c(O)c3ccccc3oc2=O)c2c(O)c3ccccc3oc2=O)cc1)Nc1ccc(Br)cc1,41730.0
CHEMBL4879345,CCCCCCCCC[C@@]1(CO)NC[C@H](O)[C@@H](O)[C@@H]1O.Cl,42000.0
CHEMBL4072055,O=C1/C(=C/c2ccccc2)CCC/C1=C\c1ccc(O)cc1,42300.0
CHEMBL4529524,COc1ccc(NC(=O)Cn2cc(COc3cc(OC(C)=O)c4c(=O)c5cc(OC)ccc5oc4c3)nn2)c(OC)c1,42600.0
CHEMBL5277603,COc1ccc(NC(=O)Cn2cc(COc3ccc(C4Nc5ccccc5C(=O)N4Nc4ccccc4)cc3)nn2)cc1,42600.0
CHEMBL5281061,O=C1CS/C(=N\N=C\c2ccc(OS(=O)(=O)c3ccccc3[N+](=O)[O-])cc2)N1,42800.0
CHEMBL3397473,COC(=O)CC1c2c(ccc3c2C(=O)C(=O)N3C)-c2ccccc2N1S(=O)(=O)c1ccc(F)cc1,42900.0
CHEMBL517161,COc1cc2c(=O)c3c(O)c(C/C=C(\C)CCC=C(C)C)c(O)cc3oc2cc1O,44000.0
CHEMBL5407265,CC(c1cc(O)c2c(=O)cc(-c3ccccc3)oc2c1)c1ccc(O)cc1O,44110.0
CHEMBL2414827,O=[N+]([O-])c1cccc(CNC[C@@H]2O[C@H](CO)[C@@H](O)[C@H](O)[C@H]2O)c1,44300.0
CHEMBL5423505,COc1cc(/C=C2/C(=O)N(c3ccc(C)cc3)C(C(=O)NC3CCCCC3)c3ccccc32)cc(OC)c1O,44400.0
CHEMBL5283982,COc1cc(O)c2c(=O)c3c(OC)c(O)c(O)cc3oc2c1,44500.0
CHEMBL3407644,COc1ccc(/C=N/NC(=O)c2ccc(-c3nc4ccccc4s3)cc2)c(I)c1O,44800.0
CHEMBL140,COc1cc(/C=C/C(=O)CC(=O)/C=C/c2ccc(O)c(OC)c2)ccc1O,44800.0
CHEMBL1163562,C=CCC[C@@H]1N[C@H](CO)[C@H](O)[C@H](O)[C@H]1C,45000.0
CHEMBL1224412,C=C(C)C1Cc2c(c(O)cc3oc4cc(O)c(CC=C(C)C)c(O)c4c(=O)c23)O1,45000.0
CHEMBL3397466,COC(=O)CC1Nc2ccccc2-c2ccc3c(c21)C(=O)C(=O)N3Cc1ccc(OC)cc1,45300.0
CHEMBL5270418,O=C(Nc1sc2c(c1C(=O)NCc1ccccc1)CCCC2)c1cccnc1,45300.0
CHEMBL5436193,O=C(Cn1cc(COc2ccc(-c3nc4ccccc4c(=O)[nH]3)cc2)nn1)Nc1ccccc1,45300.0
CHEMBL507403,C[C@@H]1O[C@@H](O[C@H]2[C@H](O)[C@@H](O)[C@H](OC[C@H]3O[C@@H](OC(=O)[C@]45CCC(C)(C)C[C@H]4C4=CC[C@@H]6[C@@]7(C)CC[C@H](O[C@@H]8OC[C@H](O[C@@H]9O[C@H](CO)[C@@H](O)[C@H](O)[C@H]9O)[C@H](O)[C@H]8O[C@@H]8O[C@@H](C)[C@H](O)[C@@H](O[C@@H]9O[C@H](CO)[C@@H](O)[C@H](O)[C@H]9O)[C@H]8O)[C@@](C)(CO)[C@@H]7CC[C@@]6(C)[C@]4(C)CC5)[C@H](O)[C@@H](O)[C@@H]3O)O[C@@H]2CO)[C@H](O)[C@H](O)[C@H]1O,45800.0
CHEMBL108084,OC[C@H]1NCC[C@@H](O)[C@@H]1O,46000.0
CHEMBL2114210,OC[C@H]1N[C@H](CO)[C@@H](O)C(O)[C@@H]1O,46000.0
CHEMBL327137,OCC1NC(CO)[C@H](O)[C@H](O)[C@@H]1O,46000.0
CHEMBL5272442,OC[C@@H]1[C@@H](O)[C@H](O)[C@H]2[C@H](O)[C@H](O)CN21,46000.0
CHEMBL5397536,CC(C)=C(C)CSc1nnc(-c2cc(OCC(F)(F)F)ccc2OCC(F)(F)F)o1,46010.0
CHEMBL87120,NC1C(O)C(O)C(O)C1O,46900.0
CHEMBL3621759,O=C(CCCCCCC[C@H](O)c1ccccc1)c1c(O)cc(O)cc1O,47180.0
CHEMBL1760547,O=C(/C=C/c1ccc(O)cc1)NCCc1c[nH]c2ccc(O)cc12,47200.0
CHEMBL4068225,COC(=O)[C@]1(Cc2ccc3c(c2)CCC(C)(C)O3)OC(=O)C(O)=C1c1ccc(O)cc1,47330.0
CHEMBL2347151,Cc1ccc(S(=O)(=O)Nc2ccc3c(c2)C(=O)N(CCOc2ccc(O)cc2)C3=O)cc1,47700.0
CHEMBL5417186,OC[C@@H]1[C@@H](O)[C@H](O)CN1CCCCCc1ccccc1,48000.0
CHEMBL559089,O=C(/C=C/c1ccc(O)c(O)c1)NCCc1c[nH]c2ccc(O)cc12,48200.0
CHEMBL3827545,Cc1ccc(-c2ccnc3nnnn23)cc1,49800.0
CHEMBL3409636,CCOC(=O)C1=C(C)NC(C)=C(C(=O)OCC)C1c1ccc(C)o1,50000.0
CHEMBL310229,CCCCN1C[C@@H](O)[C@H](O)[C@H]1CO,50000.0
CHEMBL310231,CN1[C@H](CO)[C@@H](O)[C@H](O)[C@H]1CO,50000.0
CHEMBL3409634,CCOC(=O)C1=C(C)NC(C)=C(C(=O)OCC)C1c1ccc[nH]1,50000.0
CHEMBL3594156,CC(C)=CCC/C(C)=C/CC/C(=C\Cc1cc(O)ccc1O)C(=O)O[C@@H](CC[C@@H](C)[C@H]1CC[C@@]2(C)C3=CC[C@H]4C(C)(C)C(=O)CC[C@]4(C)C3=CC[C@]12C)[C@](C)(O)CO,50000.0
CHEMBL2111688,OC[C@H]1N[C@H](CO)[C@@H](O)[C@@H](O)[C@H]1O,50000.0
CHEMBL1094889,CCOC(=O)C1=C(C)NC(C)=C(C(=O)OCC)C1c1ccco1,50000.0
CHEMBL3409639,CCOC(=O)C1=C(C)NC(C)=C(C(=O)OCC)C1C(C)C,50000.0
CHEMBL1743353,CCOC(=O)C1=C(C)NC(C)=C(C(=O)OCC)C1CC,50000.0
CHEMBL2070322,CCOC(=O)C1=C(C)NC(C)=C(C(=O)OCC)C1c1cccc(O)c1,50000.0
CHEMBL2063816,CCOC(=O)C1=C(C)NC(C)=C(C(=O)OCC)C1c1ccc(OC)c(OC)c1,50000.0
CHEMBL3409637,CCOC(=O)C1=C(C)NC(C)=C(C(=O)OCC)C1c1ccccc1C(=O)O,50000.0
CHEMBL1098869,CCCC1C(C(=O)OCC)=C(C)NC(C)=C1C(=O)OCC,50000.0
CHEMBL77918,CCCCN1[C@H](CO)[C@@H](O)[C@H](O)[C@H]1CO,50000.0
CHEMBL354193,CCCCCCNC1C=C(CO)C(O)C(O)C1O,50000.0
CHEMBL3409640,CCOC(=O)C1=C(C)NC(C)=C(C(=O)OCC)C1CC(C)C,50000.0
CHEMBL1099205,CCOC(=O)C1=C(C)NC(C)=C(C(=O)OCC)C1c1ccccc1,50000.0
CHEMBL3409638,CCOC(=O)C1=C(C)NC(C)=C(C(=O)OCC)C1C,50000.0
CHEMBL1096551,CCOC(=O)C1=C(C)NC(C)=C(C(=O)OCC)C1c1cccnc1,50000.0
CHEMBL5410833,COc1cc(/C=C2/C(=O)N(Cc3ccccc3)C(C(=O)NC3CCCCC3)c3ccccc32)ccc1O,50100.0
CHEMBL4277205,O=C1NC(=O)/C(=C/c2cc([N+](=O)[O-])ccc2OCN2C(=O)c3ccccc3C2=O)S1,50450.0
CHEMBL5403496,COc1cc(/C=C2/C(=O)N(c3ccccc3)C(C(=O)NC3CCCCC3)c3ccccc32)ccc1O,50500.0
CHEMBL5287562,C=C(C)/C=C/c1c(OC)cc2c(c1O)Cc1c(O)ccc(O)c1O2,50500.0
CHEMBL5400615,CC(C)c1ccc(N2C(=O)/C(=C/c3ccccc3)c3ccccc3C2C(=O)NC(C)(C)C)cc1,50600.0
CHEMBL1099206,CCOC(=O)C1=C(C)NC(C)=C(C(=O)OCC)C1c1ccc([N+](=O)[O-])cc1,51000.0
CHEMBL2347152,Cc1ccc(S(=O)(=O)Nc2ccc3c(c2)C(=O)N(CCOc2ccccc2)C3=O)cc1,51130.0
CHEMBL562109,COc1ccc(/C=C/C(=O)C[C@@H]2O[C@H](CO)[C@@H](O)[C@H](O)[C@H]2O)cc1OC,51500.0
CHEMBL2418235,COc1cc(/C=C/C(=O)O[C@@H]2C[C@@H](O)[C@H](O)[C@@H](O)[C@H]2O)ccc1O,51930.0
CHEMBL8260,O=c1cc(-c2ccccc2)oc2cc(O)c(O)c(O)c12,52000.0
CHEMBL276618,Cc1cc(=O)oc2c(O)c(O)ccc12,52000.0
CHEMBL5394548,COc1cc(/C=C2/C(=O)N(c3ccc(F)cc3)C(C(=O)NC3CCCCC3)c3ccccc32)ccc1O,52500.0
CHEMBL5429658,Cc1ccc(NC(=O)C(C)Sc2nnc(-c3ccc(Cl)cc3)o2)cc1C,52630.0
CHEMBL5195148,C=CCc1cc(CSc2nnc(-c3cccc(OC)c3)o2)c(O)c(-c2ccc(O)c(CC=C)c2)c1,52900.0
CHEMBL1230806,N[C@H]1C=C(CO)[C@@H](O)[C@H](O)[C@H]1O,53000.0
CHEMBL4218969,COc1cc(-c2ccc(OCC=C(C)C)cc2)c(OC)c(OCC=C(C)C)c1-c1ccc(O)cc1,53100.0
CHEMBL3407643,COc1cc(/C=N/NC(=O)c2ccc(-c3nc4ccccc4s3)cc2)ccc1O,53340.0
CHEMBL3103155,O=C(N/N=C1/c2ccccc2-c2nc3ccccc3nc21)c1ccc(F)cc1,53420.0
CHEMBL5285174,C=C(C)/C=C/c1c(O)cc2oc3c(/C=C/C(=C)C)c(O)c(OC)cc3c(=O)c2c1O,53500.0
CHEMBL4215543,OC[C@@H]1N[C@H]([C@@H](O)CO)[C@@H]1O,53700.0
CHEMBL200715,Oc1cc(O)c2c(c1)O[C@@H](c1ccc(O)c(O)c1)[C@H](O)C2,53800.0
CHEMBL4453990,C[C@@H]1[C@H](O)[C@H](O)[C@@H]2[C@H](O)[C@H](O)[C@@H](CO)N21,55000.0
CHEMBL2347150,Cc1ccc(S(=O)(=O)Nc2ccc3c(c2)C(=O)N(CCOc2cccc(O)c2)C3=O)cc1,55600.0
CHEMBL504167,Oc1ccc([C@@H]2c3c(O)cc(O)cc3[C@@H]3c4c(cc(O)c5c4[C@@H]2[C@@H](c2ccc(O)cc2)[C@@H]5c2cc(O)cc(O)c2)O[C@H]3c2ccc(O)cc2)cc1,55700.0
CHEMBL5436717,CC(C)(C)c1ccc(CCCCCC[C@@H](O)[C@H]2N[C@H](CO)[C@@H](O)[C@@H]2O)cc1.Cl,57000.0
CHEMBL3264727,CCOc1cc(C(c2c(O)c3cc(Cl)ccc3oc2=O)c2c(O)c3cc(Cl)ccc3oc2=O)ccc1O,57140.0
CHEMBL5399586,COc1cc(/C=C2/C(=O)N(c3ccc(F)cc3)C(C(=O)NC3CCCCC3)c3ccccc32)cc(OC)c1O,57200.0
CHEMBL238603,C=C1CC[C@@H]2[C@](C)(CO)[C@H](O)CC[C@@]2(C)[C@@H]1/C=C/C1=C/C(=C/c2ccccc2)OC1=O,58000.0
CHEMBL2159637,O=S(=O)([O-])O[C@H]([C@@H](O)[C@H](O)[C@H](O)CO)[C@H](O)C[S@+]1C[C@@H](O)[C@H](O)[C@H]1CO,58000.0
CHEMBL209093,C=C1CC[C@@H]2[C@](C)(CO)[C@H](O)CC[C@@]2(C)[C@@H]1/C=C/C1=C/C(=C/C=C/c2ccccc2)OC1=O,58000.0
CHEMBL5274460,C=C(C)/C=C/c1c(OC)cc2c(c1O)Cc1cccc(O)c1O2,58500.0
CHEMBL5426760,Cl.OC[C@H]1N[C@H]([C@@H](O)CCCCCCc2ccc(Cl)cc2)[C@@H](O)[C@@H]1O,59000.0
CHEMBL499404,C[C@@H]1O[C@@H](O[C@H]2[C@H](O)[C@@H](O)[C@H](OC[C@H]3O[C@@H](OC(=O)[C@]45CCC(C)(C)C[C@H]4C4=CC[C@@H]6[C@@]7(C)CC[C@H](O[C@@H]8OC[C@H](O[C@@H]9O[C@H](CO)[C@@H](O)[C@H](O)[C@H]9O)[C@H](O)[C@H]8O[C@@H]8O[C@@H](C)[C@H](O)[C@@H](O[C@@H]9O[C@H](CO)[C@@H](O)[C@H](O)[C@H]9O)[C@H]8O)C(C)(C)[C@@H]7CC[C@@]6(C)[C@]4(C)CC5)[C@H](O)[C@@H](O)[C@@H]3O)O[C@@H]2CO)[C@H](O)[C@H](O)[C@H]1O,59500.0
CHEMBL150,O=c1c(O)c(-c2ccc(O)cc2)oc2cc(O)cc(O)c12,59540.0
CHEMBL476314,COc1cc2oc(-c3ccc(O)c(O)c3)cc(=O)c2c(O)c1O,60000.0
CHEMBL1651626,CCCCCCCCN1C[C@H](O)[C@@H](O)[C@H](O)[C@@H]1CO,60000.0
CHEMBL5411712,COc1cc(/C=C2/C(=O)N(c3ccccc3)C(C(=O)NC3CCCCC3)c3ccccc32)cc(OC)c1O,60100.0
CHEMBL3409635,CCOC(=O)C1=C(C)NC(C)=C(C(=O)OCC)C1c1ccccc1F,60200.0
CHEMBL5413681,O=C(Cn1c(-c2ccc(Cl)cc2)nc2ccccc2c1=O)N/N=C/c1cn(-c2ccccc2)nc1-c1ccc(Br)cc1,60500.0
CHEMBL5276405,O=C(Cn1c(-c2ccc(Cl)cc2)nc2ccccc2c1=O)N/N=C\c1cn(-c2ccccc2)nc1-c1ccc(Br)cc1,60500.0
CHEMBL3349976,CCCC[C@@H]1N[C@@H](CO)[C@@H](O)[C@H](O)[C@@H]1O,61000.0
CHEMBL5439186,COc1c2c(c(C=O)c3c1C(=O)OC3)O[C@]1(C)CC[C@@]3(O)C(C)(C)CCC[C@]3(C)[C@H]1C2,61000.0
CHEMBL5408260,COc1cc(/C=C2/C(=O)N(Cc3ccccc3)C(C(=O)NC3CCCCC3)c3ccccc32)cc(OC)c1O,61300.0
CHEMBL2347144,Cc1ccc(S(=O)(=O)Nc2ccc3c(c2)C(=O)N(Cc2ccc(C(N)=O)cc2)C3=O)cc1,61370.0
CHEMBL486219,COc1cc(O)c2c(-c3ccc(O)c(O)c3)cc(=O)oc2c1,62000.0
CHEMBL5274141,CC(C)(O)[C@H]1Cc2ccc3c(c2C1)O/C(=C\c1ccc(O)c(O)c1)C3=O,62100.0
CHEMBL3103090,Nc1ccccc1C(=O)N/N=C1/c2ccccc2-c2nc3ccccc3nc21,62340.0
CHEMBL1392445,O=C1c2ccccc2-c2nc3ccccc3nc21,62510.0
CHEMBL2177696,CCCCN1C[C@H](O)[C@@H](O)[C@@H]1CO,63000.0
CHEMBL5436722,OC[C@@H]1[C@@H](O)[C@H](O)CN1CCc1ccccc1,63000.0
CHEMBL5268974,O=C(Nc1sc2c(c1C(=O)NCc1ccccc1)CCCCC2)c1cccnc1,63400.0
CHEMBL5276582,C=C(C)/C=C/c1ccc2oc3c(O)cc(OC)c(CC=O)c3c(=O)c2c1O,63500.0
CHEMBL5277115,Cc1c(C(=O)CS(=O)(=O)c2ccccc2)c(=O)n(-c2ccccc2)n1C,63660.0
CHEMBL5285158,O=C(Nc1sc2c(c1C(=O)NCc1ccccn1)CCCC2)c1cccnc1,64100.0
CHEMBL5290531,CC(C)=CCC[C@H](C)[C@@H]1CC[C@@H](CO)c2c(O)cc(C)cc21,64200.0
CHEMBL4208842,CN1[C@H](C(=O)O)[C@H](O)[C@@H]1CO,64620.0
CHEMBL5398951,O=C(/C=C\c1ccc(OCc2cn(Cc3ccc(O)cc3)nn2)cc1)NCCc1c[nH]c2ccccc12,65000.0
CHEMBL5416796,Cl.OC[C@@H]1N[C@@H]([C@@H](O)CCCCCCc2ccc(F)c(F)c2)[C@H](O)[C@H]1O,65000.0
CHEMBL2063802,CCOC(=O)C1=C(C)NC(C)=C(C(=O)OCC)C1c1ccc(OC)cc1,65100.0
CHEMBL5415895,Cc1ccc(-n2cc(/C=N/NC(=O)Nc3ccccc3)c(-c3ccc([N+](=O)[O-])cc3)n2)cc1,65100.0
CHEMBL3093492,COc1cc(O)c2c(=O)c3c(OC)c(OC)ccc3oc2c1OC,65800.0
CHEMBL5188686,CCCCCCCCC[C@]1(CO)NC[C@@H](O)[C@@H]1O,66000.0
CHEMBL2051764,CO[C@H]1O[C@H](C)[C@H](N[C@H]2C=C(CO)[C@@H](O)[C@H](O)[C@H]2O)[C@H](O)[C@H]1O,66000.0
CHEMBL1760551,COc1cc(/C=C/C(=O)NCCc2c[nH]c3ccc(O)cc23)cc(OC)c1O,66200.0
CHEMBL5437710,O=C1Nc2ccc([N+](=O)[O-])cc2C1(c1c[nH]c2ccc(O)cc12)c1c[nH]c2cccc(O)c12,67000.0
CHEMBL4096720,CC(C)=CCC/C(C)=C/CCC1=C[C@H](c2cc(O)ccc2O)OC1=O,67600.0
CHEMBL5423132,COc1cc(/C=C2/C(=O)N(c3ccc(C(C)C)cc3)C(C(=O)NC(C)(C)C)c3ccccc32)ccc1O,68000.0
CHEMBL5282906,COc1c(O)ccc2oc3c4c(c(CC=C(C)C)c(O)c3c(=O)c12)OC(C(C)(O)CCC=C(C)C)C4,69000.0
CHEMBL241165,C=C1CC[C@@H]2[C@](C)(CO)[C@H](O)CC[C@@]2(C)[C@@H]1/C=C/C1=C/C(=C/c2ccc(N(C)C)cc2)OC1=O,70000.0
CHEMBL3354038,OC[C@H]1[C@@H](O)[C@H](O)[C@@H](O)CN1CCCCCOCc1ccc(-c2ccccc2)cc1,70000.0
CHEMBL80148,CN1C[C@@H](O)[C@H](O)[C@H]1CO,70000.0
CHEMBL5266487,COc1c(O)cc2oc3cc(O)c(C/C=C(\C)COC(C)=O)c(O)c3c(=O)c2c1C/C=C(/C)CC=C(C)C,70300.0
CHEMBL3787285,O=C(Nc1ccccc1)O/N=C1\N[C@H](CO)[C@@H](O)[C@H](O)[C@H]1O,70970.0
CHEMBL1933096,Cl.OC[C@@H]1CNC[C@@H](O)[C@@H](O)[C@@H]1O,71000.0
CHEMBL1230107,OC[C@@H]1[C@@H](O)[C@H](O)[C@H]2[C@H](O)[C@@H](O)CN21,71000.0
CHEMBL5282121,COc1ccc2oc3cc(O)cc(O)c3c(=O)c2c1O,71200.0
CHEMBL1825006,CCOC(=O)C1=C(C)NC(C)=C(C(=O)OCC)C1c1ccc(Cl)cc1,72400.0
CHEMBL4218731,COc1c(O)ccc2c(=O)c3c(O)cc4c(c3oc12)C(C)(C)C(CO)O4,72700.0
CHEMBL5289805,CC(C)=CCc1c(O)ccc2c1O/C(=C\c1ccc(O)cc1)C2=O,73800.0
CHEMBL2236407,COc1ccc(/N=C/c2cc(Br)ccc2O)cc1,74110.0
CHEMBL1094891,CCOC(=O)C1=C(C)NC(C)=C(C(=O)OCC)C1c1cccs1,74300.0
CHEMBL5405305,Cc1ccc(NC(=O)Oc2ccc(-c3nc4ccccn4c3NC(C)(C)C)cc2)cc1,75600.0
CHEMBL5290214,COc1cc(O)c2c(=O)c3c(OC)ccc(OC)c3oc2c1,75800.0
CHEMBL2409395,COc1cc(O)c2c(=O)c3c(O)c(O[C@@H]4O[C@H](CO)[C@@H](O)[C@H](O)[C@H]4O[C@@H]4O[C@@H](C)[C@H](O)[C@@H](O)[C@H]4O)ccc3oc2c1,75800.0
CHEMBL3397471,COC(=O)CC1c2c(ccc3c2C(=O)C(=O)N3C)-c2ccccc2N1C(=O)c1ccc(Cl)cc1,75900.0
CHEMBL480167,COc1c(CC=C(C)C)c(O)c2c(=O)c3c(O)ccc(O)c3oc2c1CC=C(C)C,76000.0
CHEMBL4561697,CC(C)=CCC/C(C)=C/CC/C(C)=C/Cc1c(O)c(O)cc2oc3cc(O)cc(O)c3c(=O)c12,76200.0
CHEMBL3397472,COC(=O)CC1c2c(ccc3c2C(=O)C(=O)N3C)-c2ccccc2N1S(=O)(=O)c1ccccc1,77100.0
CHEMBL3093493,COc1cc(O)c2c(=O)c3c(OC)c(O)ccc3oc2c1OC,77400.0
CHEMBL3103162,O=C(N/N=C1/c2ccccc2-c2nc3ccccc3nc21)c1cccc(I)c1,77450.0
CHEMBL5274807,O=C(Nc1nccs1)c1ccc(-c2ccc(F)cc2F)o1,77990.0
CHEMBL247666,OCCN1C[C@@H](O)[C@H](O)[C@H]1CO,78000.0
CHEMBL4214649,Cc1cc(O)cc(O)c1C(=O)O[C@H]1[C@@H]2COC(/C=C/[C@H](C)O)=CC2=CC(=O)[C@@]1(C)O,78600.0
CHEMBL5413753,O=C(Cn1cc(CNC(=O)c2c3ccccc3nc3ccccc23)nn1)Nc1cccc(Br)c1,80300.0
CHEMBL4162593,COc1cc(OC)c([C@@H](OC)[C@H](C)O)cc1OC,80600.0
CHEMBL1760546,O=C(/C=C/c1ccccc1)NCCc1c[nH]c2ccc(O)cc12,80800.0
CHEMBL3593564,Cc1cc(O)cc(O)c1C(=O)O[C@]1(C)C(=O)C2=C(C=C(/C=C/C(=O)O)OC2)C[C@H]1O,81700.0
CHEMBL3601516,CC1(C)C(=O)CC[C@]2(C)C3=C(C(=O)C[C@@H]12)[C@]1(C)C(=O)C[C@H]([C@]2(C)CCC(=O)O2)[C@@]1(C)CC3=O,81800.0
CHEMBL398800,C=C1CC[C@@H]2[C@](C)(CO)[C@H](O)CC[C@@]2(C)[C@@H]1/C=C/C1=C/C(=C/c2ccc3c(c2)OCO3)OC1=O,82000.0
CHEMBL5280310,COc1cc(O)c2c(=O)c3c(O)ccc(O)c3oc2c1OC,82200.0
CHEMBL5267745,O=C(Nc1sc2c(c1C(=O)NCc1ccccc1)CCC2)c1cccnc1,82500.0
CHEMBL5437971,Cl.OC[C@H]1N[C@H]([C@H](O)CCCCCCc2ccc(F)cc2)[C@@H](O)[C@@H]1O,83000.0
CHEMBL3264724,COc1cc(C(c2c(O)c3cc(Cl)ccc3oc2=O)c2c(O)c3cc(Cl)ccc3oc2=O)ccc1O,83640.0
CHEMBL5173825,Cc1ccc(NC(=O)Cn2c(=O)c(C)nc3ccccc32)c([N+](=O)[O-])c1,83780.0
CHEMBL4213451,C=CCOc1c(OC)c(-c2ccc(O)cc2)cc(OC)c1-c1ccc(O)cc1,83800.0
CHEMBL5279492,COc1cc(O[C@H]2O[C@@H](CO)[C@H](O)[C@H](O)[C@@H]2O)c2c(=O)c3c(OC)c(OC)ccc3oc2c1,83800.0
CHEMBL238604,C=C1CC[C@@H]2[C@](C)(CO)[C@H](O)CC[C@@]2(C)[C@@H]1/C=C/C1=C/C(=C/c2cc(OC)c(OC)cc2OC)OC1=O,84000.0
CHEMBL3264725,O=c1oc2ccc(Cl)cc2c(O)c1C(c1cccc(O)c1)c1c(O)c2cc(Cl)ccc2oc1=O,84060.0
CHEMBL5287286,COc1cc(O[C@H]2O[C@@H](CO)[C@H](O)[C@H](O)[C@@H]2O)c2c(=O)c3ccc(O)c(OC)c3oc2c1,84500.0
CHEMBL5402734,COc1ccc2c(CSC(=S)NCCc3c[nH]c4ccccc34)cc(=O)oc2c1,85000.0
CHEMBL488157,C[C@H](O)[C@H]1N[C@H](CO)[C@@H](O)[C@@H]1O,85000.0
CHEMBL5402705,O=C(CSC(=S)Nc1cccc([N+](=O)[O-])c1)c1cc2ccccc2oc1=O,85000.0
CHEMBL3753562,COC(=O)[C@]1(Cc2ccc(O)cc2)OC(=O)C(O)=C1c1ccc(O)cc1,85130.0
CHEMBL5429341,O=C(N/N=C\c1ccccc1OCCCN1C(=O)c2ccccc2C1=O)c1cc2ccccc2oc1=O,85200.0
CHEMBL5425673,CCOC(=O)c1c(SCc2cn(Cc3cccc([N+](=O)[O-])c3)nn2)nnc(-c2ccccc2)c1-c1ccccc1,85600.0
CHEMBL3827417,COc1ccc(-c2ccnc3nnnn23)cc1,85700.0
CHEMBL5434639,Cl.OC[C@H]1N[C@H]([C@H](O)CCCCCCc2ccc(F)c(F)c2)[C@@H](O)[C@@H]1O,87000.0
CHEMBL3785799,CC(C)(C)NC(=O)O/N=C1\N[C@H](CO)[C@@H](O)[C@H](O)[C@H]1O,87050.0
CHEMBL5281437,COc1ccc(CNC(=O)c2c(NC(=O)c3cccnc3)sc3c2CCC3)cc1,87600.0
CHEMBL5283357,COC(=O)c1ccc(CNC(=O)c2c(NC(=O)c3cccnc3)sc3c2CCCC3)cc1,87800.0
CHEMBL1939428,Oc1ccc([C@@H]2c3c(O)cc(O)cc3[C@H]3c4c(cc(O)c5c4[C@@H]2[C@H](c2ccc(O)cc2)[C@H]5c2cc(O)cc(O)c2)O[C@@H]3c2ccc(O)cc2)cc1,88900.0
CHEMBL4854478,CCCCCCC[C@@]1(CO)NC[C@H](O)[C@@H](O)[C@@H]1O.Cl,89000.0
CHEMBL4218600,OC[C@@H]1N[C@H](CO)[C@@H]1O,89420.0
CHEMBL5420778,O=C(COc1ccc(-c2nc(-c3ccccc3)c(-c3ccccc3)[nH]2)cc1)Nc1cccc(Br)c1,90000.0
CHEMBL1684163,OC[C@H](O)C[S@+]1C[C@@H](O)[C@H](O)[C@H]1CO.[Cl-],90000.0
CHEMBL1939276,Oc1ccc([C@H]2c3c(O)cc(O)cc3[C@@H]3c4c(cc(O)cc4[C@@H]2[C@H]2c4cc(O)cc5c4[C@@H](c4cc(O)cc(O)c4[C@@H]2c2ccc(O)cc2)[C@H](c2ccc(O)cc2)O5)O[C@H]3c2ccc(O)cc2)cc1,90000.0
CHEMBL3103154,O=C(N/N=C1/c2ccccc2-c2nc3ccccc3nc21)c1cccc(F)c1,90920.0
CHEMBL3601514,CC1(C)[C@@H](O)CC[C@]2(C)C3=C([C@@H](O)C[C@@H]12)[C@]1(C)C(=O)C[C@H]([C@]2(C)CCC(=O)O2)[C@@]1(C)C(=O)C3=O,91300.0
CHEMBL3264729,COc1ccc(C(c2c(O)c3cc(Cl)ccc3oc2=O)c2c(O)c3cc(Cl)ccc3oc2=O)cc1OC,91360.0
CHEMBL5421667,Cc1ccc(CCCCCCC[C@H]2N[C@H](CO)[C@@H](O)[C@@H]2O)cc1.Cl,92000.0
CHEMBL5416554,COc1c2c(c(C(OC)OC)c3c1C(=O)OC3)O[C@]1(C)CC[C@@]3(O)C(C)(C)CCC[C@]3(C)[C@H]1C2,92000.0
CHEMBL5394121,COc1cc(/C=C2/C(=O)N(c3ccc(O)cc3)C(C(=O)NC3CCCCC3)c3ccccc32)ccc1O,92800.0
CHEMBL5283691,COc1cc(CNC(=O)c2c(NC(=O)c3cccnc3)sc3c2CCC3)ccc1O,93600.0
CHEMBL4874649,CCC[C@@]1(CO)NC[C@H](O)[C@@H](O)[C@@H]1O.Cl,94000.0
CHEMBL5283947,O=C(Nc1nccs1)c1ccc(-c2ccccc2)o1,94033.0
CHEMBL1224887,Oc1ccc([C@@H]2c3c(O)cc4c(c3[C@@H]3c5c(O)cc6c(c5[C@H]2[C@H]3c2ccc(O)cc2)[C@@H](c2cc(O)cc(O)c2)[C@H](c2ccc(O)cc2)O6)[C@@H](c2cc(O)cc(O)c2)[C@H](c2ccc(O)cc2)O4)cc1,94200.0
CHEMBL5430765,O=C(COc1ccc2ccc(=O)oc2c1)N/N=C\c1cc([N+](=O)[O-])ccc1OCCCN1C(=O)c2ccccc2C1=O,94200.0
CHEMBL2181091,O=C1Cc2cc(S(=O)(=O)N3CCN(c4ccc(Cl)cc4)CC3)ccc2N1,94310.0
CHEMBL5280071,C=C(C)/C=C/c1c(OC)c(OC)cc2oc3cc(O)c(CC(O)C(=C)C)c(O)c3c(=O)c12,94400.0
CHEMBL3354630,OC[C@H]1[C@@H](O)[C@H](O)[C@@H](O)CN1CCCCCOCc1ccccc1-c1ccccc1,95000.0
CHEMBL261634,OC[C@H]1NC[C@H](O)[C@@H]1O,95000.0
CHEMBL5394313,CCOC(=O)c1c(-c2ccccc2)nn2c1C=C(c1ccc(O)c(OC)c1)/C2=N/C1CCCCC1,95000.0
CHEMBL5271794,Cc1ccc(NC(=O)Cn2cc(COc3ccc(C4Nc5ccccc5C(=O)N4Nc4ccccc4)cc3)nn2)cc1,95600.0
CHEMBL2414814,CC(=O)Oc1ccc(C(=O)NC[C@@H]2O[C@H](CO)[C@@H](O)[C@H](O)[C@H]2O)cc1,96500.0
CHEMBL1939278,Oc1ccc([C@@H]2c3c(O)cc4c(c3[C@H]3[C@H](c5ccc(O)cc5)c5c(O)cc6c(c5[C@@H]23)[C@@H](c2cc(O)cc(O)c2)[C@H](c2ccc(O)cc2)O6)[C@@H](c2cc(O)cc(O)c2)[C@H](c2ccc(O)cc2)O4)cc1,97100.0
CHEMBL3409633,CCOC(=O)C1=C(C)NC(C)=C(C(=O)OCC)C1c1ccc(SC)cc1,97400.0
CHEMBL2414741,OC[C@H]1O[C@@H](CNC/C=C/c2ccccc2)[C@H](O)[C@@H](O)[C@@H]1O,97400.0
CHEMBL4453842,COc1ccc2c(=O)c3c(OC(C)=O)cc(OCc4cn(CC(=O)Nc5ccc(OC)c(OC)c5)nn4)cc3oc2c1,98630.0
CHEMBL2347142,Cc1ccc(S(=O)(=O)Nc2ccc3c(c2)C(=O)N(CCNc2ccccc2)C3=O)cc1,99560.0
CHEMBL564482,COc1cc(/C=C/C(=O)NCCc2c[nH]c3ccc(O)cc23)ccc1O,99800.0
CHEMBL3103161,O=C(N/N=C1/c2ccccc2-c2nc3ccccc3nc21)c1ccc(Cl)cc1,99850.0
CHEMBL4284460,O=C1NC(=S)S/C1=C\c1ccccc1OCN1C(=O)c2ccccc2C1=O,100000.0
CHEMBL4279517,O=C1NC(=O)/C(=C/c2ccccc2OCN2C(=O)c3ccccc3C2=O)S1,100000.0
CHEMBL3593567,CC1=C(c2cc(O)cc(O)c2)C(=O)[C@@H](O)C1,100000.0
CHEMBL4292747,COc1cccc(/C=C2\SC(=S)NC2=O)c1OCN1C(=O)c2ccccc2C1=O,100000.0
CHEMBL4085739,CCCCC[C@H]1NC[C@@H](O)[C@@H](O)[C@H]1CO,100000.0
CHEMBL3786086,CCCCCCCCCCCCNC(=O)O/N=C1\N[C@H](CO)[C@@H](O)[C@H](O)[C@H]1O,100000.0
CHEMBL1213470,OC[C@H]1N/C(=N/O)[C@H](O)[C@@H](O)[C@@H]1O,100000.0
CHEMBL1766350,O[C@@H]1[C@@H](O)[C@H](O)[C@@H](NCc2cn(Cc3cc(OCc4ccccc4)cc(OCc4ccccc4)c3)nn2)[C@H](O)[C@H]1O,100000.0
CHEMBL3354634,OC[C@H]1[C@@H](O)[C@H](O)[C@@H](O)CN1CCCCCOCc1ccc(-c2ccccc2)cc1C(F)(F)F,100000.0
CHEMBL3354633,OC[C@H]1[C@@H](O)[C@H](O)[C@@H](O)CN1CCCC(F)(F)COCc1ccc(-c2ccccc2)cc1,100000.0
CHEMBL3354632,OC[C@H]1[C@@H](O)[C@H](O)[C@@H](O)CN1CC(F)(F)CCCOCc1ccc(-c2ccccc2)cc1,100000.0
CHEMBL206468,OC[C@H]1CNC[C@@H](O)[C@@H]1O,100000.0
CHEMBL110059,Cc1cc(O)cc(O)c1,100000.0
CHEMBL457583,Cc1cc(O)cc(O)c1C(=O)O,100000.0
CHEMBL3354629,C[C@@H](OCCCCCN1C[C@H](O)[C@@H](O)[C@H](O)[C@@H]1CO)c1ccc(-c2ccccc2)cc1,100000.0
CHEMBL3354631,OC[C@H]1[C@@H](O)[C@H](O)[C@@H](O)CN1CCCCCOCc1cccc(-c2ccccc2)c1,100000.0
CHEMBL4087029,C/C1=C/CC/C(=C/Cc2cc(O)ccc2O)C(=O)OC(C)(C)[C@H](O)CC1,100000.0
CHEMBL4104893,CC(C)=CCC/C(C)=C/CC/C(=C\Cc1cc(O)ccc1O)C(=O)O,100000.0
CHEMBL4079168,C/C(C=O)=C\CC/C(C)=C/CCC1=C[C@H](c2cc(O)ccc2O)OC1=O,100000.0
CHEMBL1766470,O[C@@H]1[C@@H](O)[C@H](O)[C@@H](NCc2cn(CCC(c3ccccc3)c3ccccc3)nn2)[C@H](O)[C@H]1O,100000.0
CHEMBL1083795,CCCCCCCCCCN[C@H]1[C@H](O)[C@@H](O)[C@H](O)[C@@H](O)[C@@H]1O,100000.0
CHEMBL500701,CC(C)=CCC/C(C)=C/CCC(CC(=O)c1cc(O)ccc1O)C(=O)O,100000.0
CHEMBL4094729,COC1(c2cc(O)ccc2O)C=C(CC/C=C(\C)CC/C=C(\C)C=O)C(=O)O1,100000.0
CHEMBL4067277,CC(C)=CCC/C(C)=C/CC/C(=C/C(=O)c1cc(O)ccc1O)C(=O)O,100000.0
CHEMBL3354628,C[C@H](OCCCCCN1C[C@H](O)[C@@H](O)[C@H](O)[C@@H]1CO)c1ccc(-c2ccccc2)cc1,100000.0
CHEMBL3593571,C/C=C/c1occ(C(=O)c2c(OC)cc(OC)cc2C(=O)OC)c(=O)c1OC,100000.0
CHEMBL3593569,C/C=C/c1[nH]cc(C(=O)c2c(OC)cc(OC)cc2C(=O)OC)c(=O)c1OC,100000.0
CHEMBL3354637,OC[C@H]1[C@@H](O)[C@H](O)[C@@H](O)CN1CCCCCOCc1ccc(-c2ccccc2)c(F)c1,100000.0
CHEMBL5440406,COc1cc(/C=C2/C(=O)N(c3ccc(O)cc3)C(C(=O)NC3CCCCC3)c3ccccc32)cc(OC)c1O,100000.0
CHEMBL5430741,COc1cc(/C=C2/C(=O)N(c3ccc(C(F)(F)F)cc3)C(C(=O)NC3CCCCC3)c3ccccc32)cc(OC)c1O,100000.0
CHEMBL5438667,COc1cc(/C=C2/C(=O)N(c3ccc(C(C)C)cc3)C(C(=O)NC(C)(C)C)c3ccccc32)cc(OC)c1O,100000.0
CHEMBL241374,C=C1CC[C@@H]2[C@](C)(CO)[C@H](O)CC[C@@]2(C)[C@@H]1/C=C/C1=C/C(=C/c2ccco2)OC1=O,100000.0
CHEMBL379280,C=C1CC[C@@H]2[C@]3(C)COC(c4cccc(Br)c4)O[C@@H]3CC[C@@]2(C)[C@@H]1C/C=C1/C(=O)OC[C@H]1O,100000.0
CHEMBL1766482,CCCCCCCCCCCn1cc(CN[C@H]2[C@H](O)[C@@H](O)[C@H](O)[C@@H](O)[C@@H]2O)nn1,100000.0
CHEMBL4521673,Cc1ccc(C)c(N2C(=O)/C(=C/c3ccc(F)cc3)S/C2=N\NC(=O)c2cc3ccccc3oc2=O)c1,100000.0
CHEMBL1766489,OCCCCCCCCCCn1cc(CN[C@H]2[C@H](O)[C@@H](O)[C@H](O)[C@@H](O)[C@@H]2O)nn1,100000.0
CHEMBL1082596,CCCCCCCCCCn1cc(CN[C@H]2[C@H](O)[C@@H](O)[C@H](O)[C@@H](O)[C@@H]2O)nn1,100000.0
CHEMBL1085392,CCCCCCCCn1cc(CN[C@H]2[C@H](O)[C@@H](O)[C@H](O)[C@@H](O)[C@@H]2O)nn1,100000.0
CHEMBL1766474,O[C@@H]1[C@@H](O)[C@H](O)[C@@H](NCc2cn(CCCCC3CCCCC3)nn2)[C@H](O)[C@H]1O,100000.0
CHEMBL3354635,OC[C@H]1[C@@H](O)[C@H](O)[C@@H](O)CN1CCCCCOCc1ccc(-c2ccccc2)c(C(F)(F)F)c1,100000.0
CHEMBL3354636,OC[C@H]1[C@@H](O)[C@H](O)[C@@H](O)CN1CCCCCOCc1ccc(-c2ccccc2)cc1F,100000.0
CHEMBL5278158,CC1(C)C=Cc2c(cc3oc4c(O)c5c(cc4c(=O)c3c2O)C=CC(C)(C)O5)O1,100000.0
CHEMBL4593240,O=C(N/N=C1\S/C(=C\c2ccc(F)cc2)C(=O)N1c1cccc(Cl)c1)c1cc2ccccc2oc1=O,100000.0
CHEMBL1744444,C[C@]12CCC(=O)C[C@@H]1CC[C@@H]1[C@@H]2CC[C@]2(C)[C@@H](O)CC[C@@H]12.C[C@]12CC[C@H]3[C@@H](CCC4CC(=O)CC[C@@]43C)[C@@H]1CC[C@@H]2O,100000.0
CHEMBL4444626,COc1ccc2oc3cc(OCc4cn(CC(=O)Nc5ccc(OC)c(OC)c5)nn4)cc(O)c3c(=O)c2c1,100000.0
CHEMBL367666,CCCCNC1C=C(CO)C(O)C(O)C1O,100000.0
CHEMBL426933,CCCCCCCCCCCCCCCCCCNC1C=C(CO)C(O)C(O)C1O,100000.0
CHEMBL1766473,O[C@@H]1[C@@H](O)[C@H](O)[C@@H](NCc2cn(CC34CC5CC(CC(C5)C3)C4)nn2)[C@H](O)[C@H]1O,100000.0
CHEMBL4285567,COc1cc(/C=C2\SC(=O)NC2=O)cc(OC)c1OCN1C(=O)c2ccccc2C1=O,100000.0
CHEMBL4287862,O=C1NC(=O)/C(=C/c2cc(Cl)ccc2OCN2C(=O)c3ccccc3C2=O)S1,100000.0
CHEMBL4287437,O=C1NC(=O)/C(=C/c2cccc(OCN3C(=O)c4ccccc4C3=O)c2)S1,100000.0
CHEMBL4294667,COc1cccc(/C=C2\SC(=O)NC2=O)c1OCN1C(=O)c2ccccc2C1=O,100000.0
CHEMBL4288931,CCCCCCCCC[C@H]1NC[C@@H](O)[C@@H](O)[C@H]1CO,100000.0
CHEMBL4281031,C[C@H]1NC[C@@H](O)[C@@H](O)[C@H]1CO,100000.0
CHEMBL174067,OC1C(O)C(O)C2OC2C1O,100000.0
CHEMBL506229,CC(C)=CCc1c(O)cc2oc3ccc(O)cc3c(=O)c2c1O,100000.0
CHEMBL3314602,CC1(C)C=Cc2c(cc3oc4ccc(O)cc4c(=O)c3c2O)O1,100000.0
CHEMBL4455066,COc1ccc2oc3cc(OCc4cn(CC(=O)Nc5ccc(OC)c(OC)c5)nn4)cc(OC(C)=O)c3c(=O)c2c1,100000.0
CHEMBL4467634,Cc1cccc(N2C(=O)/C(=C/c3ccc(F)cc3)S/C2=N\NC(=O)c2cc3ccccc3oc2=O)c1C,100000.0
CHEMBL205969,C[C@]1(CO)[C@H]2CC[C@@]3(CO3)[C@@H](/C=C/C3=C/C(=C/C=C/c4ccccc4)OC3=O)[C@]2(C)CC[C@H]1O,101000.0
CHEMBL380336,C=C1CC[C@@H]2[C@]3(C)COC(c4ccccc4)O[C@@H]3CC[C@@]2(C)[C@@H]1C/C=C1/C(=O)OC[C@H]1O,101000.0
CHEMBL2347146,Cc1ccc(S(=O)(=O)Nc2ccc3c(c2)C(=O)N(Cc2ccc(C(=O)O)c(O)c2)C3=O)cc1,101150.0
CHEMBL2414740,Cc1ccc(S(=O)(=O)NC[C@@H]2O[C@H](CO)[C@@H](O)[C@H](O)[C@H]2O)cc1,101200.0
CHEMBL2414821,COc1cc(/C=C/C(=O)NC[C@@H]2O[C@H](CO)[C@@H](O)[C@H](O)[C@H]2O)ccc1O,101800.0
CHEMBL3103094,O=C(N/N=C1/c2ccccc2-c2nc3ccccc3nc21)c1ccc(O)cc1,102130.0
CHEMBL219553,COc1cc(O)cc(CCc2ccc(O)c(OC)c2)c1,103100.0
CHEMBL5281320,COc1ccccc1NC(=S)Nc1ccc(C(c2c(O)c3ccccc3oc2=O)c2c(O)c3ccccc3oc2=O)cc1,104620.0
CHEMBL3397475,COC(=O)CC1Oc2ccccc2-c2ccc3c(c21)C(=O)C(=O)N3C,104700.0
CHEMBL1939429,O=C1c2cc(O)cc3oc(-c4ccc(O)cc4)c(c23)-c2cc(O)cc(O)c2[C@@H]1c1ccc(O)cc1,105000.0
CHEMBL1684165,OC[C@@H](O)C[S@+]1C[C@@H](O)[C@H](O)[C@H]1CO.[Cl-],105000.0
CHEMBL2414833,COc1ccc(CNC[C@@H]2O[C@H](CO)[C@@H](O)[C@H](O)[C@H]2O)c(OC)c1,105200.0
CHEMBL3103160,O=C(N/N=C1/c2ccccc2-c2nc3ccccc3nc21)c1cccc(Cl)c1,105410.0
CHEMBL3264735,COc1ccc(C(c2c(O)c3cc(C)ccc3oc2=O)c2c(O)c3cc(C)ccc3oc2=O)cc1,106630.0
CHEMBL2414834,COc1ccc(C(C)NC[C@@H]2O[C@H](CO)[C@@H](O)[C@H](O)[C@H]2O)cc1O,106800.0
CHEMBL5197630,COc1ccc([C@]2(CO)NC[C@@H](O)[C@@H]2O)cc1,107000.0
CHEMBL3704820,COc1cc(O)c2c(=O)c3c(O)c(OC)ccc3oc2c1,107800.0
CHEMBL1951870,COc1cc(-c2ccccc2)c(OC)c(O)c1-c1ccc(O)cc1,108200.0
CHEMBL5267593,C=C(C)/C=C/[C@]1(C)C=CC2=C(O1)C(CC=C(C)C)=C1O[C@]34C(C(=O)[C@@H]1C2O)[C@@H](OC)[C@@H]1C[C@H]3C(C)(C)O[C@@]4(C/C=C(\C)C(=O)O)C1=O,108750.0
CHEMBL84844,OC[C@H]1NC[C@@H](O)[C@@H](O)[C@@H]1O,110000.0
CHEMBL206309,C=C1CC[C@@H]2[C@](C)(CO)[C@H](O)CC[C@@]2(C)[C@@H]1/C=C/C1=C/C(=C/CCC)OC1=O,110000.0
CHEMBL4213302,COC(=O)[C@]1(Cc2ccc3c(c2)C[C@@H](O)C(C)(C)O3)OC(=O)C(O)=C1c1ccc(O)cc1,110270.0
CHEMBL2347154,O=C1c2ccc([N+](=O)[O-])cc2C(=O)N1CCNc1ccccc1,111440.0
CHEMBL3397469,COC(=O)CC1c2c(ccc3c2C(=O)C(=O)N3C)-c2ccccc2N1C(=O)c1ccc(OC)cc1,111500.0
CHEMBL5270988,C=C(C)/C=C/[C@]1(C)C=CC2=C(O1)C(CC=C(C)C)=C1O[C@]34C(C(=O)[C@@H]1C2O)[C@@H](OCC)[C@@H]1C[C@H]3C(C)(C)O[C@@]4(C/C=C(\C)C(=O)O)C1=O,111800.0
CHEMBL3409642,CCOC(=O)C1=C(C)NC(C)=C(C(=O)OCC)C1CCc1ccccc1,112000.0
CHEMBL3103157,O=C(N/N=C1/c2ccccc2-c2nc3ccccc3nc21)c1cccc(Br)c1,112530.0
CHEMBL5434032,OC[C@@H]1[C@@H](O)[C@H](O)CN1CCCc1ccccc1,113000.0
CHEMBL3264726,COc1ccc(C(c2c(O)c3cc(Cl)ccc3oc2=O)c2c(O)c3cc(Cl)ccc3oc2=O)cc1O,113050.0
CHEMBL5290427,COc1cc(O)c2c(=O)c3cc(O[C@H]4O[C@@H](CO)[C@H](O)[C@H](O)[C@@H]4O)ccc3oc2c1OC,114800.0
CHEMBL5266980,COc1cc(O)c2c(=O)c3c(O)c(O[C@H]4O[C@@H](CO)[C@H](O)[C@H](O)[C@@H]4O)ccc3oc2c1,115000.0
CHEMBL5424872,C=C(C)[C@@H](C)CC[C@@H](C)C1CC[C@@]2(C)[C@@H]3CC[C@H]4[C@H](C)c5[nH]c6ccccc6c5C[C@@]45C[C@@]35CC[C@]12C,115200.0
CHEMBL2414826,OC[C@H]1O[C@@H](CNCc2ccc(F)cc2)[C@H](O)[C@@H](O)[C@@H]1O,115400.0
CHEMBL2414824,OC[C@H]1O[C@@H](CNCc2ccc(Cl)cc2Cl)[C@H](O)[C@@H](O)[C@@H]1O,115700.0
CHEMBL5187298,Cl.O[C@@H]1[C@@H](O)CN[C@H]1c1ccc(F)cc1,117000.0
CHEMBL5437904,OC[C@@H]1[C@@H](O)[C@H](O)CN1CCCCCCc1ccccc1,117000.0
CHEMBL3397465,COC(=O)CC1Nc2ccccc2-c2cc(C)c3c(c21)C(=O)C(=O)N3C,117300.0
CHEMBL1977154,CCOC(=O)C1=C(C)NC(C)=C(C(=O)OCC)C1c1ccc(C)cc1,117500.0
CHEMBL2203594,C/C(=C\CC[C@@H](C)[C@H]1CC[C@@]2(C)C3=C([C@@H](O)C[C@]12C)[C@@]1(C)CCC(=O)C(C)(C)[C@@H]1CC3=O)C(=O)O,119060.0
CHEMBL3222212,CCCCCCN(CCCCCC)[C@H]1C[C@@H](O)[C@H](O)[C@@H](O)[C@H]1O,120000.0
CHEMBL205155,COc1ccc(/C=C2/C=C(/C=C/[C@@H]3[C@@]4(CC[C@@H]5[C@](C)(CO)[C@H](O)CC[C@]53C)CO4)C(=O)O2)cc1,120000.0
CHEMBL2281645,CCCCC1C(C(=O)OCC)=C(C)NC(C)=C1C(=O)OCC,122000.0
CHEMBL2347141,Cc1ccc(S(=O)(=O)Nc2ccc3c(c2)C(=O)N(Cc2ccc(Cl)c(Cl)c2)C3=O)cc1,122200.0
CHEMBL2063818,CCOC(=O)C1=C(C)NC(C)=C(C(=O)OCC)C1c1ccc(OCC)cc1,124300.0
CHEMBL2414829,OC[C@H]1O[C@@H](CNCc2ccc(O)cc2)[C@H](O)[C@@H](O)[C@@H]1O,124400.0
CHEMBL5279690,COc1ccc2c(c1)OC[C@H]1c3ccc(OC)c(O)c3O[C@@H]21,128100.0
CHEMBL3264728,COc1cc(C(c2c(O)c3cc(Cl)ccc3oc2=O)c2c(O)c3cc(Cl)ccc3oc2=O)cc(OC)c1OC,128140.0
CHEMBL5280602,O=c1c2c(O[C@H]3O[C@@H](CO)[C@H](O)[C@H](O)[C@@H]3O)cc(O)cc2oc2ccc(O)c(O)c12,133700.0
CHEMBL5283050,COc1cc(O)c2c(=O)c3c(O[C@H]4O[C@@H](CO[C@H]5OC[C@@H](O)[C@H](O)[C@H]5O)[C@H](O)[C@H](O)[C@@H]4O)ccc(OC)c3oc2c1OC,136000.0
CHEMBL5269142,CO[C@@H]1C2C(=O)[C@H]3C(=C(CC=C(C)C)C4=C(C=CC(C)O4)C3O)O[C@@]23[C@H]2C[C@@H]1C(=O)[C@]3(C/C=C(\C)C(=O)O)OC2(C)C,136350.0
CHEMBL5266791,COc1cc(C2Nc3ccccc3C(=O)N2Nc2ccccc2)ccc1OCc1cn(CC(=O)Nc2ccc(Br)cc2)nn1,140200.0
CHEMBL5267559,O=c1c2c(O)c(O)ccc2oc2cc(O)c(O[C@@H]3O[C@H](CO)[C@@H](O)[C@H](O)[C@H]3O)c(O)c12,140400.0
CHEMBL5270891,CC(C)=CCC1=C2O[C@]34C(=C[C@@H]5C[C@H]3C(C)(C)O[C@@]4(CC=C(C)C)C5=O)C(=O)[C@@H]2C(O)C2=C1OC(C)C=C2,140950.0
CHEMBL5266019,COc1cc(O[C@H]2O[C@@H](CO[C@H]3OC[C@@H](O)[C@H](O)[C@H]3O)[C@H](O)[C@H](O)[C@@H]2O)c2c(=O)c3c(O)ccc(OC)c3oc2c1OC,142000.0
CHEMBL26323,COc1cc(O)c2c(=O)c3c(OC)c(OC)ccc3oc2c1,142100.0
CHEMBL2414820,CC(=O)Oc1ccc(/C=C/C(=O)NC[C@@H]2O[C@H](CO)[C@@H](O)[C@H](O)[C@H]2O)cc1,142200.0
CHEMBL515460,Oc1ccc([C@H]2c3c(O)cc(O)c(O)c3-c3c(-c4ccc(O)c(O)c4)oc4cc(O)cc(c34)[C@@H]2O)cc1,143000.0
CHEMBL2347155,Nc1ccc2c(c1)C(=O)N(CCNc1ccccc1)C2=O,144270.0
CHEMBL2414825,OC[C@H]1O[C@@H](CNCc2ccc(Cl)c(Cl)c2)[C@H](O)[C@@H](O)[C@@H]1O,144300.0
CHEMBL3601515,C[C@H](C(=O)O)[C@H]1CC(=O)[C@@]2(C)C3=C(C(=O)C[C@]12C)[C@@]1(C)CCC(=O)C(C)(C)[C@@H]1CC3=O,144500.0
CHEMBL389166,O=c1c2cc(O)ccc2oc2cccc(O)c12,145000.0
CHEMBL109341,COc1cc(/C=C/C(=O)O)cc(OC)c1O,145300.0
CHEMBL508745,Oc1ccc([C@@H]2c3c(O)cc(O)cc3[C@@H]3c4c(cc(O)c5c4[C@H]2[C@H](c2ccc(O)cc2)[C@H]5c2cc(O)cc(O)c2)O[C@H]3c2ccc(O)cc2)cc1,148000.0
CHEMBL5281479,O=C(Nc1nccs1)c1ccc(-c2c(F)cccc2F)o1,148200.0
CHEMBL450788,COc1cc(O)cc(CCc2cccc(O)c2)c1,148800.0
CHEMBL3397470,COC(=O)CC1c2c(ccc3c2C(=O)C(=O)N3C)-c2ccccc2N1C(=O)c1ccccc1,149900.0
CHEMBL259905,OC[C@@H]1N[C@H](CO)[C@@H](O)[C@@H]1O,150000.0
CHEMBL2347145,Cc1ccc(S(=O)(=O)Nc2ccc3c(c2)C(=O)N(Cc2ccc(O)c(O)c2)C3=O)cc1,154400.0
CHEMBL2414828,OC[C@H]1O[C@@H](CNCc2ccccc2O)[C@H](O)[C@@H](O)[C@@H]1O,155600.0
CHEMBL5419404,OC[C@H]1[C@H](O)[C@@H](O)CN1CCCCc1ccccc1,156000.0
CHEMBL379064,COc1cc(-c2oc3cc(O)cc(O)c3c(=O)c2O)ccc1O,160000.0
CHEMBL408355,OC[C@H]1NCC[C@@H]1O,160000.0
CHEMBL2414813,COc1ccc(C(=O)NC[C@@H]2O[C@H](CO)[C@@H](O)[C@H](O)[C@H]2O)c(OC)c1,160100.0
CHEMBL88413,NC1C(O)C(O)C(O)C1(O)CO,162000.0
CHEMBL5422739,COc1c2c(c(C=O)c3c1C(=O)OC3)O[C@]1(C)CC[C@@]3(O)[C@@](C)(COC(C)=O)CCC[C@]3(C)[C@H]1C2,166000.0
CHEMBL5196850,COc1ccc(C(=O)Nc2cccc(C(=O)/C=C3/Nc4ccccc4NC3=O)c2)cc1,166090.0
CHEMBL469844,OC[C@H]1N[C@H](CO)[C@@H](O)[C@H]1O,171000.0
CHEMBL443463,Oc1ccc([C@H]2Oc3cc(O)cc4c3[C@@H]2c2cc(O)cc3c2[C@@H](c2cc(O)cc5c2[C@@H]4[C@H](c2ccc(O)cc2)O5)[C@H](c2ccc(O)cc2)O3)cc1,172000.0
CHEMBL2414835,OC[C@H]1O[C@@H](CNCc2cccs2)[C@H](O)[C@@H](O)[C@@H]1O,172600.0
CHEMBL5269655,COc1ccc2c(c1OC)O[C@H]1c3ccc(O)cc3OC[C@@H]21,174200.0
CHEMBL3827471,Fc1ccc(-c2ccnc3nnnn23)cc1,177600.0
CHEMBL5190584,Cl.O[C@H]1[C@H](CCCc2ccccc2)NC[C@@H]1O,178000.0
CHEMBL2414830,COc1ccc(CNC[C@@H]2O[C@H](CO)[C@@H](O)[C@H](O)[C@H]2O)cc1,179500.0
CHEMBL4522488,O=c1c2ccccc2nc(SCc2cn(Cc3ccc(Br)cc3)nn2)n1CCc1ccccc1,181000.0
CHEMBL2347153,O=C1c2ccccc2C(=O)N1CCNc1ccccc1,184140.0
CHEMBL2414831,COc1ccc(CNC[C@@H]2O[C@H](CO)[C@@H](O)[C@H](O)[C@H]2O)cc1O,185800.0
CHEMBL2414832,COc1cc(CNC[C@@H]2O[C@H](CO)[C@@H](O)[C@H](O)[C@H]2O)ccc1O,186300.0
CHEMBL3397467,CN1C(=O)C(=O)c2c1ccc1c2C(CC(=O)O)Nc2ccccc2-1,187400.0
CHEMBL2347140,Cc1ccc(S(=O)(=O)Nc2ccc3c(c2)C(=O)N(Cc2ccc(Cl)cc2)C3=O)cc1,188200.0
CHEMBL4644688,COc1ccc(CCn2c(SCc3cn(Cc4ccc(Br)cc4)nn3)nc3ccccc3c2=O)cc1OC,192300.0
CHEMBL2347138,Cc1ccc(S(=O)(=O)Nc2ccc3c(c2)C(=O)N(Cc2ccc(F)cc2)C3=O)cc1,194020.0
CHEMBL2347139,Cc1ccc(S(=O)(=O)Nc2ccc3c(c2)C(=O)N(Cc2ccccc2F)C3=O)cc1,194610.0
CHEMBL5282683,C=C(C)/C=C/C1(C)C=CC2=C(O1)C(CC=C(C)C)=C1O[C@]34C(C(=O)[C@@H]1C2O)[C@@H](O)[C@@H]1C[C@H]3C(C)(C)O[C@@]4(C/C=C(\C)C(=O)O)C1=O,194700.0
CHEMBL384120,Oc1ccc([C@@H]2c3c(O)cc(O)cc3[C@@H]3c4c(cc(O)cc4[C@H]2[C@@H]2c4cc(O)cc5c4[C@@H](c4cc(O)cc(O)c4[C@H]2c2ccc(O)cc2)[C@H](c2ccc(O)cc2)O5)O[C@H]3c2ccc(O)cc2)cc1,195000.0
CHEMBL5282250,COc1ccc(CCc2cc(O)c(O)c(OC)c2)cc1,199500.0
CHEMBL2347147,Cc1ccc(S(=O)(=O)Nc2ccc3c(c2)C(=O)N(N2CCOCC2)C3=O)cc1,200000.0
CHEMBL2347148,Cc1ccc(S(=O)(=O)Nc2ccc3c(c2)C(=O)N(N2CCCCC2)C3=O)cc1,200000.0
CHEMBL2347135,Cc1ccc(S(=O)(=O)Nc2ccc3c(c2)C(=O)N(CCCBr)C3=O)cc1,200000.0
CHEMBL2347134,Cc1ccc(S(=O)(=O)Nc2ccc3c(c2)C(=O)N(CCBr)C3=O)cc1,200000.0
CHEMBL1823114,C/C=C/C1=CC2=CC(=O)[C@@](C)(OC(=O)c3c(C)cc(O)cc3O)C(=O)C2=CO1,200000.0
CHEMBL2347136,Cc1ccc(S(=O)(=O)Nc2ccc3c(c2)C(=O)N(CCCCBr)C3=O)cc1,200000.0
CHEMBL2011648,C/C=C/C1=CC2=CC(=O)[C@@](C)(O)[C@@H](OC(=O)c3c(C)cc(O)cc3O)[C@@H]2CO1,200000.0
CHEMBL2347156,Cc1ccc(S(=O)(=O)Nc2ccc3c(c2)C(=O)N(C)C3=O)cc1,200000.0
CHEMBL3609760,Cc1cc(O)cc(O)c1C(=O)O[C@]1(C)C(=O)C=C2C=C(/C=C/CO)OC=C2C1=O,200000.0
CHEMBL4211349,COC(=O)C1=CC2=CC(=O)[C@@](C)(O)[C@@H](OC(=O)c3c(C)cc(O)cc3O)[C@@H]2CO1,200000.0
CHEMBL2347143,Cc1ccc(S(=O)(=O)Nc2ccc3c(c2)C(=O)N(Cc2ccc(C#N)cc2)C3=O)cc1,200000.0
CHEMBL2347137,Cc1ccc(S(=O)(=O)Nc2ccc3c(c2)C(=O)N(Cc2ccccc2)C3=O)cc1,200000.0
CHEMBL4206469,COC(OC)C1=CC2=CC(=O)[C@@](C)(O)[C@@H](OC(=O)c3c(C)cc(O)cc3O)[C@@H]2CO1,200000.0
CHEMBL4210842,COC(=O)CCC1=CC2=CC(=O)[C@@](C)(O)[C@@H](OC(=O)c3c(C)cc(O)cc3O)[C@@H]2CO1,200000.0
CHEMBL4207941,Cc1cc(O)cc(O)c1C(=O)O[C@H]1C2=COC(/C=C/CO)=CC2=CC(=O)[C@@]1(C)O,200000.0
CHEMBL4203057,Cc1cc(O)cc(O)c1C(=O)O[C@H]1[C@@H]2COC(/C=C/C(=O)O)=CC2=CC(=O)[C@@]1(C)O,200000.0
CHEMBL2011647,Cc1cc(O)cc(O)c1C(=O)O[C@H]1[C@@H]2COC(/C=C/CO)=CC2=CC(=O)[C@@]1(C)O,200000.0
CHEMBL2335914,O=c1cc(-c2ccc(O)c(O)c2)c2c(O)cc(O)cc2o1,208000.0
CHEMBL5268429,C=C(C)/C=C/[C@]1(C)C=CC2=C(O1)C(CC=C(C)C)=C1O[C@]34C(=C[C@@H]5C[C@H]3C(C)(C)O[C@@]4(CC=C(C)C)C5=O)C(=O)[C@@H]1C2O,209200.0
CHEMBL1939273,CC(=O)[C@H]1OC(=O)c2cc(O)cc(O)c2[C@@H]1c1ccc(O)c(O)c1,211000.0
CHEMBL5266364,COc1cc(CCc2cccc(O)c2)cc(O)c1O,213900.0
CHEMBL5410699,Clc1ccc(C2=NOC(c3ccccc3)N2c2ccc(Cl)cc2)cc1,215000.0
CHEMBL1939277,Oc1ccc([C@H]2c3c(O)cc(O)cc3[C@H]3c4c(cc(O)c5c4[C@H]2[C@@H](c2cc(O)cc4c2[C@@H](c2cc(O)cc(O)c2)[C@H](c2ccc(O)cc2)O4)[C@@H]5c2ccc(O)cc2)O[C@@H]3c2ccc(O)cc2)cc1,218000.0
CHEMBL179409,OC[C@@H]1NC[C@H](O)[C@@H](O)[C@H]1O,220000.0
CHEMBL488156,OC[C@H](O)[C@H]1N[C@H](CO)[C@@H](O)[C@@H]1O,220000.0
CHEMBL3264733,CCOc1cc(C(c2c(O)c3cc(C)ccc3oc2=O)c2c(O)c3cc(C)ccc3oc2=O)ccc1O,221060.0
CHEMBL1818436,OC[C@@H]1NCC[C@@H](O)[C@H]1O,225000.0
CHEMBL1933097,C[C@H]1CNC[C@@H](O)[C@@H](O)[C@@H]1O.Cl,226000.0
CHEMBL5283938,CC(C)=CC/C(C)=C/Cc1c(O)c(CC=C(C)C)c2oc3c(O)ccc(O)c3c(=O)c2c1O,227000.0
CHEMBL476084,Oc1ccc(-c2oc3cc(O)cc4c3c2-c2cc(O)cc(O)c2[C@H](c2ccc(O)cc2)[C@H]4O)cc1,231000.0
CHEMBL2414750,COc1ccc(C(=O)NC[C@@H]2O[C@H](CO)[C@@H](O)[C@H](O)[C@H]2O)cc1,231300.0
CHEMBL2368899,Oc1ccc([C@@H]2c3c(O)cc(O)cc3[C@@H]3c4c(cc(O)c5c4[C@@H]2[C@H](c2ccc(O)cc2)[C@H]5c2cc(O)cc4c2[C@@H](c2cc(O)cc(O)c2)[C@H](c2ccc(O)cc2)O4)O[C@H]3c2ccc(O)cc2)cc1,233000.0
CHEMBL4873737,CCCC[C@@]1(CO)NC[C@H](O)[C@@H](O)[C@@H]1O.Cl,242000.0
CHEMBL3114757,Oc1ccc([C@@H]2Oc3cc(O)ccc3[C@H](c3c(O)cc(O)c4c3O[C@H](c3ccc(O)c(O)c3)[C@H](O)C4)[C@H]2O)cc1,250000.0
CHEMBL5410641,Fc1ccc(C2=NOC(c3ccccc3)N2c2ccc(F)cc2)cc1,256000.0
CHEMBL5267228,COc1ccc(O)c2c(=O)c3c(O[C@H]4O[C@@H](CO)[C@H](O[C@H]5O[C@@H](CO)[C@H](O)[C@H](O)[C@@H]5O)[C@H](O)[C@@H]4O)cc(O)c(OC)c3oc12,258000.0
CHEMBL5271822,COC(=O)c1c(O)ccc2oc3cc(C(=O)O)cc(O)c3c(=O)c12,260000.0
CHEMBL471888,OCCN1[C@H](CO)[C@@H](O)[C@H](O)[C@H]1CO,260000.0
CHEMBL2414745,O=C(NC[C@@H]1O[C@H](CO)[C@@H](O)[C@H](O)[C@H]1O)c1cccc([N+](=O)[O-])c1,261500.0
CHEMBL5181276,Cl.O[C@H]1[C@H](O)CN[C@@H]1CCCc1ccccc1,264000.0
CHEMBL3409641,CCOC(=O)C1=C(C)NC(C)=C(C(=O)OCC)C1c1ccc(O)c(O)c1,273700.0
CHEMBL4571630,COc1ccc(C2SCC(=O)N2c2ccc3nc(Cc4ccc(O)cc4)c(=O)[nH]c3c2)cc1,276270.0
CHEMBL2047550,C=C1C(=O)O[C@@H]2C[C@@H](C)/C=C\C(=O)[C@](C)(O)[C@H](OC(C)=O)[C@@H](OC(=O)/C(C)=C/C)[C@@H]12,280000.0
CHEMBL5288072,C=C(C)/C=C/[C@@]1(C)C=CC2=C(O1)C(CC=C(C)C)=C1O[C@]34C(C(=O)[C@@H]1C2O)[C@@H](OC)[C@@H]1C[C@H]3C(C)(C)O[C@@]4(C/C=C(\C)C(=O)O)C1=O,282700.0
CHEMBL3397464,COC(=O)CC1Nc2ccccc2-c2ccc3c(c21)C(=O)C(=O)N3C,287200.0
CHEMBL408278,OC[C@H]1SC[C@@H](O)[C@@H]1O,290000.0
CHEMBL5402910,COc1ccc(C2=NOC(c3ccccc3)N2c2ccc(OC)cc2)cc1,295000.0
CHEMBL86865,OC1C(O)C2N=C(Nc3ccccc3)OC2C1O,300000.0
CHEMBL5266017,CC(C)=CCC/C(C)=C/Cc1c(C)c(CC=C(C)C)c2c(c1O)C(=O)C1=C[C@@H]3C[C@H]4C(C)(C)O[C@@](C/C=C(\C)C(=O)O)(C3=O)[C@@]14O2,300000.0
CHEMBL5275679,C=C(C)C1CCC2(C)CC1c1c(O)c3c(c(CC=C(C)C)c1O2)O[C@]12C(=C[C@@H]4C[C@H]1C(C)(C)O[C@@]2(C/C=C(\C)C(=O)O)C4=O)C3=O,300000.0
CHEMBL5290668,CC(C)=CCC/C(C)=C/Cc1c(C)c(CC=C(C)C)c2c(c1O)C(=O)C1=C[C@@H]3C[C@H]4C(C)(C)O[C@@](CC=C(C)C)(C3=O)[C@@]14O2,300000.0
CHEMBL5280381,C=C(C)/C=C/[C@@]1(C)C=CC2=C(O1)C(CC=C(C)C)=C1O[C@]34C(C(=O)[C@@H]1C2O)[C@@H](OCC)[C@@H]1C[C@H]3C(C)(C)O[C@@]4(C/C=C(\C)C(=O)O)C1=O,300000.0
CHEMBL5282980,C=C(C)/C=C/[C@@]1(C)C=CC2=C(O1)C(CC=C(C)C)=C1O[C@]34C(=C[C@@H]5C[C@H]3C(C)(C)O[C@@]4(CC=C(C)C)C5=O)C(=O)[C@@H]1C2O,300000.0
CHEMBL39,NCCc1c[nH]c2ccc(O)cc12,300000.0
CHEMBL456077,OCC(O)[C@H]1N[C@H](CO)[C@@H](O)[C@@H]1O,300000.0
CHEMBL2238165,O=C(CCc1ccc(O)c(O)c1)NCCc1c[nH]c2ccc(O)cc12,300000.0
CHEMBL1760549,COc1ccc(/C=C/C(=O)NCCc2c[nH]c3ccc(O)cc23)cc1O,300000.0
CHEMBL27246,O=C(O)/C=C/c1ccccc1,300000.0
CHEMBL2238164,O=C(CCc1ccc(O)cc1)NCCc1c[nH]c2ccc(O)cc12,300000.0
CHEMBL2234055,O=C(CCc1ccccc1)NCCc1c[nH]c2ccc(O)cc12,300000.0
CHEMBL1760548,COc1ccc(/C=C/C(=O)NCCc2c[nH]c3ccc(O)cc23)cc1,300000.0
CHEMBL66879,O=C(O)/C=C/c1ccc(O)cc1,300000.0
CHEMBL2238167,COc1cc(CCC(=O)NCCc2c[nH]c3ccc(O)cc23)cc(OC)c1O,300000.0
CHEMBL1760550,COc1ccc(/C=C/C(=O)NCCc2c[nH]c3ccc(O)cc23)cc1OC,300000.0
CHEMBL2238166,COc1cc(CCC(=O)NCCc2c[nH]c3ccc(O)cc23)ccc1O,300000.0
CHEMBL3397468,COC(=O)CC1c2c(ccc3c2C(=O)C(=O)N3C)-c2ccccc2N1C(C)=O,300000.0
CHEMBL32749,COc1cc(/C=C/C(=O)O)ccc1O,300000.0
CHEMBL3397474,COC(=O)CC1Nc2ccccc2-c2ccc3c(c21)C1(OCC(C)(C)CO1)C(=O)N3C,300000.0
CHEMBL5276837,CC(C)=CCC1=C2O[C@]34C(C[C@@H]5C[C@H]3C(C)(C)O[C@@]4(C/C=C(\C)C(=O)O)C5=O)C(=O)[C@@H]2C(O)C2=C1OC(C)C=C2,300000.0
CHEMBL5187552,CC(C)c1nc2ccc(N3C(=O)CSC3c3ccc([N+](=O)[O-])cc3)cc2[nH]c1=O,301150.0
CHEMBL230152,CC[C@@H](C)[C@@H]1NC(=O)[C@H](Cc2ccccc2)N2C(=O)C[C@H](NC(=O)[C@H](Cc3ccccc3)NC(=O)CNC(=O)[C@@H]3CCCN3C(=O)[C@H](CC(C)C)NC1=O)C2=O,305000.0
CHEMBL2409322,O[C@H]1CCCN2C[C@H](O)[C@H]12,307000.0
CHEMBL3827315,O=[N+]([O-])c1ccc(-c2ccnc3nnnn23)cc1,307500.0
CHEMBL311498,Oc1cc(O)c2c(c1)O[C@H](c1ccc(O)c(O)c1)[C@@H](O)C2,310000.0
CHEMBL2414816,O=C(NC[C@@H]1O[C@H](CO)[C@@H](O)[C@H](O)[C@H]1O)c1cccs1,324600.0
CHEMBL1209027,O=S(=O)([O-])OC[C@H](O)C[S@+]1C[C@@H](O)[C@H](O)[C@H]1CO,329000.0
CHEMBL1684164,O=S(=O)([O-])OC[C@@H](O)C[S@+]1C[C@@H](O)[C@H](O)[C@H]1CO,329000.0
CHEMBL5188105,Cl.O[C@H]1[C@H](O)CN[C@@H]1c1ccc(F)cc1,339000.0
CHEMBL498968,CC(O)CC(O)[C@@H]1CC[C@@H]2[C@H](O)[C@H](O)[C@@H](CO)N21,350000.0
CHEMBL3222210,CCN(CC)[C@H]1C[C@@H](O)[C@H](O)[C@@H](O)[C@H]1O,360000.0
CHEMBL2418238,COc1ccc(/C=C/C(=O)O[C@H]2C[C@@H](O)[C@H](O)[C@@H](O)[C@H]2O)cc1O,367150.0
CHEMBL3264720,COc1cc(C(c2c(O)c3cc(C)ccc3oc2=O)c2c(O)c3cc(C)ccc3oc2=O)cc(OC)c1OC,385990.0
CHEMBL468396,COc1cc(O)c2c(=O)c3c(O[C@@H]4O[C@H](CO)[C@@H](O)[C@H](O)[C@H]4O)ccc(O)c3oc2c1,389000.0
CHEMBL5172703,Cc1ccc([C@@H]2NC[C@H](O)[C@H]2O)cc1.Cl,389000.0
CHEMBL1641740,CCCC[C@H]1N[C@@H](CO)[C@H](O)[C@H]1O,392000.0
CHEMBL5287620,COc1cc(O)c2c(=O)c3c(O)c(O[C@H]4O[C@@H](CO)[C@H](O)[C@H](O)[C@@H]4O)ccc3oc2c1OC,394900.0
CHEMBL479711,Oc1ccc([C@H]2c3c(O)cc(O)cc3[C@@H]3c4c(cc(O)cc4[C@H]2O)O[C@H]3c2ccc(O)cc2)cc1,400000.0
CHEMBL1224886,Oc1ccc([C@@H]2c3c(O)cc(O)cc3[C@@H]3c4c(ccc(O)c4O[C@H]3c3ccc(O)cc3)[C@H]2O)cc1,400000.0
CHEMBL1939430,O=C1c2cc(O)cc(O)c2[C@H](c2ccc(O)cc2)[C@H](O)c2cc(O)cc(O)c21,400000.0
CHEMBL1939432,OC[C@H]1O[C@@H](c2c(O)cc(O)cc2/C=C\c2ccc(O)cc2)[C@H](O)[C@@H](O)[C@@H]1O,400000.0
CHEMBL1939431,OC[C@H]1O[C@@H](c2c(O)cc(O)cc2/C=C/c2ccc(O)cc2)[C@H](O)[C@@H](O)[C@@H]1O,400000.0
CHEMBL142652,OC[C@H]1O[C@@H](Oc2cc(O)cc(/C=C/c3ccc(O)cc3)c2)[C@H](O)[C@@H](O)[C@@H]1O,400000.0
CHEMBL165,Oc1ccc(/C=C/c2cc(O)cc(O)c2)cc1,400000.0
CHEMBL1939272,CC(=O)[C@@H]1OC(=O)c2cc(O)cc(O)c2[C@@H]1c1ccc(O)c(O)c1,400000.0
CHEMBL1939271,C[C@H](O)[C@H]1OC(=O)c2cc(O)cc(O)c2[C@@H]1c1ccc(O)cc1,400000.0
CHEMBL1939275,CC(=O)[C@H]1OC(=O)c2cc(O)cc(O)c2[C@@H]1c1ccc(O)cc1,400000.0
CHEMBL448529,Oc1ccc([C@@H]2c3cc(O)ccc3[C@@H]3c4c(O)cc(O)cc4[C@@H]2c2c(O)cc(O)c4c2[C@@H]3[C@@H](c2ccc(O)cc2)[C@@H]4c2cc(O)cc(O)c2)cc1,400000.0
CHEMBL1939274,CC(=O)[C@@H]1OC(=O)c2cc(O)cc(O)c2[C@@H]1c1ccc(O)cc1,400000.0
CHEMBL4127208,C[C@@H]1CC[C@@]23COC(=O)C2=C[C@@H](O[C@@H]2O[C@H](CO)[C@@H](O)[C@H](O)[C@H]2O)C[C@@H]3[C@]1(C)CCc1ccoc1,400000.0
CHEMBL2035562,COC(=O)[C@]1(Cc2ccc3c(c2)C[C@H](C(C)(C)O)O3)OC(=O)C(O)=C1c1ccc(O)cc1,400000.0
CHEMBL1213875,Oc1cc(O)c2c(c1)O[C@@]1(c3ccc(O)c(O)c3)Oc3cc(O)c4c(c3[C@@H]2[C@H]1O)O[C@@H](c1ccc(O)c(O)c1)[C@H](O)[C@H]4c1c(O)cc(O)c2c1O[C@H](c1ccc(O)c(O)c1)[C@H](O)C2,400000.0
CHEMBL2337339,O=C1O/C(=C\c2ccc(O)cc2)C(O)=C1c1ccc(O)cc1,400000.0
CHEMBL2414744,O=C(NC[C@@H]1O[C@H](CO)[C@@H](O)[C@H](O)[C@H]1O)c1ccc(F)cc1,403500.0
CHEMBL5429141,CCCCCCCN1C[C@H](O)[C@@H](O)[C@@H]1CO,409000.0
CHEMBL3222204,CCCCCCCCCCN[C@H]1C[C@@H](O)[C@H](O)[C@@H](O)[C@H]1O,410000.0
CHEMBL1169500,OC[C@H]1N[C@H](CO)[C@H](O)C(O)[C@H]1O,410000.0
CHEMBL5278838,COc1ccc(O)c2c(=O)c3c(O[C@H]4O[C@@H](CO[C@H]5OC[C@@H](O)[C@H](O)[C@H]5O)[C@H](O)[C@H](O)[C@@H]4O)cc(O)c(OC)c3oc12,417000.0
CHEMBL2047549,CC1(C)C=Cc2c(ccc(C(=O)CO)c2O)O1,420000.0
CHEMBL3827998,Clc1ccc(-c2ccnc3nnnn23)cc1,421200.0
CHEMBL3827130,c1ccc(-c2ccnc3nnnn23)cc1,422300.0
CHEMBL501490,Oc1cc(O)c2c(c1)O[C@H](c1ccc(O)c(O)c1)[C@@H](O)[C@@H]2c1c(O)cc(O)c2c1O[C@H](c1ccc(O)c(O)c1)[C@@H](O)C2,430000.0
CHEMBL5275569,COc1c(OC)c(O[C@H]2O[C@@H](CO[C@H]3OC[C@@H](O)[C@H](O)[C@H]3O)[C@H](O)[C@H](O)[C@@H]2O)c2c(=O)c3c(O)ccc(OC)c3oc2c1OC,442000.0
CHEMBL3827977,O=c1oc2ccccc2cc1-c1ccnc2nnnn12,446100.0
CHEMBL1088291,CCCCN1C[C@H](O)[C@@H](O)[C@@H](O)[C@@H]1CO,450000.0
CHEMBL5282409,OC[C@@H]1[C@@H](O)[C@H](O)[C@H]2C[C@H](O)CN12,466000.0
CHEMBL2414743,O=C(NC[C@@H]1O[C@H](CO)[C@@H](O)[C@H](O)[C@H]1O)c1ccc(Cl)cc1Cl,466300.0
CHEMBL2414747,O=C(NC[C@@H]1O[C@H](CO)[C@@H](O)[C@H](O)[C@H]1O)c1ccccc1O,470500.0
CHEMBL2414748,COc1ccccc1C(=O)NC[C@@H]1O[C@H](CO)[C@@H](O)[C@H](O)[C@H]1O,471400.0
CHEMBL5285008,COc1ccc(O)c2c(=O)c3c(O[C@H]4O[C@@H](CO[C@@H]5O[C@@H](CO)[C@H](O)[C@H](O)[C@@H]5O)[C@H](O)[C@H](O)[C@@H]4O)cc(O)c(OC)c3oc12,478000.0
CHEMBL3114756,Oc1ccc([C@H]2Oc3cc(O)ccc3[C@H](c3c(O)cc(O)c4c3O[C@H](c3ccc(O)c(O)c3)[C@H](O)C4)[C@H]2O)cc1,480000.0
CHEMBL2418234,O=C(/C=C/c1ccc(O)c(O)c1)O[C@H]1C[C@@H](O)[C@H](O)[C@@H](O)[C@H]1O,497480.0
CHEMBL2414742,O=C(NC[C@@H]1O[C@H](CO)[C@@H](O)[C@H](O)[C@H]1O)c1ccccc1,499200.0
CHEMBL3103089,Cc1ccc(C(=O)N/N=C2/c3ccccc3-c3nc4ccccc4nc32)cc1,500000.0
CHEMBL244743,O=c1ccc2cc(O)c(O)cc2o1,500000.0
CHEMBL5289610,COc1cc(O)c2c(=O)c3c(O)c(C4O[C@@H](O)[C@H](O)[C@H](O[C@@H]5O[C@@H](C)[C@@H](O)[C@@H](O)[C@@H]5O)[C@@H]4O[C@@H]4O[C@@H](C)[C@H](O)[C@@H](O)[C@H]4O)ccc3oc2c1,500000.0
CHEMBL307145,Oc1cccc(O)c1O,500000.0
CHEMBL5270478,COc1cc(O)c2c(=O)c3c(OC)cc(O)cc3oc2c1OC,500000.0
CHEMBL1088292,OC[C@H]1[C@H](O)[C@H](O)[C@@H](O)CN1CCCCCOCC12CC3CC(CC(C3)C1)C2,500000.0
CHEMBL257289,N[C@H]1[C@H](O)CCC[C@@H]1O,500000.0
CHEMBL270197,Nc1ccc(O)cc1O,500000.0
CHEMBL467590,COc1cc(O)c2c(=O)c3c(OC)c(O)ccc3oc2c1,500000.0
CHEMBL1641745,CCCCCCCC[C@H]1N[C@@H](CO)[C@H](O)[C@H]1O,500000.0
CHEMBL512072,O=c1c2c(O)cc(O)cc2oc2c(O)ccc(O[C@@H]3O[C@H](CO)[C@@H](O)[C@H](O)[C@H]3O)c12,500000.0
CHEMBL5271561,O=C(Nc1sc2c(c1C(=O)NCc1cccnc1)CCCC2)c1cccnc1,507000.0
CHEMBL3114755,Oc1ccc2c(c1)O[C@H](c1ccc(O)c(O)c1)[C@@H](O)[C@@H]2c1c(O)cc2c(c1O)C[C@H](O)[C@@H](c1ccc(O)c(O)c1)O2,520000.0
CHEMBL2414815,O=C(NC[C@@H]1O[C@H](CO)[C@@H](O)[C@H](O)[C@H]1O)c1ccco1,534400.0
CHEMBL5271015,COc1ccc(O)c2c(=O)c3c(O[C@H]4O[C@@H](CO)[C@H](O)[C@H](O)[C@@H]4O)cc(O)c(OC)c3oc12,578000.0
CHEMBL5169411,Cl.O[C@@H]1[C@@H](O)CN[C@H]1c1ccc(-c2ccccc2)cc1,580000.0
CHEMBL3827530,c1ccc(-c2ccnc3nnnn23)nc1,591200.0
CHEMBL1651554,CCCCCCN1C[C@H](O)[C@@H](O)[C@H](O)[C@@H]1CO,600000.0
CHEMBL5199608,Cl.O[C@@H]1[C@@H](O)CN[C@H]1c1ccccc1,603000.0
CHEMBL5413255,C=C(C)[C@@H](C)CC[C@@H](C)[C@H]1CC[C@@]2(C)[C@@H]3CC[C@H]4[C@H](C)C(=O)CC[C@@]45C[C@@]35CC[C@]12C,603800.0
CHEMBL583912,Oc1cc(O)c2c(c1)O[C@H](c1ccc(O)c(O)c1)[C@H](O)C2,650000.0
CHEMBL1163254,CC[C@H]1CC[C@@H](O)[C@@H](CO[C@@H]2O[C@H](CO)[C@@H](O)[C@H](O)[C@H]2O)N1,670000.0
CHEMBL469435,OCC(O)CCCCC(O)CC(O)CCC[C@@H](O)[C@H]1N[C@H](CO)[C@@H](O)[C@@H]1O,740000.0
CHEMBL2414749,O=C(NC[C@@H]1O[C@H](CO)[C@@H](O)[C@H](O)[C@H]1O)c1ccc(O)cc1,757800.0
CHEMBL5408612,Cl.OC[C@@H]1N[C@@H](CCCCCCCc2ccccc2)[C@H](O)[C@H]1O,802000.0
CHEMBL178597,O=C(CO)NCC1OC(CO)C(O)C(O)C1O,851000.0
CHEMBL5185365,OC[C@@]1(c2ccccc2)NC[C@@H](O)[C@@H]1O,904000.0
CHEMBL1076754,CCCCN1C[C@H](O)[C@@H](O)[C@H](O)[C@@H]1CO,1000000.0
CHEMBL1651638,CCCCCCCCOCCCCCN1C[C@H](O)[C@@H](O)[C@H](O)[C@@H]1CO,1000000.0
CHEMBL1651639,CCCCCCCCCOCCCCCN1C[C@H](O)[C@@H](O)[C@H](O)[C@@H]1CO,1000000.0
CHEMBL1086996,OC[C@H]1[C@@H](O)[C@H](O)[C@@H](O)CN1CCCCCOCC12CC3CC(CC(C3)C1)C2,1000000.0
CHEMBL577370,O=C(CCCCOCC12CC3CC(CC(C3)C1)C2)N[C@@H]1[C@H]2O[C@H](CO)[C@@H](O)[C@H](O)[C@@H]12,1000000.0
CHEMBL584580,CCCC(=O)N[C@@H]1[C@H]2O[C@H](CO)[C@@H](O)[C@H](O)[C@@H]12,1000000.0
CHEMBL573995,OC[C@H]1O[C@@H]2[C@@H](NCCCCCOCC34CC5CC(CC(C5)C3)C4)[C@@H]2[C@@H](O)[C@@H]1O,1000000.0
CHEMBL583176,CCCCN[C@@H]1[C@H]2O[C@H](CO)[C@@H](O)[C@H](O)[C@@H]12,1000000.0
CHEMBL574865,N[C@@H]1[C@H]2O[C@H](CO)[C@@H](O)[C@H](O)[C@@H]12,1000000.0
CHEMBL152232,CCCCN1CC(O)C(O)C(O)C1,1000000.0
CHEMBL356023,CCCCN1CC(C)C(O)C(O)C1,1000000.0
CHEMBL150938,C=C1CNCC(O)C1O,1000000.0
CHEMBL357108,CC1CNCC(O)C1O,1000000.0
CHEMBL110830,O[C@H]1[C@H](O)CNC[C@@H]1O,1000000.0
CHEMBL414447,COC1CNCC(O)C1O,1000000.0
CHEMBL1651555,CCCCCCCN1C[C@H](O)[C@@H](O)[C@H](O)[C@@H]1CO,1000000.0
CHEMBL1651553,CCCCCN1C[C@H](O)[C@@H](O)[C@H](O)[C@@H]1CO,1000000.0
CHEMBL3114760,CC1(C)[C@@H](O)CC[C@]2(C)[C@H]3CC[C@@H]4C=C[C@H](O)[C@@]4(C)[C@]3(C)CC[C@@H]12,1000000.0
CHEMBL1651636,CCCCCCOCCCCCN1C[C@H](O)[C@@H](O)[C@H](O)[C@@H]1CO,1000000.0
CHEMBL1651635,CCCCCOCCCCCN1C[C@H](O)[C@@H](O)[C@H](O)[C@@H]1CO,1000000.0
CHEMBL1651634,CCCCOCCCCCN1C[C@H](O)[C@@H](O)[C@H](O)[C@@H]1CO,1000000.0
CHEMBL1651637,CCCCCCCOCCCCCN1C[C@H](O)[C@@H](O)[C@H](O)[C@@H]1CO,1000000.0
CHEMBL1651627,CCCCCCCCCN1C[C@H](O)[C@@H](O)[C@H](O)[C@@H]1CO,1000000.0
CHEMBL3114754,CC1=CC(=O)CC(C)(C)/C1=C\CC(C)O[C@@H]1O[C@H](CO)[C@@H](O)[C@H](O)[C@H]1O,1000000.0
CHEMBL3114759,CC1(C)C=C(C=O)[C@]2(C)[C@H]3CC=C4[C@@H]5[C@H](O)C(C)(C)CC[C@]5(C(=O)O)CC[C@@]4(C)[C@]3(C)CC[C@@H]12,1000000.0
CHEMBL3114752,CC1=CC(=O)CC(C)(C)[C@H]1/C=C/[C@@H](C)O[C@@H]1O[C@H](CO)[C@@H](O)[C@H](O)[C@H]1O,1000000.0
CHEMBL1808110,CC1=CC(=O)CC(C)(C)[C@H]1/C=C/[C@H](C)O[C@@H]1O[C@H](CO)[C@@H](O)[C@H](O)[C@H]1O,1000000.0
CHEMBL3114753,CC1=CC(=O)CC(C)(C)/C1=C/CC(C)O[C@@H]1O[C@H](CO)[C@@H](O)[C@H](O)[C@H]1O,1000000.0
CHEMBL5287903,COc1ccc(O)c2c(=O)c3c(O)cc(O[C@H]4O[C@@H](CO)[C@H](O)[C@H](O)[C@@H]4O)cc3oc12,1000000.0
CHEMBL5279086,COc1cccc2c(=O)c3c(O)cc(O[C@H]4O[C@@H](CO)[C@H](O)[C@H](O)[C@@H]4O)c(OC)c3oc12,1000000.0
CHEMBL5291141,COc1c(OC)c(O)c2c(=O)c3c(O[C@H]4O[C@@H](CO[C@H]5OC[C@@H](O)[C@H](O)[C@H]5O)[C@H](O)[C@H](O)[C@@H]4O)ccc(OC)c3oc2c1OC,1000000.0
CHEMBL3827382,c1csc(-c2ccnc3nnnn23)c1,1011900.0
CHEMBL5192355,Cc1ccc([C@H]2NC[C@@H](O)[C@@H]2O)cc1.Cl,1213000.0
CHEMBL5172902,COc1cc2c(c(O)c1CO)C(=O)OC[C@@H]2O,1410000.0
CHEMBL3828529,Oc1ccccc1-c1ccnc2nnnn12,1739000.0
CHEMBL3621761,O=C1C[C@@H](c2ccccc2)Oc2c1c(O)cc(O)c2[C@@H]1O[C@H](CO)[C@@H](O)[C@H](O)[C@H]1O,1851160.0
CHEMBL4061367,CCCCN1C[C@@H](O)[C@H](O)[C@@H](O)[C@@H]1CO,2000000.0
CHEMBL572981,OCCN1C[C@@H](F)[C@@H](O)[C@H](O)[C@H]1CO,2100000.0
CHEMBL1765390,CCC/C=C1/OC(=O)c2ccccc21,2350000.0
CHEMBL4529229,COC(=O)c1cc(O)cc2oc3cc(C)cc(O)c3c(=O)c12,2980000.0
CHEMBL3349573,O=S(=O)([O-])O[C@H](CO)[C@@H](O)C[S@+]1C[C@@H](O)[C@H](O)[C@@H]1CO,3400000.0
CHEMBL5272468,O=C(C1=C(c2ccccc2O)Oc2[nH]c(=S)[nH]c(=O)c2C1c1ccc(O)cc1)N1CCCCC1,3553000.0
CHEMBL5285447,Cc1ccc(C2C(C(=O)N3CCCCC3)=C(c3ccccc3O)Oc3[nH]c(=S)[nH]c(=O)c32)cc1,4000000.0
CHEMBL5266328,O=C(C1=C(c2ccccc2O)Oc2[nH]c(=S)[nH]c(=O)c2C1c1ccc(Cl)cc1)N1CCCCC1,4021000.0
CHEMBL5278862,O=C(C1=C(c2ccccc2O)Oc2[nH]c(=S)[nH]c(=O)c2C1c1ccc(F)cc1)N1CCCCC1,4101000.0
CHEMBL5266358,COc1cc(C2C(C(=O)N3CCCCC3)=C(c3ccccc3O)Oc3[nH]c(=S)[nH]c(=O)c32)ccc1O,4862000.0
CHEMBL5279919,COc1ccc(C2C(C(=O)N3CCCCC3)=C(c3ccccc3O)Oc3[nH]c(=S)[nH]c(=O)c32)cc1,5223000.0
CHEMBL5270068,O=C(C1=C(c2ccccc2O)Oc2[nH]c(=S)[nH]c(=O)c2C1c1cc2ccccc2cc1O)N1CCCCC1,5337000.0
CHEMBL5272008,O=C(C1=C(c2ccccc2O)Oc2[nH]c(=S)[nH]c(=O)c2C1c1ccccc1O)N1CCCCC1,6197000.0
CHEMBL5290916,O=C(C1=C(c2ccccc2O)Oc2[nH]c(=S)[nH]c(=O)c2C1c1ccc(Br)cc1)N1CCCCC1,6855000.0
CHEMBL5271257,O=C(C1=C(c2ccccc2O)Oc2[nH]c(=S)[nH]c(=O)c2C1c1ccccc1)N1CCCCC1,7745000.0
CHEMBL5281130,COc1cc([C@@H]2Oc3cc(CCc4ccc(O)cc4)cc(OC)c3O[C@H]2CO)cc(OC)c1O,9460000.0
CHEMBL2333940,CC(=O)O[C@]1(C)CC[C@@]23C[C@H]1C(C)(C)[C@@H]2CC[C@H]3C,94000000.0
CHEMBL1974890,C[C@@H]1CC[C@H]2C(C)(C)[C@H]3C[C@@]12CC[C@@]3(C)O,130000000.0
CHEMBL2333939,CC(=O)O[C@]1(C)C[C@H](O)[C@@]23C[C@H]1C(C)(C)[C@@H]2CC[C@]3(C)O,690000000.0
